solid OpenSCAD_Model
  facet normal -0.941544 0 0.33689
    outer loop
      vertex -5.72805 -22.5 2.37264
      vertex -5.93303 -3.42544 1.79976
      vertex -5.93303 -22.5 1.79976
    endloop
  endfacet
  facet normal -0.941544 0 0.33689
    outer loop
      vertex -5.93303 -3.42544 1.79976
      vertex -5.72805 -22.5 2.37264
      vertex -5.72805 -3.30709 2.37264
    endloop
  endfacet
  facet normal 0.989178 -0 0.146723
    outer loop
      vertex 6.08087 -22.5 1.20956
      vertex 6.15604 -3.55419 0.702777
      vertex 6.08087 -3.51079 1.20956
    endloop
  endfacet
  facet normal 0.989165 2.31279e-06 0.146807
    outer loop
      vertex 6.08087 -22.5 1.20956
      vertex 6.17015 -3.56233 0.607706
      vertex 6.15604 -3.55419 0.702777
    endloop
  endfacet
  facet normal 0.989176 0 0.146736
    outer loop
      vertex 6.17015 -3.56233 0.607706
      vertex 6.08087 -22.5 1.20956
      vertex 6.17015 -22.5 0.607706
    endloop
  endfacet
  facet normal 0.998796 -0 0.0490638
    outer loop
      vertex 6.17015 -22.5 0.607706
      vertex 6.17488 -3.56507 0.511417
      vertex 6.17015 -3.56233 0.607706
    endloop
  endfacet
  facet normal 0.998796 -2.29696e-08 0.0490593
    outer loop
      vertex 6.17015 -22.5 0.607706
      vertex 6.2 -3.57957 0
      vertex 6.17488 -3.56507 0.511417
    endloop
  endfacet
  facet normal 0.998796 0 0.04906
    outer loop
      vertex 6.2 -3.57957 0
      vertex 6.17015 -22.5 0.607706
      vertex 6.2 -22.5 0
    endloop
  endfacet
  facet normal 0.427555 0 -0.903989
    outer loop
      vertex 2.37264 -22.5 -5.72805
      vertex 2.92266 -1.6874 -5.46791
      vertex 2.92266 -22.5 -5.46791
    endloop
  endfacet
  facet normal 0.427558 -8.56533e-08 -0.903988
    outer loop
      vertex 2.92266 -1.6874 -5.46791
      vertex 2.37264 -22.5 -5.72805
      vertex 2.4066 -1.38945 -5.71199
    endloop
  endfacet
  facet normal 0.427514 0 -0.904009
    outer loop
      vertex 2.4066 -1.38945 -5.71199
      vertex 2.37264 -22.5 -5.72805
      vertex 2.37264 -1.36984 -5.72805
    endloop
  endfacet
  facet normal -0.514099 -0 -0.857731
    outer loop
      vertex -3.44454 -1.9887 -5.15511
      vertex -2.92266 -22.5 -5.46791
      vertex -3.44454 -22.5 -5.15511
    endloop
  endfacet
  facet normal -0.514099 0 -0.857731
    outer loop
      vertex -2.92266 -22.5 -5.46791
      vertex -3.44454 -1.9887 -5.15511
      vertex -2.92266 -1.6874 -5.46791
    endloop
  endfacet
  facet normal -0.97003 0 0.242984
    outer loop
      vertex -5.93303 -22.5 1.79976
      vertex -6.08087 -3.51079 1.20956
      vertex -6.08087 -22.5 1.20956
    endloop
  endfacet
  facet normal -0.97003 0 0.242984
    outer loop
      vertex -6.08087 -3.51079 1.20956
      vertex -5.93303 -22.5 1.79976
      vertex -5.93303 -3.42544 1.79976
    endloop
  endfacet
  facet normal -0.147346 0 -0.989085
    outer loop
      vertex -0.607706 -22.5 -6.17015
      vertex -0.617238 -0.356363 -6.16873
      vertex -0.607706 -0.350859 -6.17015
    endloop
  endfacet
  facet normal -0.146736 -0 -0.989176
    outer loop
      vertex -1.20956 -0.698339 -6.08087
      vertex -0.607706 -22.5 -6.17015
      vertex -1.20956 -22.5 -6.08087
    endloop
  endfacet
  facet normal -0.146726 2.72618e-07 -0.989177
    outer loop
      vertex -0.607706 -22.5 -6.17015
      vertex -1.20956 -0.698339 -6.08087
      vertex -0.617238 -0.356363 -6.16873
    endloop
  endfacet
  facet normal -0.242993 0 0.970028
    outer loop
      vertex -1.77291 -1.02359 5.93975
      vertex -1.20956 -22.5 6.08087
      vertex -1.20956 -0.698339 6.08087
    endloop
  endfacet
  facet normal -0.242794 5.56817e-06 0.970078
    outer loop
      vertex -1.79976 -1.03909 5.93303
      vertex -1.20956 -22.5 6.08087
      vertex -1.77291 -1.02359 5.93975
    endloop
  endfacet
  facet normal -0.242984 0 0.97003
    outer loop
      vertex -1.20956 -22.5 6.08087
      vertex -1.79976 -1.03909 5.93303
      vertex -1.79976 -22.5 5.93303
    endloop
  endfacet
  facet normal 0.0490794 0 0.998795
    outer loop
      vertex 0.152019 -0.0877681 6.19253
      vertex 0 0 6.2
      vertex 0.152019 -0.263136 6.19253
    endloop
  endfacet
  facet normal 0.048164 -0.00156556 0.998838
    outer loop
      vertex 0.346492 -0.201401 6.18298
      vertex 0.607706 -0.350859 6.17015
      vertex 0.347553 -0.20066 6.18293
    endloop
  endfacet
  facet normal 0.0490231 -6.06223e-05 0.998798
    outer loop
      vertex 0.324469 -0.216803 6.18406
      vertex 0.607706 -0.350859 6.17015
      vertex 0.346492 -0.201401 6.18298
    endloop
  endfacet
  facet normal 0.0490608 1.92636e-05 0.998796
    outer loop
      vertex 0.31246 -0.222952 6.18465
      vertex 0.607706 -0.350859 6.17015
      vertex 0.324469 -0.216803 6.18406
    endloop
  endfacet
  facet normal 0.0489864 -0.000152864 0.998799
    outer loop
      vertex 0.287341 -0.235814 6.18588
      vertex 0.607706 -0.350859 6.17015
      vertex 0.31246 -0.222952 6.18465
    endloop
  endfacet
  facet normal 0.0491596 0.000330631 0.998791
    outer loop
      vertex 0.257547 -0.246585 6.18735
      vertex 0.607706 -0.350859 6.17015
      vertex 0.287341 -0.235814 6.18588
    endloop
  endfacet
  facet normal 0.0487529 -0.00103848 0.99881
    outer loop
      vertex 0.249495 -0.249495 6.18774
      vertex 0.607706 -0.350859 6.17015
      vertex 0.257547 -0.246585 6.18735
    endloop
  endfacet
  facet normal 0.0489287 -0.000415516 0.998802
    outer loop
      vertex 0.241927 -0.251266 6.18811
      vertex 0.607706 -0.350859 6.17015
      vertex 0.249495 -0.249495 6.18774
    endloop
  endfacet
  facet normal 0.0491971 0.000572678 0.998789
    outer loop
      vertex 0.211962 -0.258277 6.18959
      vertex 0.607706 -0.350859 6.17015
      vertex 0.241927 -0.251266 6.18811
    endloop
  endfacet
  facet normal 0.0489322 -0.000562508 0.998802
    outer loop
      vertex 0.177622 -0.262446 6.19127
      vertex 0.607706 -0.350859 6.17015
      vertex 0.211962 -0.258277 6.18959
    endloop
  endfacet
  facet normal 0.0512209 0.0106115 0.998631
    outer loop
      vertex 0.17553 -0.2627 6.19138
      vertex 0.607706 -0.350859 6.17015
      vertex 0.177622 -0.262446 6.19127
    endloop
  endfacet
  facet normal 0.0488723 -0.000943587 0.998805
    outer loop
      vertex 0.152019 -0.263136 6.19253
      vertex 0.607706 -0.350859 6.17015
      vertex 0.17553 -0.2627 6.19138
    endloop
  endfacet
  facet normal 0.0490536 1.76862e-07 0.998796
    outer loop
      vertex 0 -22.5 6.2
      vertex 0.607706 -0.350859 6.17015
      vertex 0.152019 -0.263136 6.19253
    endloop
  endfacet
  facet normal 0.0490794 -0 0.998795
    outer loop
      vertex 0 -22.5 6.2
      vertex 0.152019 -0.263136 6.19253
      vertex 0 0 6.2
    endloop
  endfacet
  facet normal 0.04906 0 0.998796
    outer loop
      vertex 0.607706 -0.350859 6.17015
      vertex 0 -22.5 6.2
      vertex 0.607706 -22.5 6.17015
    endloop
  endfacet
  facet normal 0.427558 -8.56533e-08 0.903988
    outer loop
      vertex 2.37264 -22.5 5.72805
      vertex 2.92266 -1.6874 5.46791
      vertex 2.4066 -1.38945 5.71199
    endloop
  endfacet
  facet normal 0.427514 -0 0.904009
    outer loop
      vertex 2.37264 -22.5 5.72805
      vertex 2.4066 -1.38945 5.71199
      vertex 2.37264 -1.36984 5.72805
    endloop
  endfacet
  facet normal 0.427555 0 0.903989
    outer loop
      vertex 2.92266 -1.6874 5.46791
      vertex 2.37264 -22.5 5.72805
      vertex 2.92266 -22.5 5.46791
    endloop
  endfacet
  facet normal 0.04906 0 -0.998796
    outer loop
      vertex 0 -22.5 -6.2
      vertex 0.607706 -0.350859 -6.17015
      vertex 0.607706 -22.5 -6.17015
    endloop
  endfacet
  facet normal 0.048164 -0.00156556 -0.998838
    outer loop
      vertex 0.607706 -0.350859 -6.17015
      vertex 0.346492 -0.201401 -6.18298
      vertex 0.347553 -0.20066 -6.18293
    endloop
  endfacet
  facet normal 0.0490231 -6.06223e-05 -0.998798
    outer loop
      vertex 0.607706 -0.350859 -6.17015
      vertex 0.324469 -0.216803 -6.18406
      vertex 0.346492 -0.201401 -6.18298
    endloop
  endfacet
  facet normal 0.0490608 1.92636e-05 -0.998796
    outer loop
      vertex 0.607706 -0.350859 -6.17015
      vertex 0.31246 -0.222952 -6.18465
      vertex 0.324469 -0.216803 -6.18406
    endloop
  endfacet
  facet normal 0.0489864 -0.000152864 -0.998799
    outer loop
      vertex 0.607706 -0.350859 -6.17015
      vertex 0.287341 -0.235814 -6.18588
      vertex 0.31246 -0.222952 -6.18465
    endloop
  endfacet
  facet normal 0.0491596 0.000330631 -0.998791
    outer loop
      vertex 0.607706 -0.350859 -6.17015
      vertex 0.257547 -0.246585 -6.18735
      vertex 0.287341 -0.235814 -6.18588
    endloop
  endfacet
  facet normal 0.0487529 -0.00103848 -0.99881
    outer loop
      vertex 0.607706 -0.350859 -6.17015
      vertex 0.249495 -0.249495 -6.18774
      vertex 0.257547 -0.246585 -6.18735
    endloop
  endfacet
  facet normal 0.0489287 -0.000415516 -0.998802
    outer loop
      vertex 0.607706 -0.350859 -6.17015
      vertex 0.241927 -0.251266 -6.18811
      vertex 0.249495 -0.249495 -6.18774
    endloop
  endfacet
  facet normal 0.0491971 0.000572678 -0.998789
    outer loop
      vertex 0.607706 -0.350859 -6.17015
      vertex 0.211962 -0.258277 -6.18959
      vertex 0.241927 -0.251266 -6.18811
    endloop
  endfacet
  facet normal 0.0489322 -0.000562508 -0.998802
    outer loop
      vertex 0.607706 -0.350859 -6.17015
      vertex 0.177622 -0.262446 -6.19127
      vertex 0.211962 -0.258277 -6.18959
    endloop
  endfacet
  facet normal 0.0512209 0.0106115 -0.998631
    outer loop
      vertex 0.607706 -0.350859 -6.17015
      vertex 0.17553 -0.2627 -6.19138
      vertex 0.177622 -0.262446 -6.19127
    endloop
  endfacet
  facet normal 0.0488723 -0.000943587 -0.998805
    outer loop
      vertex 0.607706 -0.350859 -6.17015
      vertex 0.152019 -0.263136 -6.19253
      vertex 0.17553 -0.2627 -6.19138
    endloop
  endfacet
  facet normal 0.0490536 1.76862e-07 -0.998796
    outer loop
      vertex 0.607706 -0.350859 -6.17015
      vertex 0 -22.5 -6.2
      vertex 0.152019 -0.263136 -6.19253
    endloop
  endfacet
  facet normal 0.0490794 0 -0.998795
    outer loop
      vertex 0 0 -6.2
      vertex 0.152019 -0.263136 -6.19253
      vertex 0 -22.5 -6.2
    endloop
  endfacet
  facet normal 0.0490794 0 -0.998795
    outer loop
      vertex 0.152019 -0.263136 -6.19253
      vertex 0 0 -6.2
      vertex 0.152019 -0.0877681 -6.19253
    endloop
  endfacet
  facet normal 0.146736 0 -0.989176
    outer loop
      vertex 0.607706 -22.5 -6.17015
      vertex 1.20956 -0.698339 -6.08087
      vertex 1.20956 -22.5 -6.08087
    endloop
  endfacet
  facet normal 0.146726 2.72618e-07 -0.989177
    outer loop
      vertex 1.20956 -0.698339 -6.08087
      vertex 0.607706 -22.5 -6.17015
      vertex 0.617238 -0.356363 -6.16873
    endloop
  endfacet
  facet normal 0.147346 0 -0.989085
    outer loop
      vertex 0.617238 -0.356363 -6.16873
      vertex 0.607706 -22.5 -6.17015
      vertex 0.607706 -0.350859 -6.17015
    endloop
  endfacet
  facet normal -0.740951 0 0.671559
    outer loop
      vertex -4.38406 -22.5 4.38406
      vertex -4.79266 -2.76705 3.93324
      vertex -4.79266 -22.5 3.93324
    endloop
  endfacet
  facet normal -0.74095 1.4951e-08 0.67156
    outer loop
      vertex -4.79266 -2.76705 3.93324
      vertex -4.38406 -22.5 4.38406
      vertex -4.43051 -2.55796 4.33281
    endloop
  endfacet
  facet normal -0.740953 0 0.671557
    outer loop
      vertex -4.43051 -2.55796 4.33281
      vertex -4.38406 -22.5 4.38406
      vertex -4.38406 -2.53114 4.38406
    endloop
  endfacet
  facet normal 0.989176 0 -0.146736
    outer loop
      vertex 6.08087 -22.5 -1.20956
      vertex 6.17015 -3.56233 -0.607706
      vertex 6.17015 -22.5 -0.607706
    endloop
  endfacet
  facet normal 0.989165 2.31279e-06 -0.146807
    outer loop
      vertex 6.17015 -3.56233 -0.607706
      vertex 6.08087 -22.5 -1.20956
      vertex 6.15604 -3.55419 -0.702777
    endloop
  endfacet
  facet normal 0.989178 0 -0.146723
    outer loop
      vertex 6.15604 -3.55419 -0.702777
      vertex 6.08087 -22.5 -1.20956
      vertex 6.08087 -3.51079 -1.20956
    endloop
  endfacet
  facet normal -0.97003 0 -0.242984
    outer loop
      vertex -5.93303 -22.5 -1.79976
      vertex -6.08087 -3.51079 -1.20956
      vertex -5.93303 -3.42544 -1.79976
    endloop
  endfacet
  facet normal -0.97003 -0 -0.242984
    outer loop
      vertex -6.08087 -3.51079 -1.20956
      vertex -5.93303 -22.5 -1.79976
      vertex -6.08087 -22.5 -1.20956
    endloop
  endfacet
  facet normal -0.803203 0 0.595705
    outer loop
      vertex -4.79266 -22.5 3.93324
      vertex -5.15511 -2.97631 3.44454
      vertex -5.15511 -22.5 3.44454
    endloop
  endfacet
  facet normal -0.803224 -1.0629e-06 0.595678
    outer loop
      vertex -5.15511 -2.97631 3.44454
      vertex -4.79266 -22.5 3.93324
      vertex -5.10761 -2.94888 3.50859
    endloop
  endfacet
  facet normal -0.8032 0 0.595709
    outer loop
      vertex -5.10761 -2.94888 3.50859
      vertex -4.79266 -22.5 3.93324
      vertex -4.79266 -2.76705 3.93324
    endloop
  endfacet
  facet normal 0.33689 -0 0.941544
    outer loop
      vertex 1.79976 -22.5 5.93303
      vertex 2.37264 -1.36984 5.72805
      vertex 1.79976 -1.03909 5.93303
    endloop
  endfacet
  facet normal 0.33689 0 0.941544
    outer loop
      vertex 2.37264 -1.36984 5.72805
      vertex 1.79976 -22.5 5.93303
      vertex 2.37264 -22.5 5.72805
    endloop
  endfacet
  facet normal 0.242794 5.56817e-06 0.970078
    outer loop
      vertex 1.20956 -22.5 6.08087
      vertex 1.79976 -1.03909 5.93303
      vertex 1.77291 -1.02359 5.93975
    endloop
  endfacet
  facet normal 0.242993 -0 0.970028
    outer loop
      vertex 1.20956 -22.5 6.08087
      vertex 1.77291 -1.02359 5.93975
      vertex 1.20956 -0.698339 6.08087
    endloop
  endfacet
  facet normal 0.242984 0 0.97003
    outer loop
      vertex 1.79976 -1.03909 5.93303
      vertex 1.20956 -22.5 6.08087
      vertex 1.79976 -22.5 5.93303
    endloop
  endfacet
  facet normal 0.941544 -0 0.33689
    outer loop
      vertex 5.72805 -22.5 2.37264
      vertex 5.93303 -3.42544 1.79976
      vertex 5.72805 -3.30709 2.37264
    endloop
  endfacet
  facet normal 0.941544 0 0.33689
    outer loop
      vertex 5.93303 -3.42544 1.79976
      vertex 5.72805 -22.5 2.37264
      vertex 5.93303 -22.5 1.79976
    endloop
  endfacet
  facet normal -0.8032 0 -0.595709
    outer loop
      vertex -4.79266 -22.5 -3.93324
      vertex -5.10761 -2.94888 -3.50859
      vertex -4.79266 -2.76705 -3.93324
    endloop
  endfacet
  facet normal -0.803224 -1.0629e-06 -0.595678
    outer loop
      vertex -4.79266 -22.5 -3.93324
      vertex -5.15511 -2.97631 -3.44454
      vertex -5.10761 -2.94888 -3.50859
    endloop
  endfacet
  facet normal -0.803203 -0 -0.595705
    outer loop
      vertex -5.15511 -2.97631 -3.44454
      vertex -4.79266 -22.5 -3.93324
      vertex -5.15511 -22.5 -3.44454
    endloop
  endfacet
  facet normal -0.242993 0 -0.970028
    outer loop
      vertex -1.20956 -22.5 -6.08087
      vertex -1.77291 -1.02359 -5.93975
      vertex -1.20956 -0.698339 -6.08087
    endloop
  endfacet
  facet normal -0.242984 -0 -0.97003
    outer loop
      vertex -1.79976 -1.03909 -5.93303
      vertex -1.20956 -22.5 -6.08087
      vertex -1.79976 -22.5 -5.93303
    endloop
  endfacet
  facet normal -0.242794 5.56817e-06 -0.970078
    outer loop
      vertex -1.20956 -22.5 -6.08087
      vertex -1.79976 -1.03909 -5.93303
      vertex -1.77291 -1.02359 -5.93975
    endloop
  endfacet
  facet normal 0.595705 -0 0.803203
    outer loop
      vertex 3.44454 -22.5 5.15511
      vertex 3.93324 -2.27086 4.79266
      vertex 3.44454 -1.9887 5.15511
    endloop
  endfacet
  facet normal 0.595705 0 0.803203
    outer loop
      vertex 3.93324 -2.27086 4.79266
      vertex 3.44454 -22.5 5.15511
      vertex 3.93324 -22.5 4.79266
    endloop
  endfacet
  facet normal 0.740953 -0 0.671557
    outer loop
      vertex 4.38406 -22.5 4.38406
      vertex 4.43051 -2.55796 4.33281
      vertex 4.38406 -2.53114 4.38406
    endloop
  endfacet
  facet normal 0.74095 1.4951e-08 0.67156
    outer loop
      vertex 4.38406 -22.5 4.38406
      vertex 4.79266 -2.76705 3.93324
      vertex 4.43051 -2.55796 4.33281
    endloop
  endfacet
  facet normal 0.740951 0 0.671559
    outer loop
      vertex 4.79266 -2.76705 3.93324
      vertex 4.38406 -22.5 4.38406
      vertex 4.79266 -22.5 3.93324
    endloop
  endfacet
  facet normal 0.97003 -0 0.242984
    outer loop
      vertex 5.93303 -22.5 1.79976
      vertex 6.08087 -3.51079 1.20956
      vertex 5.93303 -3.42544 1.79976
    endloop
  endfacet
  facet normal 0.97003 0 0.242984
    outer loop
      vertex 6.08087 -3.51079 1.20956
      vertex 5.93303 -22.5 1.79976
      vertex 6.08087 -22.5 1.20956
    endloop
  endfacet
  facet normal -0.857725 3.17168e-07 0.514108
    outer loop
      vertex -5.15511 -22.5 3.44454
      vertex -5.19682 -3.00039 3.37494
      vertex -5.46791 -3.1569 2.92266
    endloop
  endfacet
  facet normal -0.857731 0 0.514099
    outer loop
      vertex -5.15511 -22.5 3.44454
      vertex -5.46791 -3.1569 2.92266
      vertex -5.46791 -22.5 2.92266
    endloop
  endfacet
  facet normal -0.857765 0 0.514043
    outer loop
      vertex -5.19682 -3.00039 3.37494
      vertex -5.15511 -22.5 3.44454
      vertex -5.15511 -2.97631 3.44454
    endloop
  endfacet
  facet normal 0.857765 -0 0.514043
    outer loop
      vertex 5.15511 -22.5 3.44454
      vertex 5.19682 -3.00039 3.37494
      vertex 5.15511 -2.97631 3.44454
    endloop
  endfacet
  facet normal 0.857725 3.17168e-07 0.514108
    outer loop
      vertex 5.19682 -3.00039 3.37494
      vertex 5.15511 -22.5 3.44454
      vertex 5.46791 -3.1569 2.92266
    endloop
  endfacet
  facet normal 0.857731 0 0.514099
    outer loop
      vertex 5.46791 -3.1569 2.92266
      vertex 5.15511 -22.5 3.44454
      vertex 5.46791 -22.5 2.92266
    endloop
  endfacet
  facet normal 0.903989 -0 0.427555
    outer loop
      vertex 5.46791 -22.5 2.92266
      vertex 5.72805 -3.30709 2.37264
      vertex 5.46791 -3.1569 2.92266
    endloop
  endfacet
  facet normal 0.903989 0 0.427555
    outer loop
      vertex 5.72805 -3.30709 2.37264
      vertex 5.46791 -22.5 2.92266
      vertex 5.72805 -22.5 2.37264
    endloop
  endfacet
  facet normal -0.941544 0 -0.33689
    outer loop
      vertex -5.72805 -22.5 -2.37264
      vertex -5.93303 -3.42544 -1.79976
      vertex -5.72805 -3.30709 -2.37264
    endloop
  endfacet
  facet normal -0.941544 -0 -0.33689
    outer loop
      vertex -5.93303 -3.42544 -1.79976
      vertex -5.72805 -22.5 -2.37264
      vertex -5.93303 -22.5 -1.79976
    endloop
  endfacet
  facet normal -0.671555 0 0.740955
    outer loop
      vertex -4.33393 -2.50219 4.4295
      vertex -3.93324 -22.5 4.79266
      vertex -3.93324 -2.27086 4.79266
    endloop
  endfacet
  facet normal -0.671598 -1.56558e-06 0.740916
    outer loop
      vertex -4.38406 -2.53114 4.38406
      vertex -3.93324 -22.5 4.79266
      vertex -4.33393 -2.50219 4.4295
    endloop
  endfacet
  facet normal -0.671559 0 0.740951
    outer loop
      vertex -3.93324 -22.5 4.79266
      vertex -4.38406 -2.53114 4.38406
      vertex -4.38406 -22.5 4.38406
    endloop
  endfacet
  facet normal -0.998796 0 -0.0490638
    outer loop
      vertex -6.17015 -22.5 -0.607706
      vertex -6.17488 -3.56507 -0.511417
      vertex -6.17015 -3.56233 -0.607706
    endloop
  endfacet
  facet normal -0.998796 -2.29696e-08 -0.0490593
    outer loop
      vertex -6.17015 -22.5 -0.607706
      vertex -6.2 -3.57957 0
      vertex -6.17488 -3.56507 -0.511417
    endloop
  endfacet
  facet normal -0.998796 -0 -0.04906
    outer loop
      vertex -6.2 -3.57957 0
      vertex -6.17015 -22.5 -0.607706
      vertex -6.2 -22.5 0
    endloop
  endfacet
  facet normal -0.857765 0 -0.514043
    outer loop
      vertex -5.15511 -22.5 -3.44454
      vertex -5.19682 -3.00039 -3.37494
      vertex -5.15511 -2.97631 -3.44454
    endloop
  endfacet
  facet normal -0.857725 3.17168e-07 -0.514108
    outer loop
      vertex -5.19682 -3.00039 -3.37494
      vertex -5.15511 -22.5 -3.44454
      vertex -5.46791 -3.1569 -2.92266
    endloop
  endfacet
  facet normal -0.857731 -0 -0.514099
    outer loop
      vertex -5.46791 -3.1569 -2.92266
      vertex -5.15511 -22.5 -3.44454
      vertex -5.46791 -22.5 -2.92266
    endloop
  endfacet
  facet normal 0.97003 0 -0.242984
    outer loop
      vertex 5.93303 -22.5 -1.79976
      vertex 6.08087 -3.51079 -1.20956
      vertex 6.08087 -22.5 -1.20956
    endloop
  endfacet
  facet normal 0.97003 0 -0.242984
    outer loop
      vertex 6.08087 -3.51079 -1.20956
      vertex 5.93303 -22.5 -1.79976
      vertex 5.93303 -3.42544 -1.79976
    endloop
  endfacet
  facet normal -0.427514 0 -0.904009
    outer loop
      vertex -2.37264 -22.5 -5.72805
      vertex -2.4066 -1.38945 -5.71199
      vertex -2.37264 -1.36984 -5.72805
    endloop
  endfacet
  facet normal -0.427555 -0 -0.903989
    outer loop
      vertex -2.92266 -1.6874 -5.46791
      vertex -2.37264 -22.5 -5.72805
      vertex -2.92266 -22.5 -5.46791
    endloop
  endfacet
  facet normal -0.427558 -8.56533e-08 -0.903988
    outer loop
      vertex -2.37264 -22.5 -5.72805
      vertex -2.92266 -1.6874 -5.46791
      vertex -2.4066 -1.38945 -5.71199
    endloop
  endfacet
  facet normal 0.514099 -0 0.857731
    outer loop
      vertex 2.92266 -22.5 5.46791
      vertex 3.44454 -1.9887 5.15511
      vertex 2.92266 -1.6874 5.46791
    endloop
  endfacet
  facet normal 0.514099 0 0.857731
    outer loop
      vertex 3.44454 -1.9887 5.15511
      vertex 2.92266 -22.5 5.46791
      vertex 3.44454 -22.5 5.15511
    endloop
  endfacet
  facet normal -0.671555 0 -0.740955
    outer loop
      vertex -3.93324 -22.5 -4.79266
      vertex -4.33393 -2.50219 -4.4295
      vertex -3.93324 -2.27086 -4.79266
    endloop
  endfacet
  facet normal -0.671559 -0 -0.740951
    outer loop
      vertex -4.38406 -2.53114 -4.38406
      vertex -3.93324 -22.5 -4.79266
      vertex -4.38406 -22.5 -4.38406
    endloop
  endfacet
  facet normal -0.671598 -1.56558e-06 -0.740916
    outer loop
      vertex -3.93324 -22.5 -4.79266
      vertex -4.38406 -2.53114 -4.38406
      vertex -4.33393 -2.50219 -4.4295
    endloop
  endfacet
  facet normal -0.33689 -0 -0.941544
    outer loop
      vertex -2.37264 -1.36984 -5.72805
      vertex -1.79976 -22.5 -5.93303
      vertex -2.37264 -22.5 -5.72805
    endloop
  endfacet
  facet normal -0.33689 0 -0.941544
    outer loop
      vertex -1.79976 -22.5 -5.93303
      vertex -2.37264 -1.36984 -5.72805
      vertex -1.79976 -1.03909 -5.93303
    endloop
  endfacet
  facet normal 0.671598 -1.56558e-06 0.740916
    outer loop
      vertex 3.93324 -22.5 4.79266
      vertex 4.38406 -2.53114 4.38406
      vertex 4.33393 -2.50219 4.4295
    endloop
  endfacet
  facet normal 0.671555 -0 0.740955
    outer loop
      vertex 3.93324 -22.5 4.79266
      vertex 4.33393 -2.50219 4.4295
      vertex 3.93324 -2.27086 4.79266
    endloop
  endfacet
  facet normal 0.671559 0 0.740951
    outer loop
      vertex 4.38406 -2.53114 4.38406
      vertex 3.93324 -22.5 4.79266
      vertex 4.38406 -22.5 4.38406
    endloop
  endfacet
  facet normal -0.33689 0 0.941544
    outer loop
      vertex -2.37264 -1.36984 5.72805
      vertex -1.79976 -22.5 5.93303
      vertex -1.79976 -1.03909 5.93303
    endloop
  endfacet
  facet normal -0.33689 0 0.941544
    outer loop
      vertex -1.79976 -22.5 5.93303
      vertex -2.37264 -1.36984 5.72805
      vertex -2.37264 -22.5 5.72805
    endloop
  endfacet
  facet normal -0.0490794 0 -0.998795
    outer loop
      vertex 0 -22.5 -6.2
      vertex -0.152019 -0.263136 -6.19253
      vertex 0 0 -6.2
    endloop
  endfacet
  facet normal -0.0490536 1.76862e-07 -0.998796
    outer loop
      vertex -0.607706 -0.350859 -6.17015
      vertex -0.152019 -0.263136 -6.19253
      vertex 0 -22.5 -6.2
    endloop
  endfacet
  facet normal -0.0488723 -0.000943587 -0.998805
    outer loop
      vertex -0.152019 -0.263136 -6.19253
      vertex -0.607706 -0.350859 -6.17015
      vertex -0.17553 -0.2627 -6.19138
    endloop
  endfacet
  facet normal -0.0512209 0.0106115 -0.998631
    outer loop
      vertex -0.17553 -0.2627 -6.19138
      vertex -0.607706 -0.350859 -6.17015
      vertex -0.177622 -0.262446 -6.19127
    endloop
  endfacet
  facet normal -0.0489322 -0.000562508 -0.998802
    outer loop
      vertex -0.177622 -0.262446 -6.19127
      vertex -0.607706 -0.350859 -6.17015
      vertex -0.211962 -0.258277 -6.18959
    endloop
  endfacet
  facet normal -0.0491971 0.000572678 -0.998789
    outer loop
      vertex -0.211962 -0.258277 -6.18959
      vertex -0.607706 -0.350859 -6.17015
      vertex -0.241927 -0.251266 -6.18811
    endloop
  endfacet
  facet normal -0.0489287 -0.000415516 -0.998802
    outer loop
      vertex -0.241927 -0.251266 -6.18811
      vertex -0.607706 -0.350859 -6.17015
      vertex -0.249495 -0.249495 -6.18774
    endloop
  endfacet
  facet normal -0.0487529 -0.00103848 -0.99881
    outer loop
      vertex -0.249495 -0.249495 -6.18774
      vertex -0.607706 -0.350859 -6.17015
      vertex -0.257547 -0.246585 -6.18735
    endloop
  endfacet
  facet normal -0.0491596 0.000330631 -0.998791
    outer loop
      vertex -0.257547 -0.246585 -6.18735
      vertex -0.607706 -0.350859 -6.17015
      vertex -0.287341 -0.235814 -6.18588
    endloop
  endfacet
  facet normal -0.0489864 -0.000152864 -0.998799
    outer loop
      vertex -0.287341 -0.235814 -6.18588
      vertex -0.607706 -0.350859 -6.17015
      vertex -0.31246 -0.222952 -6.18465
    endloop
  endfacet
  facet normal -0.0490608 1.92636e-05 -0.998796
    outer loop
      vertex -0.31246 -0.222952 -6.18465
      vertex -0.607706 -0.350859 -6.17015
      vertex -0.324469 -0.216803 -6.18406
    endloop
  endfacet
  facet normal -0.0490231 -6.06223e-05 -0.998798
    outer loop
      vertex -0.324469 -0.216803 -6.18406
      vertex -0.607706 -0.350859 -6.17015
      vertex -0.346492 -0.201401 -6.18298
    endloop
  endfacet
  facet normal -0.04906 -0 -0.998796
    outer loop
      vertex -0.607706 -0.350859 -6.17015
      vertex 0 -22.5 -6.2
      vertex -0.607706 -22.5 -6.17015
    endloop
  endfacet
  facet normal -0.048164 -0.00156556 -0.998838
    outer loop
      vertex -0.346492 -0.201401 -6.18298
      vertex -0.607706 -0.350859 -6.17015
      vertex -0.347553 -0.20066 -6.18293
    endloop
  endfacet
  facet normal -0.0490794 0 -0.998795
    outer loop
      vertex 0 0 -6.2
      vertex -0.152019 -0.263136 -6.19253
      vertex -0.152019 -0.0877681 -6.19253
    endloop
  endfacet
  facet normal 0.514099 0 -0.857731
    outer loop
      vertex 2.92266 -22.5 -5.46791
      vertex 3.44454 -1.9887 -5.15511
      vertex 3.44454 -22.5 -5.15511
    endloop
  endfacet
  facet normal 0.514099 0 -0.857731
    outer loop
      vertex 3.44454 -1.9887 -5.15511
      vertex 2.92266 -22.5 -5.46791
      vertex 2.92266 -1.6874 -5.46791
    endloop
  endfacet
  facet normal 0.803203 0 -0.595705
    outer loop
      vertex 4.79266 -22.5 -3.93324
      vertex 5.15511 -2.97631 -3.44454
      vertex 5.15511 -22.5 -3.44454
    endloop
  endfacet
  facet normal 0.803224 -1.0629e-06 -0.595678
    outer loop
      vertex 5.15511 -2.97631 -3.44454
      vertex 4.79266 -22.5 -3.93324
      vertex 5.10761 -2.94888 -3.50859
    endloop
  endfacet
  facet normal 0.8032 0 -0.595709
    outer loop
      vertex 5.10761 -2.94888 -3.50859
      vertex 4.79266 -22.5 -3.93324
      vertex 4.79266 -2.76705 -3.93324
    endloop
  endfacet
  facet normal 0.740951 0 -0.671559
    outer loop
      vertex 4.38406 -22.5 -4.38406
      vertex 4.79266 -2.76705 -3.93324
      vertex 4.79266 -22.5 -3.93324
    endloop
  endfacet
  facet normal 0.74095 1.4951e-08 -0.67156
    outer loop
      vertex 4.79266 -2.76705 -3.93324
      vertex 4.38406 -22.5 -4.38406
      vertex 4.43051 -2.55796 -4.33281
    endloop
  endfacet
  facet normal 0.740953 0 -0.671557
    outer loop
      vertex 4.43051 -2.55796 -4.33281
      vertex 4.38406 -22.5 -4.38406
      vertex 4.38406 -2.53114 -4.38406
    endloop
  endfacet
  facet normal 0.857725 3.17168e-07 -0.514108
    outer loop
      vertex 5.15511 -22.5 -3.44454
      vertex 5.19682 -3.00039 -3.37494
      vertex 5.46791 -3.1569 -2.92266
    endloop
  endfacet
  facet normal 0.857731 0 -0.514099
    outer loop
      vertex 5.15511 -22.5 -3.44454
      vertex 5.46791 -3.1569 -2.92266
      vertex 5.46791 -22.5 -2.92266
    endloop
  endfacet
  facet normal 0.857765 0 -0.514043
    outer loop
      vertex 5.19682 -3.00039 -3.37494
      vertex 5.15511 -22.5 -3.44454
      vertex 5.15511 -2.97631 -3.44454
    endloop
  endfacet
  facet normal 0.941544 0 -0.33689
    outer loop
      vertex 5.72805 -22.5 -2.37264
      vertex 5.93303 -3.42544 -1.79976
      vertex 5.93303 -22.5 -1.79976
    endloop
  endfacet
  facet normal 0.941544 0 -0.33689
    outer loop
      vertex 5.93303 -3.42544 -1.79976
      vertex 5.72805 -22.5 -2.37264
      vertex 5.72805 -3.30709 -2.37264
    endloop
  endfacet
  facet normal -0.0490794 0 0.998795
    outer loop
      vertex -0.152019 -0.263136 6.19253
      vertex 0 0 6.2
      vertex -0.152019 -0.0877681 6.19253
    endloop
  endfacet
  facet normal -0.0490794 0 0.998795
    outer loop
      vertex 0 0 6.2
      vertex -0.152019 -0.263136 6.19253
      vertex 0 -22.5 6.2
    endloop
  endfacet
  facet normal -0.0488723 -0.000943587 0.998805
    outer loop
      vertex -0.607706 -0.350859 6.17015
      vertex -0.152019 -0.263136 6.19253
      vertex -0.17553 -0.2627 6.19138
    endloop
  endfacet
  facet normal -0.0512209 0.0106115 0.998631
    outer loop
      vertex -0.607706 -0.350859 6.17015
      vertex -0.17553 -0.2627 6.19138
      vertex -0.177622 -0.262446 6.19127
    endloop
  endfacet
  facet normal -0.0489322 -0.000562508 0.998802
    outer loop
      vertex -0.607706 -0.350859 6.17015
      vertex -0.177622 -0.262446 6.19127
      vertex -0.211962 -0.258277 6.18959
    endloop
  endfacet
  facet normal -0.0491971 0.000572678 0.998789
    outer loop
      vertex -0.607706 -0.350859 6.17015
      vertex -0.211962 -0.258277 6.18959
      vertex -0.241927 -0.251266 6.18811
    endloop
  endfacet
  facet normal -0.0489287 -0.000415516 0.998802
    outer loop
      vertex -0.607706 -0.350859 6.17015
      vertex -0.241927 -0.251266 6.18811
      vertex -0.249495 -0.249495 6.18774
    endloop
  endfacet
  facet normal -0.0487529 -0.00103848 0.99881
    outer loop
      vertex -0.607706 -0.350859 6.17015
      vertex -0.249495 -0.249495 6.18774
      vertex -0.257547 -0.246585 6.18735
    endloop
  endfacet
  facet normal -0.0491596 0.000330631 0.998791
    outer loop
      vertex -0.607706 -0.350859 6.17015
      vertex -0.257547 -0.246585 6.18735
      vertex -0.287341 -0.235814 6.18588
    endloop
  endfacet
  facet normal -0.0489864 -0.000152864 0.998799
    outer loop
      vertex -0.607706 -0.350859 6.17015
      vertex -0.287341 -0.235814 6.18588
      vertex -0.31246 -0.222952 6.18465
    endloop
  endfacet
  facet normal -0.0490608 1.92636e-05 0.998796
    outer loop
      vertex -0.607706 -0.350859 6.17015
      vertex -0.31246 -0.222952 6.18465
      vertex -0.324469 -0.216803 6.18406
    endloop
  endfacet
  facet normal -0.0490231 -6.06223e-05 0.998798
    outer loop
      vertex -0.607706 -0.350859 6.17015
      vertex -0.324469 -0.216803 6.18406
      vertex -0.346492 -0.201401 6.18298
    endloop
  endfacet
  facet normal -0.048164 -0.00156556 0.998838
    outer loop
      vertex -0.607706 -0.350859 6.17015
      vertex -0.346492 -0.201401 6.18298
      vertex -0.347553 -0.20066 6.18293
    endloop
  endfacet
  facet normal -0.0490536 1.76862e-07 0.998796
    outer loop
      vertex -0.152019 -0.263136 6.19253
      vertex -0.607706 -0.350859 6.17015
      vertex 0 -22.5 6.2
    endloop
  endfacet
  facet normal -0.04906 0 0.998796
    outer loop
      vertex 0 -22.5 6.2
      vertex -0.607706 -0.350859 6.17015
      vertex -0.607706 -22.5 6.17015
    endloop
  endfacet
  facet normal -0.514099 0 0.857731
    outer loop
      vertex -3.44454 -1.9887 5.15511
      vertex -2.92266 -22.5 5.46791
      vertex -2.92266 -1.6874 5.46791
    endloop
  endfacet
  facet normal -0.514099 0 0.857731
    outer loop
      vertex -2.92266 -22.5 5.46791
      vertex -3.44454 -1.9887 5.15511
      vertex -3.44454 -22.5 5.15511
    endloop
  endfacet
  facet normal -0.427514 0 0.904009
    outer loop
      vertex -2.4066 -1.38945 5.71199
      vertex -2.37264 -22.5 5.72805
      vertex -2.37264 -1.36984 5.72805
    endloop
  endfacet
  facet normal -0.427558 -8.56533e-08 0.903988
    outer loop
      vertex -2.92266 -1.6874 5.46791
      vertex -2.37264 -22.5 5.72805
      vertex -2.4066 -1.38945 5.71199
    endloop
  endfacet
  facet normal -0.427555 0 0.903989
    outer loop
      vertex -2.37264 -22.5 5.72805
      vertex -2.92266 -1.6874 5.46791
      vertex -2.92266 -22.5 5.46791
    endloop
  endfacet
  facet normal -0.595705 0 0.803203
    outer loop
      vertex -3.93324 -2.27086 4.79266
      vertex -3.44454 -22.5 5.15511
      vertex -3.44454 -1.9887 5.15511
    endloop
  endfacet
  facet normal -0.595705 0 0.803203
    outer loop
      vertex -3.44454 -22.5 5.15511
      vertex -3.93324 -2.27086 4.79266
      vertex -3.93324 -22.5 4.79266
    endloop
  endfacet
  facet normal -0.989176 0 0.146736
    outer loop
      vertex -6.08087 -22.5 1.20956
      vertex -6.17015 -3.56233 0.607706
      vertex -6.17015 -22.5 0.607706
    endloop
  endfacet
  facet normal -0.989165 2.31279e-06 0.146807
    outer loop
      vertex -6.17015 -3.56233 0.607706
      vertex -6.08087 -22.5 1.20956
      vertex -6.15604 -3.55419 0.702777
    endloop
  endfacet
  facet normal -0.989178 0 0.146723
    outer loop
      vertex -6.15604 -3.55419 0.702777
      vertex -6.08087 -22.5 1.20956
      vertex -6.08087 -3.51079 1.20956
    endloop
  endfacet
  facet normal -0.903989 0 -0.427555
    outer loop
      vertex -5.46791 -22.5 -2.92266
      vertex -5.72805 -3.30709 -2.37264
      vertex -5.46791 -3.1569 -2.92266
    endloop
  endfacet
  facet normal -0.903989 -0 -0.427555
    outer loop
      vertex -5.72805 -3.30709 -2.37264
      vertex -5.46791 -22.5 -2.92266
      vertex -5.72805 -22.5 -2.37264
    endloop
  endfacet
  facet normal 0.146726 2.72618e-07 0.989177
    outer loop
      vertex 0.607706 -22.5 6.17015
      vertex 1.20956 -0.698339 6.08087
      vertex 0.617238 -0.356363 6.16873
    endloop
  endfacet
  facet normal 0.147346 -0 0.989085
    outer loop
      vertex 0.607706 -22.5 6.17015
      vertex 0.617238 -0.356363 6.16873
      vertex 0.607706 -0.350859 6.17015
    endloop
  endfacet
  facet normal 0.146736 0 0.989176
    outer loop
      vertex 1.20956 -0.698339 6.08087
      vertex 0.607706 -22.5 6.17015
      vertex 1.20956 -22.5 6.08087
    endloop
  endfacet
  facet normal 0.595705 0 -0.803203
    outer loop
      vertex 3.44454 -22.5 -5.15511
      vertex 3.93324 -2.27086 -4.79266
      vertex 3.93324 -22.5 -4.79266
    endloop
  endfacet
  facet normal 0.595705 0 -0.803203
    outer loop
      vertex 3.93324 -2.27086 -4.79266
      vertex 3.44454 -22.5 -5.15511
      vertex 3.44454 -1.9887 -5.15511
    endloop
  endfacet
  facet normal 0.998796 0 -0.04906
    outer loop
      vertex 6.17015 -22.5 -0.607706
      vertex 6.2 -3.57957 0
      vertex 6.2 -22.5 0
    endloop
  endfacet
  facet normal 0.998796 -2.29696e-08 -0.0490593
    outer loop
      vertex 6.2 -3.57957 0
      vertex 6.17015 -22.5 -0.607706
      vertex 6.17488 -3.56507 -0.511417
    endloop
  endfacet
  facet normal 0.998796 0 -0.0490638
    outer loop
      vertex 6.17488 -3.56507 -0.511417
      vertex 6.17015 -22.5 -0.607706
      vertex 6.17015 -3.56233 -0.607706
    endloop
  endfacet
  facet normal -0.147346 0 0.989085
    outer loop
      vertex -0.617238 -0.356363 6.16873
      vertex -0.607706 -22.5 6.17015
      vertex -0.607706 -0.350859 6.17015
    endloop
  endfacet
  facet normal -0.146726 2.72618e-07 0.989177
    outer loop
      vertex -1.20956 -0.698339 6.08087
      vertex -0.607706 -22.5 6.17015
      vertex -0.617238 -0.356363 6.16873
    endloop
  endfacet
  facet normal -0.146736 0 0.989176
    outer loop
      vertex -0.607706 -22.5 6.17015
      vertex -1.20956 -0.698339 6.08087
      vertex -1.20956 -22.5 6.08087
    endloop
  endfacet
  facet normal -0.989178 0 -0.146723
    outer loop
      vertex -6.08087 -22.5 -1.20956
      vertex -6.15604 -3.55419 -0.702777
      vertex -6.08087 -3.51079 -1.20956
    endloop
  endfacet
  facet normal -0.989165 2.31279e-06 -0.146807
    outer loop
      vertex -6.08087 -22.5 -1.20956
      vertex -6.17015 -3.56233 -0.607706
      vertex -6.15604 -3.55419 -0.702777
    endloop
  endfacet
  facet normal -0.989176 -0 -0.146736
    outer loop
      vertex -6.17015 -3.56233 -0.607706
      vertex -6.08087 -22.5 -1.20956
      vertex -6.17015 -22.5 -0.607706
    endloop
  endfacet
  facet normal 0.33689 0 -0.941544
    outer loop
      vertex 1.79976 -22.5 -5.93303
      vertex 2.37264 -1.36984 -5.72805
      vertex 2.37264 -22.5 -5.72805
    endloop
  endfacet
  facet normal 0.33689 0 -0.941544
    outer loop
      vertex 2.37264 -1.36984 -5.72805
      vertex 1.79976 -22.5 -5.93303
      vertex 1.79976 -1.03909 -5.93303
    endloop
  endfacet
  facet normal 0.242984 0 -0.97003
    outer loop
      vertex 1.20956 -22.5 -6.08087
      vertex 1.79976 -1.03909 -5.93303
      vertex 1.79976 -22.5 -5.93303
    endloop
  endfacet
  facet normal 0.242794 5.56817e-06 -0.970078
    outer loop
      vertex 1.79976 -1.03909 -5.93303
      vertex 1.20956 -22.5 -6.08087
      vertex 1.77291 -1.02359 -5.93975
    endloop
  endfacet
  facet normal 0.242993 0 -0.970028
    outer loop
      vertex 1.77291 -1.02359 -5.93975
      vertex 1.20956 -22.5 -6.08087
      vertex 1.20956 -0.698339 -6.08087
    endloop
  endfacet
  facet normal -0.740953 0 -0.671557
    outer loop
      vertex -4.38406 -22.5 -4.38406
      vertex -4.43051 -2.55796 -4.33281
      vertex -4.38406 -2.53114 -4.38406
    endloop
  endfacet
  facet normal -0.74095 1.4951e-08 -0.67156
    outer loop
      vertex -4.38406 -22.5 -4.38406
      vertex -4.79266 -2.76705 -3.93324
      vertex -4.43051 -2.55796 -4.33281
    endloop
  endfacet
  facet normal -0.740951 -0 -0.671559
    outer loop
      vertex -4.79266 -2.76705 -3.93324
      vertex -4.38406 -22.5 -4.38406
      vertex -4.79266 -22.5 -3.93324
    endloop
  endfacet
  facet normal -0.903989 0 0.427555
    outer loop
      vertex -5.46791 -22.5 2.92266
      vertex -5.72805 -3.30709 2.37264
      vertex -5.72805 -22.5 2.37264
    endloop
  endfacet
  facet normal -0.903989 0 0.427555
    outer loop
      vertex -5.72805 -3.30709 2.37264
      vertex -5.46791 -22.5 2.92266
      vertex -5.46791 -3.1569 2.92266
    endloop
  endfacet
  facet normal 0.8032 -0 0.595709
    outer loop
      vertex 4.79266 -22.5 3.93324
      vertex 5.10761 -2.94888 3.50859
      vertex 4.79266 -2.76705 3.93324
    endloop
  endfacet
  facet normal 0.803224 -1.0629e-06 0.595678
    outer loop
      vertex 4.79266 -22.5 3.93324
      vertex 5.15511 -2.97631 3.44454
      vertex 5.10761 -2.94888 3.50859
    endloop
  endfacet
  facet normal 0.803203 0 0.595705
    outer loop
      vertex 5.15511 -2.97631 3.44454
      vertex 4.79266 -22.5 3.93324
      vertex 5.15511 -22.5 3.44454
    endloop
  endfacet
  facet normal -0.595705 -0 -0.803203
    outer loop
      vertex -3.93324 -2.27086 -4.79266
      vertex -3.44454 -22.5 -5.15511
      vertex -3.93324 -22.5 -4.79266
    endloop
  endfacet
  facet normal -0.595705 0 -0.803203
    outer loop
      vertex -3.44454 -22.5 -5.15511
      vertex -3.93324 -2.27086 -4.79266
      vertex -3.44454 -1.9887 -5.15511
    endloop
  endfacet
  facet normal 0.903989 0 -0.427555
    outer loop
      vertex 5.46791 -22.5 -2.92266
      vertex 5.72805 -3.30709 -2.37264
      vertex 5.72805 -22.5 -2.37264
    endloop
  endfacet
  facet normal 0.903989 0 -0.427555
    outer loop
      vertex 5.72805 -3.30709 -2.37264
      vertex 5.46791 -22.5 -2.92266
      vertex 5.46791 -3.1569 -2.92266
    endloop
  endfacet
  facet normal 0 -1 0
    outer loop
      vertex 0 -22.5 4.1
      vertex 0 -22.5 6.2
      vertex -0.607706 -22.5 6.17015
    endloop
  endfacet
  facet normal 0 -1 0
    outer loop
      vertex -0.411672 -22.5 4.07978
      vertex -0.607706 -22.5 6.17015
      vertex -1.20956 -22.5 6.08087
    endloop
  endfacet
  facet normal 0 -1 0
    outer loop
      vertex 0 -22.5 6.2
      vertex 0 -22.5 4.1
      vertex 0.607706 -22.5 6.17015
    endloop
  endfacet
  facet normal 0 -1 0
    outer loop
      vertex -0.819379 -22.5 4.0193
      vertex -1.20956 -22.5 6.08087
      vertex -1.79976 -22.5 5.93303
    endloop
  endfacet
  facet normal 0 -1 0
    outer loop
      vertex 0.411672 -22.5 4.07978
      vertex 0.607706 -22.5 6.17015
      vertex 0 -22.5 4.1
    endloop
  endfacet
  facet normal 0 -1 0
    outer loop
      vertex -1.2192 -22.5 3.91915
      vertex -1.79976 -22.5 5.93303
      vertex -2.37264 -22.5 5.72805
    endloop
  endfacet
  facet normal 0 -1 -0
    outer loop
      vertex 0.607706 -22.5 6.17015
      vertex 0.411672 -22.5 4.07978
      vertex 1.20956 -22.5 6.08087
    endloop
  endfacet
  facet normal 0 -1 0
    outer loop
      vertex -1.60727 -22.5 3.78029
      vertex -2.37264 -22.5 5.72805
      vertex -2.92266 -22.5 5.46791
    endloop
  endfacet
  facet normal 0 -1 0
    outer loop
      vertex 0.819379 -22.5 4.0193
      vertex 1.20956 -22.5 6.08087
      vertex 0.411672 -22.5 4.07978
    endloop
  endfacet
  facet normal 0 -1 0
    outer loop
      vertex -1.97987 -22.5 3.60407
      vertex -2.92266 -22.5 5.46791
      vertex -3.44454 -22.5 5.15511
    endloop
  endfacet
  facet normal 0 -1 -0
    outer loop
      vertex 1.20956 -22.5 6.08087
      vertex 0.819379 -22.5 4.0193
      vertex 1.79976 -22.5 5.93303
    endloop
  endfacet
  facet normal 0 -1 0
    outer loop
      vertex -2.33339 -22.5 3.39217
      vertex -3.44454 -22.5 5.15511
      vertex -3.93324 -22.5 4.79266
    endloop
  endfacet
  facet normal 0 -1 0
    outer loop
      vertex 1.2192 -22.5 3.91915
      vertex 1.79976 -22.5 5.93303
      vertex 0.819379 -22.5 4.0193
    endloop
  endfacet
  facet normal 0 -1 0
    outer loop
      vertex -2.66445 -22.5 3.14664
      vertex -3.93324 -22.5 4.79266
      vertex -4.38406 -22.5 4.38406
    endloop
  endfacet
  facet normal 0 -1 -0
    outer loop
      vertex 1.79976 -22.5 5.93303
      vertex 1.2192 -22.5 3.91915
      vertex 2.37264 -22.5 5.72805
    endloop
  endfacet
  facet normal 0 -1 0
    outer loop
      vertex 1.60727 -22.5 3.78029
      vertex 2.37264 -22.5 5.72805
      vertex 1.2192 -22.5 3.91915
    endloop
  endfacet
  facet normal 0 -1 0
    outer loop
      vertex -0.607706 -22.5 6.17015
      vertex -0.411672 -22.5 4.07978
      vertex 0 -22.5 4.1
    endloop
  endfacet
  facet normal 0 -1 0
    outer loop
      vertex -1.20956 -22.5 6.08087
      vertex -0.819379 -22.5 4.0193
      vertex -0.411672 -22.5 4.07978
    endloop
  endfacet
  facet normal 0 -1 0
    outer loop
      vertex -2.96985 -22.5 2.86985
      vertex -4.38406 -22.5 4.38406
      vertex -4.79266 -22.5 3.93324
    endloop
  endfacet
  facet normal 0 -1 0
    outer loop
      vertex -1.79976 -22.5 5.93303
      vertex -1.2192 -22.5 3.91915
      vertex -0.819379 -22.5 4.0193
    endloop
  endfacet
  facet normal 0 -1 0
    outer loop
      vertex -2.37264 -22.5 5.72805
      vertex -1.60727 -22.5 3.78029
      vertex -1.2192 -22.5 3.91915
    endloop
  endfacet
  facet normal 0 -1 0
    outer loop
      vertex -2.92266 -22.5 5.46791
      vertex -1.97987 -22.5 3.60407
      vertex -1.60727 -22.5 3.78029
    endloop
  endfacet
  facet normal 0 -1 0
    outer loop
      vertex -3.24664 -22.5 2.56445
      vertex -4.79266 -22.5 3.93324
      vertex -5.15511 -22.5 3.44454
    endloop
  endfacet
  facet normal 0 -1 0
    outer loop
      vertex -3.44454 -22.5 5.15511
      vertex -2.33339 -22.5 3.39217
      vertex -1.97987 -22.5 3.60407
    endloop
  endfacet
  facet normal 0 -1 0
    outer loop
      vertex -3.93324 -22.5 4.79266
      vertex -2.66445 -22.5 3.14664
      vertex -2.33339 -22.5 3.39217
    endloop
  endfacet
  facet normal 0 -1 0
    outer loop
      vertex -3.49217 -22.5 2.23339
      vertex -5.15511 -22.5 3.44454
      vertex -5.46791 -22.5 2.92266
    endloop
  endfacet
  facet normal 0 -1 0
    outer loop
      vertex -4.38406 -22.5 4.38406
      vertex -2.96985 -22.5 2.86985
      vertex -2.66445 -22.5 3.14664
    endloop
  endfacet
  facet normal 0 -1 0
    outer loop
      vertex -4.79266 -22.5 3.93324
      vertex -3.24664 -22.5 2.56445
      vertex -2.96985 -22.5 2.86985
    endloop
  endfacet
  facet normal 0 -1 0
    outer loop
      vertex -3.70407 -22.5 1.87987
      vertex -5.46791 -22.5 2.92266
      vertex -5.72805 -22.5 2.37264
    endloop
  endfacet
  facet normal 0 -1 0
    outer loop
      vertex -5.15511 -22.5 3.44454
      vertex -3.49217 -22.5 2.23339
      vertex -3.24664 -22.5 2.56445
    endloop
  endfacet
  facet normal 0 -1 0
    outer loop
      vertex -5.46791 -22.5 2.92266
      vertex -3.70407 -22.5 1.87987
      vertex -3.49217 -22.5 2.23339
    endloop
  endfacet
  facet normal 0 -1 0
    outer loop
      vertex -3.88029 -22.5 1.50727
      vertex -5.72805 -22.5 2.37264
      vertex -5.93303 -22.5 1.79976
    endloop
  endfacet
  facet normal 0 -1 0
    outer loop
      vertex -5.72805 -22.5 2.37264
      vertex -3.88029 -22.5 1.50727
      vertex -3.70407 -22.5 1.87987
    endloop
  endfacet
  facet normal 0 -1 0
    outer loop
      vertex -4.01915 -22.5 1.11919
      vertex -5.93303 -22.5 1.79976
      vertex -6.08087 -22.5 1.20956
    endloop
  endfacet
  facet normal 0 -1 0
    outer loop
      vertex -5.93303 -22.5 1.79976
      vertex -4.01915 -22.5 1.11919
      vertex -3.88029 -22.5 1.50727
    endloop
  endfacet
  facet normal 0 -1 0
    outer loop
      vertex -6.08087 -22.5 1.20956
      vertex -4.1193 -22.5 0.719378
      vertex -4.01915 -22.5 1.11919
    endloop
  endfacet
  facet normal 0 -1 0
    outer loop
      vertex -6.17015 -22.5 0.607706
      vertex -4.1193 -22.5 0.719378
      vertex -6.08087 -22.5 1.20956
    endloop
  endfacet
  facet normal 0 -1 0
    outer loop
      vertex -6.17015 -22.5 0.607706
      vertex -4.17978 -22.5 0.311671
      vertex -4.1193 -22.5 0.719378
    endloop
  endfacet
  facet normal 0 -1 0
    outer loop
      vertex -6.2 -22.5 0
      vertex -4.17978 -22.5 0.311671
      vertex -6.17015 -22.5 0.607706
    endloop
  endfacet
  facet normal 0 -1 0
    outer loop
      vertex -6.2 -22.5 0
      vertex -4.2 -22.5 -0.0999994
      vertex -4.17978 -22.5 0.311671
    endloop
  endfacet
  facet normal 0 -1 0
    outer loop
      vertex -6.17015 -22.5 -0.607706
      vertex -4.2 -22.5 -0.0999994
      vertex -6.2 -22.5 0
    endloop
  endfacet
  facet normal 0 -1 -0
    outer loop
      vertex -4.2 -22.5 -0.0999994
      vertex -6.17015 -22.5 -0.607706
      vertex -4.17978 -22.5 -0.511671
    endloop
  endfacet
  facet normal 0 -1 0
    outer loop
      vertex -6.08087 -22.5 -1.20956
      vertex -4.17978 -22.5 -0.511671
      vertex -6.17015 -22.5 -0.607706
    endloop
  endfacet
  facet normal 0 -1 -0
    outer loop
      vertex -4.17978 -22.5 -0.511671
      vertex -6.08087 -22.5 -1.20956
      vertex -4.1193 -22.5 -0.919379
    endloop
  endfacet
  facet normal 0 -1 0
    outer loop
      vertex -5.93303 -22.5 -1.79976
      vertex -4.1193 -22.5 -0.919379
      vertex -6.08087 -22.5 -1.20956
    endloop
  endfacet
  facet normal 0 -1 -0
    outer loop
      vertex -4.1193 -22.5 -0.919379
      vertex -5.93303 -22.5 -1.79976
      vertex -4.01915 -22.5 -1.31919
    endloop
  endfacet
  facet normal 0 -1 0
    outer loop
      vertex -5.72805 -22.5 -2.37264
      vertex -4.01915 -22.5 -1.31919
      vertex -5.93303 -22.5 -1.79976
    endloop
  endfacet
  facet normal 0 -1 -0
    outer loop
      vertex -4.01915 -22.5 -1.31919
      vertex -5.72805 -22.5 -2.37264
      vertex -3.88029 -22.5 -1.70727
    endloop
  endfacet
  facet normal 0 -1 0
    outer loop
      vertex -5.46791 -22.5 -2.92266
      vertex -3.88029 -22.5 -1.70727
      vertex -5.72805 -22.5 -2.37264
    endloop
  endfacet
  facet normal 0 -1 -0
    outer loop
      vertex -3.88029 -22.5 -1.70727
      vertex -5.46791 -22.5 -2.92266
      vertex -3.70407 -22.5 -2.07987
    endloop
  endfacet
  facet normal 0 -1 0
    outer loop
      vertex -5.15511 -22.5 -3.44454
      vertex -3.70407 -22.5 -2.07987
      vertex -5.46791 -22.5 -2.92266
    endloop
  endfacet
  facet normal 0 -1 -0
    outer loop
      vertex -3.70407 -22.5 -2.07987
      vertex -5.15511 -22.5 -3.44454
      vertex -3.49217 -22.5 -2.43339
    endloop
  endfacet
  facet normal 0 -1 0
    outer loop
      vertex -4.79266 -22.5 -3.93324
      vertex -3.49217 -22.5 -2.43339
      vertex -5.15511 -22.5 -3.44454
    endloop
  endfacet
  facet normal 0 -1 -0
    outer loop
      vertex -3.49217 -22.5 -2.43339
      vertex -4.79266 -22.5 -3.93324
      vertex -3.24664 -22.5 -2.76445
    endloop
  endfacet
  facet normal 0 -1 0
    outer loop
      vertex -4.38406 -22.5 -4.38406
      vertex -3.24664 -22.5 -2.76445
      vertex -4.79266 -22.5 -3.93324
    endloop
  endfacet
  facet normal 0 -1 -0
    outer loop
      vertex -3.24664 -22.5 -2.76445
      vertex -4.38406 -22.5 -4.38406
      vertex -2.96985 -22.5 -3.06985
    endloop
  endfacet
  facet normal 0 -1 0
    outer loop
      vertex -3.93324 -22.5 -4.79266
      vertex -2.96985 -22.5 -3.06985
      vertex -4.38406 -22.5 -4.38406
    endloop
  endfacet
  facet normal 0 -1 -0
    outer loop
      vertex -2.96985 -22.5 -3.06985
      vertex -3.93324 -22.5 -4.79266
      vertex -2.66445 -22.5 -3.34664
    endloop
  endfacet
  facet normal 0 -1 0
    outer loop
      vertex -3.44454 -22.5 -5.15511
      vertex -2.66445 -22.5 -3.34664
      vertex -3.93324 -22.5 -4.79266
    endloop
  endfacet
  facet normal 0 -1 -0
    outer loop
      vertex -2.66445 -22.5 -3.34664
      vertex -3.44454 -22.5 -5.15511
      vertex -2.33339 -22.5 -3.59217
    endloop
  endfacet
  facet normal 0 -1 0
    outer loop
      vertex -2.92266 -22.5 -5.46791
      vertex -2.33339 -22.5 -3.59217
      vertex -3.44454 -22.5 -5.15511
    endloop
  endfacet
  facet normal 0 -1 -0
    outer loop
      vertex -2.33339 -22.5 -3.59217
      vertex -2.92266 -22.5 -5.46791
      vertex -1.97987 -22.5 -3.80407
    endloop
  endfacet
  facet normal 0 -1 -0
    outer loop
      vertex -1.97987 -22.5 -3.80407
      vertex -2.37264 -22.5 -5.72805
      vertex -1.60727 -22.5 -3.98029
    endloop
  endfacet
  facet normal 0 -1 0
    outer loop
      vertex -2.37264 -22.5 -5.72805
      vertex -1.97987 -22.5 -3.80407
      vertex -2.92266 -22.5 -5.46791
    endloop
  endfacet
  facet normal 0 -1 -0
    outer loop
      vertex 2.37264 -22.5 5.72805
      vertex 1.60727 -22.5 3.78029
      vertex 2.92266 -22.5 5.46791
    endloop
  endfacet
  facet normal 0 -1 0
    outer loop
      vertex 1.97987 -22.5 3.60407
      vertex 2.92266 -22.5 5.46791
      vertex 1.60727 -22.5 3.78029
    endloop
  endfacet
  facet normal 0 -1 -0
    outer loop
      vertex 2.92266 -22.5 5.46791
      vertex 1.97987 -22.5 3.60407
      vertex 3.44454 -22.5 5.15511
    endloop
  endfacet
  facet normal 0 -1 0
    outer loop
      vertex 2.33339 -22.5 3.39217
      vertex 3.44454 -22.5 5.15511
      vertex 1.97987 -22.5 3.60407
    endloop
  endfacet
  facet normal 0 -1 -0
    outer loop
      vertex 3.44454 -22.5 5.15511
      vertex 2.33339 -22.5 3.39217
      vertex 3.93324 -22.5 4.79266
    endloop
  endfacet
  facet normal 0 -1 0
    outer loop
      vertex 2.66445 -22.5 3.14664
      vertex 3.93324 -22.5 4.79266
      vertex 2.33339 -22.5 3.39217
    endloop
  endfacet
  facet normal 0 -1 -0
    outer loop
      vertex 3.93324 -22.5 4.79266
      vertex 2.66445 -22.5 3.14664
      vertex 4.38406 -22.5 4.38406
    endloop
  endfacet
  facet normal 0 -1 0
    outer loop
      vertex 2.96985 -22.5 2.86985
      vertex 4.38406 -22.5 4.38406
      vertex 2.66445 -22.5 3.14664
    endloop
  endfacet
  facet normal 0 -1 -0
    outer loop
      vertex 4.38406 -22.5 4.38406
      vertex 2.96985 -22.5 2.86985
      vertex 4.79266 -22.5 3.93324
    endloop
  endfacet
  facet normal 0 -1 0
    outer loop
      vertex 3.24664 -22.5 2.56445
      vertex 4.79266 -22.5 3.93324
      vertex 2.96985 -22.5 2.86985
    endloop
  endfacet
  facet normal 0 -1 -0
    outer loop
      vertex 4.79266 -22.5 3.93324
      vertex 3.24664 -22.5 2.56445
      vertex 5.15511 -22.5 3.44454
    endloop
  endfacet
  facet normal 0 -1 0
    outer loop
      vertex 3.49217 -22.5 2.23339
      vertex 5.15511 -22.5 3.44454
      vertex 3.24664 -22.5 2.56445
    endloop
  endfacet
  facet normal 0 -1 -0
    outer loop
      vertex 5.15511 -22.5 3.44454
      vertex 3.49217 -22.5 2.23339
      vertex 5.46791 -22.5 2.92266
    endloop
  endfacet
  facet normal 0 -1 0
    outer loop
      vertex 3.70407 -22.5 1.87987
      vertex 5.46791 -22.5 2.92266
      vertex 3.49217 -22.5 2.23339
    endloop
  endfacet
  facet normal 0 -1 -0
    outer loop
      vertex 5.46791 -22.5 2.92266
      vertex 3.70407 -22.5 1.87987
      vertex 5.72805 -22.5 2.37264
    endloop
  endfacet
  facet normal 0 -1 0
    outer loop
      vertex 3.88029 -22.5 1.50727
      vertex 5.72805 -22.5 2.37264
      vertex 3.70407 -22.5 1.87987
    endloop
  endfacet
  facet normal 0 -1 -0
    outer loop
      vertex 5.72805 -22.5 2.37264
      vertex 3.88029 -22.5 1.50727
      vertex 5.93303 -22.5 1.79976
    endloop
  endfacet
  facet normal 0 -1 0
    outer loop
      vertex 4.01915 -22.5 1.11919
      vertex 5.93303 -22.5 1.79976
      vertex 3.88029 -22.5 1.50727
    endloop
  endfacet
  facet normal 0 -1 -0
    outer loop
      vertex 5.93303 -22.5 1.79976
      vertex 4.01915 -22.5 1.11919
      vertex 6.08087 -22.5 1.20956
    endloop
  endfacet
  facet normal 0 -1 0
    outer loop
      vertex 4.1193 -22.5 0.719378
      vertex 6.08087 -22.5 1.20956
      vertex 4.01915 -22.5 1.11919
    endloop
  endfacet
  facet normal 0 -1 0
    outer loop
      vertex 4.1193 -22.5 0.719378
      vertex 6.17015 -22.5 0.607706
      vertex 6.08087 -22.5 1.20956
    endloop
  endfacet
  facet normal 0 -1 0
    outer loop
      vertex 4.17978 -22.5 0.311671
      vertex 6.17015 -22.5 0.607706
      vertex 4.1193 -22.5 0.719378
    endloop
  endfacet
  facet normal 0 -1 0
    outer loop
      vertex 4.17978 -22.5 0.311671
      vertex 6.2 -22.5 0
      vertex 6.17015 -22.5 0.607706
    endloop
  endfacet
  facet normal 0 -1 0
    outer loop
      vertex 4.2 -22.5 -0.0999994
      vertex 6.2 -22.5 0
      vertex 4.17978 -22.5 0.311671
    endloop
  endfacet
  facet normal 0 -1 0
    outer loop
      vertex 6.17015 -22.5 -0.607706
      vertex 4.2 -22.5 -0.0999994
      vertex 4.17978 -22.5 -0.511671
    endloop
  endfacet
  facet normal 0 -1 0
    outer loop
      vertex 4.2 -22.5 -0.0999994
      vertex 6.17015 -22.5 -0.607706
      vertex 6.2 -22.5 0
    endloop
  endfacet
  facet normal 0 -1 0
    outer loop
      vertex 6.08087 -22.5 -1.20956
      vertex 4.17978 -22.5 -0.511671
      vertex 4.1193 -22.5 -0.919379
    endloop
  endfacet
  facet normal 0 -1 0
    outer loop
      vertex 4.17978 -22.5 -0.511671
      vertex 6.08087 -22.5 -1.20956
      vertex 6.17015 -22.5 -0.607706
    endloop
  endfacet
  facet normal 0 -1 0
    outer loop
      vertex 5.93303 -22.5 -1.79976
      vertex 4.1193 -22.5 -0.919379
      vertex 4.01915 -22.5 -1.31919
    endloop
  endfacet
  facet normal 0 -1 0
    outer loop
      vertex 5.72805 -22.5 -2.37264
      vertex 4.01915 -22.5 -1.31919
      vertex 3.88029 -22.5 -1.70727
    endloop
  endfacet
  facet normal 0 -1 0
    outer loop
      vertex 4.1193 -22.5 -0.919379
      vertex 5.93303 -22.5 -1.79976
      vertex 6.08087 -22.5 -1.20956
    endloop
  endfacet
  facet normal 0 -1 0
    outer loop
      vertex 5.46791 -22.5 -2.92266
      vertex 3.88029 -22.5 -1.70727
      vertex 3.70407 -22.5 -2.07987
    endloop
  endfacet
  facet normal 0 -1 0
    outer loop
      vertex 4.01915 -22.5 -1.31919
      vertex 5.72805 -22.5 -2.37264
      vertex 5.93303 -22.5 -1.79976
    endloop
  endfacet
  facet normal 0 -1 0
    outer loop
      vertex 5.15511 -22.5 -3.44454
      vertex 3.70407 -22.5 -2.07987
      vertex 3.49217 -22.5 -2.43339
    endloop
  endfacet
  facet normal 0 -1 0
    outer loop
      vertex 4.79266 -22.5 -3.93324
      vertex 3.49217 -22.5 -2.43339
      vertex 3.24664 -22.5 -2.76445
    endloop
  endfacet
  facet normal 0 -1 0
    outer loop
      vertex 3.88029 -22.5 -1.70727
      vertex 5.46791 -22.5 -2.92266
      vertex 5.72805 -22.5 -2.37264
    endloop
  endfacet
  facet normal 0 -1 0
    outer loop
      vertex 4.38406 -22.5 -4.38406
      vertex 3.24664 -22.5 -2.76445
      vertex 2.96985 -22.5 -3.06985
    endloop
  endfacet
  facet normal 0 -1 0
    outer loop
      vertex 3.93324 -22.5 -4.79266
      vertex 2.96985 -22.5 -3.06985
      vertex 2.66445 -22.5 -3.34664
    endloop
  endfacet
  facet normal 0 -1 0
    outer loop
      vertex 3.70407 -22.5 -2.07987
      vertex 5.15511 -22.5 -3.44454
      vertex 5.46791 -22.5 -2.92266
    endloop
  endfacet
  facet normal 0 -1 0
    outer loop
      vertex 3.44454 -22.5 -5.15511
      vertex 2.66445 -22.5 -3.34664
      vertex 2.33339 -22.5 -3.59217
    endloop
  endfacet
  facet normal 0 -1 0
    outer loop
      vertex 2.92266 -22.5 -5.46791
      vertex 2.33339 -22.5 -3.59217
      vertex 1.97987 -22.5 -3.80407
    endloop
  endfacet
  facet normal 0 -1 0
    outer loop
      vertex 3.49217 -22.5 -2.43339
      vertex 4.79266 -22.5 -3.93324
      vertex 5.15511 -22.5 -3.44454
    endloop
  endfacet
  facet normal 0 -1 0
    outer loop
      vertex 2.37264 -22.5 -5.72805
      vertex 1.97987 -22.5 -3.80407
      vertex 1.60727 -22.5 -3.98029
    endloop
  endfacet
  facet normal 0 -1 0
    outer loop
      vertex 1.79976 -22.5 -5.93303
      vertex 1.60727 -22.5 -3.98029
      vertex 1.2192 -22.5 -4.11915
    endloop
  endfacet
  facet normal 0 -1 0
    outer loop
      vertex 1.20956 -22.5 -6.08087
      vertex 1.2192 -22.5 -4.11915
      vertex 0.819379 -22.5 -4.2193
    endloop
  endfacet
  facet normal 0 -1 0
    outer loop
      vertex 0.607706 -22.5 -6.17015
      vertex 0.819379 -22.5 -4.2193
      vertex 0.411672 -22.5 -4.27978
    endloop
  endfacet
  facet normal 0 -1 0
    outer loop
      vertex 3.24664 -22.5 -2.76445
      vertex 4.38406 -22.5 -4.38406
      vertex 4.79266 -22.5 -3.93324
    endloop
  endfacet
  facet normal 0 -1 0
    outer loop
      vertex 0.607706 -22.5 -6.17015
      vertex 0.411672 -22.5 -4.27978
      vertex 0 -22.5 -4.3
    endloop
  endfacet
  facet normal 0 -1 0
    outer loop
      vertex -1.79976 -22.5 -5.93303
      vertex -1.60727 -22.5 -3.98029
      vertex -2.37264 -22.5 -5.72805
    endloop
  endfacet
  facet normal 0 -1 -0
    outer loop
      vertex -1.60727 -22.5 -3.98029
      vertex -1.79976 -22.5 -5.93303
      vertex -1.2192 -22.5 -4.11915
    endloop
  endfacet
  facet normal 0 -1 0
    outer loop
      vertex 2.96985 -22.5 -3.06985
      vertex 3.93324 -22.5 -4.79266
      vertex 4.38406 -22.5 -4.38406
    endloop
  endfacet
  facet normal 0 -1 0
    outer loop
      vertex -1.20956 -22.5 -6.08087
      vertex -1.2192 -22.5 -4.11915
      vertex -1.79976 -22.5 -5.93303
    endloop
  endfacet
  facet normal 0 -1 0
    outer loop
      vertex 2.66445 -22.5 -3.34664
      vertex 3.44454 -22.5 -5.15511
      vertex 3.93324 -22.5 -4.79266
    endloop
  endfacet
  facet normal 0 -1 0
    outer loop
      vertex -1.2192 -22.5 -4.11915
      vertex -1.20956 -22.5 -6.08087
      vertex -0.819379 -22.5 -4.2193
    endloop
  endfacet
  facet normal 0 -1 0
    outer loop
      vertex 2.33339 -22.5 -3.59217
      vertex 2.92266 -22.5 -5.46791
      vertex 3.44454 -22.5 -5.15511
    endloop
  endfacet
  facet normal 0 -1 0
    outer loop
      vertex -0.607706 -22.5 -6.17015
      vertex -0.819379 -22.5 -4.2193
      vertex -1.20956 -22.5 -6.08087
    endloop
  endfacet
  facet normal 0 -1 0
    outer loop
      vertex 1.97987 -22.5 -3.80407
      vertex 2.37264 -22.5 -5.72805
      vertex 2.92266 -22.5 -5.46791
    endloop
  endfacet
  facet normal 0 -1 0
    outer loop
      vertex -0.819379 -22.5 -4.2193
      vertex -0.607706 -22.5 -6.17015
      vertex -0.411672 -22.5 -4.27978
    endloop
  endfacet
  facet normal 0 -1 0
    outer loop
      vertex 1.60727 -22.5 -3.98029
      vertex 1.79976 -22.5 -5.93303
      vertex 2.37264 -22.5 -5.72805
    endloop
  endfacet
  facet normal 0 -1 -0
    outer loop
      vertex -0.411672 -22.5 -4.27978
      vertex -0.607706 -22.5 -6.17015
      vertex 0 -22.5 -4.3
    endloop
  endfacet
  facet normal 0 -1 -0
    outer loop
      vertex 1.2192 -22.5 -4.11915
      vertex 1.20956 -22.5 -6.08087
      vertex 1.79976 -22.5 -5.93303
    endloop
  endfacet
  facet normal 0 -1 0
    outer loop
      vertex 0 -22.5 -6.2
      vertex 0 -22.5 -4.3
      vertex -0.607706 -22.5 -6.17015
    endloop
  endfacet
  facet normal 0 -1 -0
    outer loop
      vertex 0.819379 -22.5 -4.2193
      vertex 0.607706 -22.5 -6.17015
      vertex 1.20956 -22.5 -6.08087
    endloop
  endfacet
  facet normal 0 -1 0
    outer loop
      vertex 0 -22.5 -4.3
      vertex 0 -22.5 -6.2
      vertex 0.607706 -22.5 -6.17015
    endloop
  endfacet
  facet normal -0.998796 0 0.04906
    outer loop
      vertex -6.17015 -22.5 0.607706
      vertex -6.2 -3.57957 0
      vertex -6.2 -22.5 0
    endloop
  endfacet
  facet normal -0.998796 -2.29696e-08 0.0490593
    outer loop
      vertex -6.2 -3.57957 0
      vertex -6.17015 -22.5 0.607706
      vertex -6.17488 -3.56507 0.511417
    endloop
  endfacet
  facet normal -0.998796 0 0.0490638
    outer loop
      vertex -6.17488 -3.56507 0.511417
      vertex -6.17015 -22.5 0.607706
      vertex -6.17015 -3.56233 0.607706
    endloop
  endfacet
  facet normal 0.671559 0 -0.740951
    outer loop
      vertex 3.93324 -22.5 -4.79266
      vertex 4.38406 -2.53114 -4.38406
      vertex 4.38406 -22.5 -4.38406
    endloop
  endfacet
  facet normal 0.671598 -1.56558e-06 -0.740916
    outer loop
      vertex 4.38406 -2.53114 -4.38406
      vertex 3.93324 -22.5 -4.79266
      vertex 4.33393 -2.50219 -4.4295
    endloop
  endfacet
  facet normal 0.671555 0 -0.740955
    outer loop
      vertex 4.33393 -2.50219 -4.4295
      vertex 3.93324 -22.5 -4.79266
      vertex 3.93324 -2.27086 -4.79266
    endloop
  endfacet
  facet normal -0.499397 0.864981 0.0491093
    outer loop
      vertex 16.3856 16.6194 0
      vertex 0 7.12467 0.607706
      vertex 16.4005 16.5935 0.607706
    endloop
  endfacet
  facet normal -0.499399 0.864982 0.0490631
    outer loop
      vertex 0 7.12467 0.607706
      vertex 16.3856 16.6194 0
      vertex 0 7.15914 0
    endloop
  endfacet
  facet normal 0.168452 -0.291768 0.941539
    outer loop
      vertex 20.3855 9.69136 5.93303
      vertex 2.37264 -1.36984 5.72805
      vertex 20.6719 9.19524 5.72805
    endloop
  endfacet
  facet normal 0.168445 -0.291757 0.941543
    outer loop
      vertex 2.37264 -1.36984 5.72805
      vertex 20.3855 9.69136 5.93303
      vertex 1.79976 -1.03909 5.93303
    endloop
  endfacet
  facet normal 0.865817 0.500361 -0.000161206
    outer loop
      vertex 16.7516 15.9853 -2.92266
      vertex 16.6215 16.2106 -2.37264
      vertex 16.908 15.7145 -3.44454
    endloop
  endfacet
  facet normal -0.335777 0.581583 -0.740956
    outer loop
      vertex 0 5.06228 -4.38406
      vertex 17.519 14.6563 -4.79266
      vertex 0 4.54171 -4.79266
    endloop
  endfacet
  facet normal -0.335769 0.581569 -0.74097
    outer loop
      vertex 17.519 14.6563 -4.79266
      vertex 0 5.06228 -4.38406
      vertex 17.2935 15.0467 -4.38406
    endloop
  endfacet
  facet normal 0.866048 0.49996 -0.000187529
    outer loop
      vertex 19.0759 11.9596 -4.2193
      vertex 17.519 14.6563 -4.79266
      vertex 19.0247 12.0483 -4.19365
    endloop
  endfacet
  facet normal 0.866065 0.499932 -0.000364693
    outer loop
      vertex 19.2797 11.6065 -4.27978
      vertex 17.519 14.6563 -4.79266
      vertex 19.0759 11.9596 -4.2193
    endloop
  endfacet
  facet normal 0.865325 0.501196 -0.00385768
    outer loop
      vertex 20.9469 8.7189 -5.46791
      vertex 19.2797 11.6065 -4.27978
      vertex 19.2885 11.5913 -4.28064
    endloop
  endfacet
  facet normal 0.865962 0.50011 -0.000342119
    outer loop
      vertex 20.9469 8.7189 -5.46791
      vertex 19.2885 11.5913 -4.28064
      vertex 19.4856 11.25 -4.3
    endloop
  endfacet
  facet normal 0.866074 0.499915 0.000222493
    outer loop
      vertex 20.9469 8.7189 -5.46791
      vertex 19.4856 11.25 -4.3
      vertex 19.6826 10.9087 -4.28064
    endloop
  endfacet
  facet normal 0.86548 0.500938 -0.0022964
    outer loop
      vertex 20.9469 8.7189 -5.46791
      vertex 19.6826 10.9087 -4.28064
      vertex 19.6914 10.8935 -4.27978
    endloop
  endfacet
  facet normal 0.866033 0.499987 7.28244e-05
    outer loop
      vertex 19.2797 11.6065 -4.27978
      vertex 20.9469 8.7189 -5.46791
      vertex 17.519 14.6563 -4.79266
    endloop
  endfacet
  facet normal 0.865995 0.500052 -0.000131837
    outer loop
      vertex 19.8953 10.5404 -4.2193
      vertex 20.9469 8.7189 -5.46791
      vertex 19.6914 10.8935 -4.27978
    endloop
  endfacet
  facet normal 0.866056 0.499947 7.21646e-05
    outer loop
      vertex 20.0952 10.1941 -4.11915
      vertex 20.9469 8.7189 -5.46791
      vertex 19.8953 10.5404 -4.2193
    endloop
  endfacet
  facet normal 0.866036 0.499982 2.16718e-05
    outer loop
      vertex 20.2892 9.85806 -3.98029
      vertex 20.9469 8.7189 -5.46791
      vertex 20.0952 10.1941 -4.11915
    endloop
  endfacet
  facet normal 0.86602 0.50001 -6.93194e-06
    outer loop
      vertex 20.4755 9.53539 -3.80407
      vertex 20.9469 8.7189 -5.46791
      vertex 20.2892 9.85806 -3.98029
    endloop
  endfacet
  facet normal 0.866068 0.499926 4.78348e-05
    outer loop
      vertex 20.6447 9.24225 -3.60119
      vertex 20.9469 8.7189 -5.46791
      vertex 20.4755 9.53539 -3.80407
    endloop
  endfacet
  facet normal 0.864159 0.503218 -0.00118401
    outer loop
      vertex 20.6523 9.22922 -3.59217
      vertex 20.9469 8.7189 -5.46791
      vertex 20.6447 9.24225 -3.60119
    endloop
  endfacet
  facet normal 0.867118 0.498103 0.000672383
    outer loop
      vertex 20.6593 9.21702 -3.58172
      vertex 20.9469 8.7189 -5.46791
      vertex 20.6523 9.22922 -3.59217
    endloop
  endfacet
  facet normal 0.86578 0.500425 -0.0001449
    outer loop
      vertex 20.6947 9.15579 -3.52929
      vertex 20.9469 8.7189 -5.46791
      vertex 20.6593 9.21702 -3.58172
    endloop
  endfacet
  facet normal 0.866036 0.499982 -1.19591e-05
    outer loop
      vertex 20.9469 8.7189 -5.46791
      vertex 20.6947 9.15579 -3.52929
      vertex 22.2195 6.51465 -2.92266
    endloop
  endfacet
  facet normal 0.866779 0.498692 -0.000173644
    outer loop
      vertex 22.5706 5.9065 -0.607706
      vertex 22.526 5.98381 -1.20956
      vertex 22.5856 5.88064 0
    endloop
  endfacet
  facet normal 0.494586 -0.85665 0.146751
    outer loop
      vertex 6.17015 -3.56233 0.607706
      vertex 22.526 5.98381 1.20956
      vertex 6.15604 -3.55419 0.702777
    endloop
  endfacet
  facet normal 0.494592 -0.856656 0.146692
    outer loop
      vertex 22.526 5.98381 1.20956
      vertex 6.17015 -3.56233 0.607706
      vertex 22.5706 5.9065 0.607706
    endloop
  endfacet
  facet normal 0.0245307 -0.0424884 -0.998796
    outer loop
      vertex 19.7894 10.7237 -6.17015
      vertex 0 0 -6.2
      vertex 19.4856 11.25 -6.2
    endloop
  endfacet
  facet normal 0.335781 -0.581589 0.740949
    outer loop
      vertex 21.4522 7.84371 4.79266
      vertex 3.93324 -2.27086 4.79266
      vertex 4.33393 -2.50219 4.4295
    endloop
  endfacet
  facet normal -0.121497 0.210439 0.970028
    outer loop
      vertex 0 2.04718 5.93975
      vertex 0 1.39668 6.08087
      vertex 18.8808 12.2975 6.08087
    endloop
  endfacet
  facet normal 0.867666 0.497147 -0.000969863
    outer loop
      vertex 16.6215 16.2106 2.37264
      vertex 16.4451 16.5162 1.20956
      vertex 16.5191 16.3882 1.79976
    endloop
  endfacet
  facet normal 0.428886 -0.742851 -0.514033
    outer loop
      vertex 22.0631 6.78554 -3.44454
      vertex 5.19682 -3.00039 -3.37494
      vertex 5.15511 -2.97631 -3.44454
    endloop
  endfacet
  facet normal 0.428867 -0.742818 -0.514096
    outer loop
      vertex 5.19682 -3.00039 -3.37494
      vertex 22.0631 6.78554 -3.44454
      vertex 22.2195 6.51465 -2.92266
    endloop
  endfacet
  facet normal 0.370475 -0.641681 -0.671561
    outer loop
      vertex 4.43051 -2.55796 -4.33281
      vertex 21.6776 7.45329 -4.38406
      vertex 21.8819 7.09943 -3.93324
    endloop
  endfacet
  facet normal 0.37047 -0.641673 -0.671571
    outer loop
      vertex 21.6776 7.45329 -4.38406
      vertex 4.43051 -2.55796 -4.33281
      vertex 4.38406 -2.53114 -4.38406
    endloop
  endfacet
  facet normal 0.370475 -0.641681 0.671561
    outer loop
      vertex 21.6776 7.45329 4.38406
      vertex 4.43051 -2.55796 4.33281
      vertex 21.8819 7.09943 3.93324
    endloop
  endfacet
  facet normal 0.37047 -0.641673 0.671571
    outer loop
      vertex 4.43051 -2.55796 4.33281
      vertex 21.6776 7.45329 4.38406
      vertex 4.38406 -2.53114 4.38406
    endloop
  endfacet
  facet normal 0.866117 0.499837 0.00208715
    outer loop
      vertex 20.0904 10.2025 6.08087
      vertex 19.4856 11.25 6.2
      vertex 19.7894 10.7237 6.17015
    endloop
  endfacet
  facet normal -0.297871 0.515929 0.803175
    outer loop
      vertex 0 4.54171 4.79266
      vertex 17.7633 14.2331 5.15511
      vertex 17.519 14.6563 4.79266
    endloop
  endfacet
  facet normal -0.297854 0.515897 0.803202
    outer loop
      vertex 17.7633 14.2331 5.15511
      vertex 0 4.54171 4.79266
      vertex 0 3.97741 5.15511
    endloop
  endfacet
  facet normal 0.499397 -0.864983 -0.0490541
    outer loop
      vertex 6.2 -3.57957 0
      vertex 6.17488 -3.56507 -0.511417
      vertex 22.5856 5.88064 0
    endloop
  endfacet
  facet normal 0.866145 0.499792 0.000291172
    outer loop
      vertex 21.8819 7.09943 3.93324
      vertex 20.9469 8.7189 5.46791
      vertex 21.2078 8.26694 5.15511
    endloop
  endfacet
  facet normal 0.335782 -0.581592 0.740946
    outer loop
      vertex 21.4522 7.84371 4.79266
      vertex 4.38406 -2.53114 4.38406
      vertex 21.6776 7.45329 4.38406
    endloop
  endfacet
  facet normal 0.335775 -0.58158 0.740958
    outer loop
      vertex 4.38406 -2.53114 4.38406
      vertex 21.4522 7.84371 4.79266
      vertex 4.33393 -2.50219 4.4295
    endloop
  endfacet
  facet normal -0.470765 0.81539 -0.336928
    outer loop
      vertex 0 6.61419 -2.37264
      vertex 16.5191 16.3882 -1.79976
      vertex 16.6215 16.2106 -2.37264
    endloop
  endfacet
  facet normal -0.470775 0.815405 -0.336877
    outer loop
      vertex 16.5191 16.3882 -1.79976
      vertex 0 6.61419 -2.37264
      vertex 0 6.85087 -1.79976
    endloop
  endfacet
  facet normal 0.370474 -0.64168 -0.671562
    outer loop
      vertex 4.79266 -2.76705 -3.93324
      vertex 4.43051 -2.55796 -4.33281
      vertex 21.8819 7.09943 -3.93324
    endloop
  endfacet
  facet normal 0.485016 -0.840072 -0.242977
    outer loop
      vertex 22.4521 6.11185 -1.79976
      vertex 6.08087 -3.51079 -1.20956
      vertex 5.93303 -3.42544 -1.79976
    endloop
  endfacet
  facet normal 0.485016 -0.840072 -0.242978
    outer loop
      vertex 6.08087 -3.51079 -1.20956
      vertex 22.4521 6.11185 -1.79976
      vertex 22.526 5.98381 -1.20956
    endloop
  endfacet
  facet normal 0.866002 0.500041 0.000223805
    outer loop
      vertex 19.4856 11.25 -6.2
      vertex 19.1817 11.7763 -6.17015
      vertex 20.9469 8.7189 -5.46791
    endloop
  endfacet
  facet normal 0.865953 0.500125 6.58502e-05
    outer loop
      vertex 17.519 14.6563 4.79266
      vertex 16.4451 16.5162 1.20956
      vertex 17.0892 15.4006 3.93324
    endloop
  endfacet
  facet normal 0.257058 -0.445236 -0.857721
    outer loop
      vertex 3.44454 -1.9887 -5.15511
      vertex 20.9469 8.7189 -5.46791
      vertex 21.2078 8.26694 -5.15511
    endloop
  endfacet
  facet normal 0.257052 -0.445227 -0.857728
    outer loop
      vertex 20.9469 8.7189 -5.46791
      vertex 3.44454 -1.9887 -5.15511
      vertex 2.92266 -1.6874 -5.46791
    endloop
  endfacet
  facet normal 0.866002 0.500041 -0.000223805
    outer loop
      vertex 20.9469 8.7189 5.46791
      vertex 19.1817 11.7763 6.17015
      vertex 19.4856 11.25 6.2
    endloop
  endfacet
  facet normal -0.485014 0.840067 0.243002
    outer loop
      vertex 16.4451 16.5162 1.20956
      vertex 0 6.85087 1.79976
      vertex 16.5191 16.3882 1.79976
    endloop
  endfacet
  facet normal -0.485017 0.84007 0.242983
    outer loop
      vertex 0 6.85087 1.79976
      vertex 16.4451 16.5162 1.20956
      vertex 0 7.02158 1.20956
    endloop
  endfacet
  facet normal 0.865934 0.500158 8.39918e-05
    outer loop
      vertex 17.0892 15.4006 3.93324
      vertex 16.4451 16.5162 1.20956
      vertex 16.6215 16.2106 2.37264
    endloop
  endfacet
  facet normal 0.865354 0.501159 0.00126041
    outer loop
      vertex 17.519 14.6563 4.79266
      vertex 17.0892 15.4006 3.93324
      vertex 17.2935 15.0467 4.38406
    endloop
  endfacet
  facet normal -0.470765 0.81539 0.336928
    outer loop
      vertex 16.5191 16.3882 1.79976
      vertex 0 6.61419 2.37264
      vertex 16.6215 16.2106 2.37264
    endloop
  endfacet
  facet normal -0.470775 0.815405 0.336877
    outer loop
      vertex 0 6.61419 2.37264
      vertex 16.5191 16.3882 1.79976
      vertex 0 6.85087 1.79976
    endloop
  endfacet
  facet normal 0.866044 0.499967 -3.00539e-05
    outer loop
      vertex 21.5755 7.63021 0.311671
      vertex 22.4521 6.11185 1.79976
      vertex 21.5856 7.61269 -0.0999994
    endloop
  endfacet
  facet normal 0.86598 0.500079 0.000122715
    outer loop
      vertex 21.5452 7.68258 0.719378
      vertex 22.4521 6.11185 1.79976
      vertex 21.5755 7.63021 0.311671
    endloop
  endfacet
  facet normal 0.866003 0.50004 4.57613e-05
    outer loop
      vertex 21.4951 7.76931 1.11919
      vertex 22.4521 6.11185 1.79976
      vertex 21.5452 7.68258 0.719378
    endloop
  endfacet
  facet normal 0.866024 0.500003 -7.29728e-05
    outer loop
      vertex 21.4257 7.88957 1.50727
      vertex 22.4521 6.11185 1.79976
      vertex 21.4951 7.76931 1.11919
    endloop
  endfacet
  facet normal 0.86602 0.500009 -2.66684e-05
    outer loop
      vertex 21.3376 8.04218 1.87987
      vertex 22.4521 6.11185 1.79976
      vertex 21.4257 7.88957 1.50727
    endloop
  endfacet
  facet normal 0.866019 0.500012 -0.000129632
    outer loop
      vertex 21.2317 8.22569 2.23339
      vertex 22.4521 6.11185 1.79976
      vertex 21.3376 8.04218 1.87987
    endloop
  endfacet
  facet normal 0.866041 0.499973 0.000122436
    outer loop
      vertex 21.1089 8.43832 2.56445
      vertex 22.4521 6.11185 1.79976
      vertex 21.2317 8.22569 2.23339
    endloop
  endfacet
  facet normal 0.866046 0.499965 0.000154831
    outer loop
      vertex 22.4521 6.11185 1.79976
      vertex 21.1089 8.43832 2.56445
      vertex 21.0775 8.49269 2.63371
    endloop
  endfacet
  facet normal 0.866028 0.499996 -0
    outer loop
      vertex 22.4521 6.11185 -1.79976
      vertex 21.5856 7.61269 -0.0999994
      vertex 22.4521 6.11185 1.79976
    endloop
  endfacet
  facet normal 0.866043 0.49997 3.02163e-05
    outer loop
      vertex 21.5856 7.61269 -0.0999994
      vertex 22.4521 6.11185 -1.79976
      vertex 21.5755 7.63021 -0.511671
    endloop
  endfacet
  facet normal 0.865986 0.500068 -0.000124588
    outer loop
      vertex 21.5755 7.63021 -0.511671
      vertex 22.4521 6.11185 -1.79976
      vertex 21.5452 7.68258 -0.919379
    endloop
  endfacet
  facet normal 0.866005 0.500036 -4.68885e-05
    outer loop
      vertex 21.5452 7.68258 -0.919379
      vertex 22.4521 6.11185 -1.79976
      vertex 21.4951 7.76931 -1.31919
    endloop
  endfacet
  facet normal 0.86602 0.500009 7.54762e-05
    outer loop
      vertex 21.4951 7.76931 -1.31919
      vertex 22.4521 6.11185 -1.79976
      vertex 21.4257 7.88957 -1.70727
    endloop
  endfacet
  facet normal 0.86603 0.499992 1.39917e-06
    outer loop
      vertex 21.2317 8.22569 -2.43339
      vertex 22.4521 6.11185 -1.79976
      vertex 21.1806 8.3142 -2.57119
    endloop
  endfacet
  facet normal 0.866012 0.500023 0.000137171
    outer loop
      vertex 21.3376 8.04218 -2.07987
      vertex 22.4521 6.11185 -1.79976
      vertex 21.2317 8.22569 -2.43339
    endloop
  endfacet
  facet normal 0.866019 0.500011 2.78716e-05
    outer loop
      vertex 21.4257 7.88957 -1.70727
      vertex 22.4521 6.11185 -1.79976
      vertex 21.3376 8.04218 -2.07987
    endloop
  endfacet
  facet normal 0.866845 0.498578 0
    outer loop
      vertex 17.5454 14.6104 -1.70727
      vertex 17.519 14.6563 -4.79266
      vertex 17.519 14.6563 -1.5593
    endloop
  endfacet
  facet normal 0.863421 0.504484 0.000117158
    outer loop
      vertex 17.5492 14.6039 -1.72312
      vertex 17.519 14.6563 -4.79266
      vertex 17.5454 14.6104 -1.70727
    endloop
  endfacet
  facet normal 0.866166 0.499756 9.45609e-06
    outer loop
      vertex 17.6335 14.4578 -2.07987
      vertex 17.519 14.6563 -4.79266
      vertex 17.5492 14.6039 -1.72312
    endloop
  endfacet
  facet normal 0.865949 0.500132 4.61203e-05
    outer loop
      vertex 17.7395 14.2743 -2.43339
      vertex 17.519 14.6563 -4.79266
      vertex 17.6335 14.4578 -2.07987
    endloop
  endfacet
  facet normal 0.866106 0.49986 -1.26727e-05
    outer loop
      vertex 17.857 14.0707 -2.75036
      vertex 17.519 14.6563 -4.79266
      vertex 17.7395 14.2743 -2.43339
    endloop
  endfacet
  facet normal 0.865934 0.500159 0.000101447
    outer loop
      vertex 17.8622 14.0617 -2.76445
      vertex 17.519 14.6563 -4.79266
      vertex 17.857 14.0707 -2.75036
    endloop
  endfacet
  facet normal 0.866031 0.499991 3.57954e-05
    outer loop
      vertex 18.0006 13.822 -3.06985
      vertex 17.519 14.6563 -4.79266
      vertex 17.8622 14.0617 -2.76445
    endloop
  endfacet
  facet normal 0.866568 0.499058 -0.000565864
    outer loop
      vertex 18.0071 13.8107 -3.08163
      vertex 17.519 14.6563 -4.79266
      vertex 18.0006 13.822 -3.06985
    endloop
  endfacet
  facet normal 0.866027 0.499997 5.24366e-05
    outer loop
      vertex 18.1533 13.5575 -3.34664
      vertex 17.519 14.6563 -4.79266
      vertex 18.0071 13.8107 -3.08163
    endloop
  endfacet
  facet normal 0.866023 0.500003 5.87492e-05
    outer loop
      vertex 18.3118 13.283 -3.58172
      vertex 17.519 14.6563 -4.79266
      vertex 18.1533 13.5575 -3.34664
    endloop
  endfacet
  facet normal 0.865155 0.5015 0.00232504
    outer loop
      vertex 18.3189 13.2708 -3.59217
      vertex 17.519 14.6563 -4.79266
      vertex 18.3118 13.283 -3.58172
    endloop
  endfacet
  facet normal 0.866117 0.499842 -0.0002296
    outer loop
      vertex 18.3264 13.2578 -3.60119
      vertex 17.519 14.6563 -4.79266
      vertex 18.3189 13.2708 -3.59217
    endloop
  endfacet
  facet normal 0.866084 0.499898 -0.000141569
    outer loop
      vertex 18.4956 12.9646 -3.80407
      vertex 17.519 14.6563 -4.79266
      vertex 18.3264 13.2578 -3.60119
    endloop
  endfacet
  facet normal 0.866001 0.500042 0.00018695
    outer loop
      vertex 18.674 12.6557 -3.97279
      vertex 17.519 14.6563 -4.79266
      vertex 18.4956 12.9646 -3.80407
    endloop
  endfacet
  facet normal 0.866809 0.49862 -0.00442187
    outer loop
      vertex 18.6819 12.6419 -3.98029
      vertex 17.519 14.6563 -4.79266
      vertex 18.674 12.6557 -3.97279
    endloop
  endfacet
  facet normal 0.865998 0.500047 0.00027781
    outer loop
      vertex 17.519 14.6563 -4.79266
      vertex 18.6819 12.6419 -3.98029
      vertex 18.7627 12.502 -4.03809
    endloop
  endfacet
  facet normal 0.866845 0.498578 0
    outer loop
      vertex 17.519 14.6563 4.79266
      vertex 17.5454 14.6104 1.50727
      vertex 17.519 14.6563 1.3593
    endloop
  endfacet
  facet normal 0.863414 0.504496 -0.00011026
    outer loop
      vertex 17.519 14.6563 4.79266
      vertex 17.5492 14.6039 1.52312
      vertex 17.5454 14.6104 1.50727
    endloop
  endfacet
  facet normal 0.866165 0.499757 -8.89943e-06
    outer loop
      vertex 17.519 14.6563 4.79266
      vertex 17.6335 14.4578 1.87987
      vertex 17.5492 14.6039 1.52312
    endloop
  endfacet
  facet normal 0.865947 0.500136 -4.33209e-05
    outer loop
      vertex 17.519 14.6563 4.79266
      vertex 17.7395 14.2743 2.23339
      vertex 17.6335 14.4578 1.87987
    endloop
  endfacet
  facet normal 0.866107 0.499859 1.18691e-05
    outer loop
      vertex 17.519 14.6563 4.79266
      vertex 17.857 14.0707 2.55036
      vertex 17.7395 14.2743 2.23339
    endloop
  endfacet
  facet normal 0.86593 0.500166 -9.50239e-05
    outer loop
      vertex 17.519 14.6563 4.79266
      vertex 17.8622 14.0617 2.56445
      vertex 17.857 14.0707 2.55036
    endloop
  endfacet
  facet normal 0.86603 0.499993 -3.33976e-05
    outer loop
      vertex 17.519 14.6563 4.79266
      vertex 18.0006 13.822 2.86985
      vertex 17.8622 14.0617 2.56445
    endloop
  endfacet
  facet normal 0.866586 0.499027 0.000525349
    outer loop
      vertex 17.519 14.6563 4.79266
      vertex 18.0071 13.8107 2.88163
      vertex 18.0006 13.822 2.86985
    endloop
  endfacet
  facet normal 0.866025 0.5 -4.86857e-05
    outer loop
      vertex 17.519 14.6563 4.79266
      vertex 18.1533 13.5575 3.14664
      vertex 18.0071 13.8107 2.88163
    endloop
  endfacet
  facet normal 0.866022 0.500006 -5.42073e-05
    outer loop
      vertex 17.519 14.6563 4.79266
      vertex 18.3118 13.283 3.38172
      vertex 18.1533 13.5575 3.14664
    endloop
  endfacet
  facet normal 0.865088 0.501615 -0.00214515
    outer loop
      vertex 17.519 14.6563 4.79266
      vertex 18.3189 13.2708 3.39217
      vertex 18.3118 13.283 3.38172
    endloop
  endfacet
  facet normal 0.866122 0.499832 0.000210158
    outer loop
      vertex 17.519 14.6563 4.79266
      vertex 18.3264 13.2578 3.40119
      vertex 18.3189 13.2708 3.39217
    endloop
  endfacet
  facet normal 0.866088 0.499892 0.000129568
    outer loop
      vertex 17.519 14.6563 4.79266
      vertex 18.4956 12.9646 3.60407
      vertex 18.3264 13.2578 3.40119
    endloop
  endfacet
  facet normal 0.865997 0.500049 -0.00016925
    outer loop
      vertex 17.519 14.6563 4.79266
      vertex 18.674 12.6557 3.77279
      vertex 18.4956 12.9646 3.60407
    endloop
  endfacet
  facet normal 0.866909 0.49845 0.00400263
    outer loop
      vertex 17.519 14.6563 4.79266
      vertex 18.6819 12.6419 3.78029
      vertex 18.674 12.6557 3.77279
    endloop
  endfacet
  facet normal 0.865967 0.5001 -0.000364114
    outer loop
      vertex 17.519 14.6563 4.79266
      vertex 18.876 12.3059 3.91915
      vertex 18.6819 12.6419 3.78029
    endloop
  endfacet
  facet normal 0.866239 0.499628 0.00132794
    outer loop
      vertex 18.876 12.3059 3.91915
      vertex 17.519 14.6563 4.79266
      vertex 18.9213 12.2273 3.94186
    endloop
  endfacet
  facet normal 0.866779 0.498692 0.000173644
    outer loop
      vertex 22.5856 5.88064 0
      vertex 22.526 5.98381 1.20956
      vertex 22.5706 5.9065 0.607706
    endloop
  endfacet
  facet normal 0.470771 -0.815399 -0.336896
    outer loop
      vertex 22.3496 6.28936 -2.37264
      vertex 5.93303 -3.42544 -1.79976
      vertex 5.72805 -3.30709 -2.37264
    endloop
  endfacet
  facet normal 0.470772 -0.815402 -0.336888
    outer loop
      vertex 5.93303 -3.42544 -1.79976
      vertex 22.3496 6.28936 -2.37264
      vertex 22.4521 6.11185 -1.79976
    endloop
  endfacet
  facet normal 0.866069 0.499925 7.61277e-05
    outer loop
      vertex 21.8819 7.09943 3.93324
      vertex 21.4522 7.84371 4.79266
      vertex 21.6776 7.45329 4.38406
    endloop
  endfacet
  facet normal 0.0245307 -0.0424884 0.998796
    outer loop
      vertex 19.4856 11.25 6.2
      vertex 0 0 6.2
      vertex 19.7894 10.7237 6.17015
    endloop
  endfacet
  facet normal 0.428886 -0.742851 0.514033
    outer loop
      vertex 5.19682 -3.00039 3.37494
      vertex 22.0631 6.78554 3.44454
      vertex 5.15511 -2.97631 3.44454
    endloop
  endfacet
  facet normal 0.428867 -0.742818 0.514096
    outer loop
      vertex 22.0631 6.78554 3.44454
      vertex 5.19682 -3.00039 3.37494
      vertex 22.2195 6.51465 2.92266
    endloop
  endfacet
  facet normal 0.494589 -0.856653 -0.146723
    outer loop
      vertex 6.15604 -3.55419 -0.702777
      vertex 6.08087 -3.51079 -1.20956
      vertex 22.526 5.98381 -1.20956
    endloop
  endfacet
  facet normal 0.866007 0.500031 -0.000181508
    outer loop
      vertex 20.9469 8.7189 5.46791
      vertex 19.4856 11.25 6.2
      vertex 20.0904 10.2025 6.08087
    endloop
  endfacet
  facet normal 0.866008 0.50003 -4.24452e-05
    outer loop
      vertex 22.2195 6.51465 2.92266
      vertex 20.9469 8.7189 5.46791
      vertex 21.8819 7.09943 3.93324
    endloop
  endfacet
  facet normal 0.0733655 -0.127073 0.989176
    outer loop
      vertex 19.7894 10.7237 6.17015
      vertex 0.617238 -0.356363 6.16873
      vertex 20.0904 10.2025 6.08087
    endloop
  endfacet
  facet normal 0.0736684 -0.127597 0.989086
    outer loop
      vertex 0.617238 -0.356363 6.16873
      vertex 19.7894 10.7237 6.17015
      vertex 0.607706 -0.350859 6.17015
    endloop
  endfacet
  facet normal 0.865924 0.500175 -5.03078e-05
    outer loop
      vertex 22.4521 6.11185 1.79976
      vertex 22.2195 6.51465 2.92266
      vertex 22.3496 6.28936 2.37264
    endloop
  endfacet
  facet normal 0.866023 0.500003 0.000731215
    outer loop
      vertex 22.2195 6.51465 2.92266
      vertex 20.9764 8.66784 2.85685
      vertex 20.9705 8.67804 2.86985
    endloop
  endfacet
  facet normal 0.865812 0.500364 -0.00219119
    outer loop
      vertex 22.2195 6.51465 2.92266
      vertex 20.4755 9.53539 3.60407
      vertex 20.4529 9.57459 3.62548
    endloop
  endfacet
  facet normal 0.866002 0.50004 -0.000266136
    outer loop
      vertex 22.2195 6.51465 2.92266
      vertex 20.6447 9.24225 3.40119
      vertex 20.4755 9.53539 3.60407
    endloop
  endfacet
  facet normal 0.866732 0.498675 0.00991492
    outer loop
      vertex 22.2195 6.51465 2.92266
      vertex 20.6523 9.22922 3.39217
      vertex 20.6447 9.24225 3.40119
    endloop
  endfacet
  facet normal 0.865687 0.500566 -0.00450639
    outer loop
      vertex 22.2195 6.51465 2.92266
      vertex 20.6593 9.21702 3.38172
      vertex 20.6523 9.22922 3.39217
    endloop
  endfacet
  facet normal 0.866034 0.499986 8.62954e-05
    outer loop
      vertex 22.2195 6.51465 2.92266
      vertex 20.8178 8.94252 3.14664
      vertex 20.6593 9.21702 3.38172
    endloop
  endfacet
  facet normal 0.86603 0.499991 3.10429e-06
    outer loop
      vertex 22.2195 6.51465 2.92266
      vertex 20.964 8.68929 2.88163
      vertex 20.8178 8.94252 3.14664
    endloop
  endfacet
  facet normal 0.866027 0.499996 0.000358149
    outer loop
      vertex 22.2195 6.51465 2.92266
      vertex 20.9705 8.67804 2.86985
      vertex 20.964 8.68929 2.88163
    endloop
  endfacet
  facet normal 0.866034 0.499985 -7.29737e-05
    outer loop
      vertex 20.9764 8.66784 2.85685
      vertex 22.2195 6.51465 2.92266
      vertex 21.0775 8.49269 2.63371
    endloop
  endfacet
  facet normal 0.866027 0.499997 3.50126e-05
    outer loop
      vertex 21.0775 8.49269 2.63371
      vertex 22.2195 6.51465 2.92266
      vertex 22.4521 6.11185 1.79976
    endloop
  endfacet
  facet normal 0.865998 0.500047 -0.000265904
    outer loop
      vertex 17.519 14.6563 4.79266
      vertex 19.0759 11.9596 4.0193
      vertex 18.9213 12.2273 3.94186
    endloop
  endfacet
  facet normal 0.866069 0.499924 0.000305647
    outer loop
      vertex 17.519 14.6563 4.79266
      vertex 19.2797 11.6065 4.07978
      vertex 19.0759 11.9596 4.0193
    endloop
  endfacet
  facet normal 0.865535 0.500824 -0.00486191
    outer loop
      vertex 17.519 14.6563 4.79266
      vertex 19.2885 11.5913 4.08064
      vertex 19.2797 11.6065 4.07978
    endloop
  endfacet
  facet normal 0.866277 0.499557 0.00243543
    outer loop
      vertex 19.2885 11.5913 4.08064
      vertex 17.519 14.6563 4.79266
      vertex 19.3047 11.5632 4.08223
    endloop
  endfacet
  facet normal 0.866007 0.500031 0.000181508
    outer loop
      vertex 20.0904 10.2025 -6.08087
      vertex 19.4856 11.25 -6.2
      vertex 20.9469 8.7189 -5.46791
    endloop
  endfacet
  facet normal 0.866117 0.499837 -0.00208715
    outer loop
      vertex 19.7894 10.7237 -6.17015
      vertex 19.4856 11.25 -6.2
      vertex 20.0904 10.2025 -6.08087
    endloop
  endfacet
  facet normal -0.213777 0.370273 -0.90399
    outer loop
      vertex 0 3.3748 -5.46791
      vertex 18.2993 13.3048 -5.72805
      vertex 0 2.73969 -5.72805
    endloop
  endfacet
  facet normal -0.213772 0.370263 -0.903995
    outer loop
      vertex 18.2993 13.3048 -5.72805
      vertex 0 3.3748 -5.46791
      vertex 18.0242 13.7811 -5.46791
    endloop
  endfacet
  facet normal 0.865962 0.50011 -0.000384985
    outer loop
      vertex 18.0242 13.7811 -5.46791
      vertex 17.7633 14.2331 -5.15511
      vertex 19.1817 11.7763 -6.17015
    endloop
  endfacet
  facet normal 0.865853 0.500298 -9.29641e-05
    outer loop
      vertex 16.4005 16.5935 -0.607706
      vertex 16.3856 16.6194 0
      vertex 16.4451 16.5162 -1.20956
    endloop
  endfacet
  facet normal -0.370476 0.641682 -0.671559
    outer loop
      vertex 0 5.53409 -3.93324
      vertex 17.2935 15.0467 -4.38406
      vertex 0 5.06228 -4.38406
    endloop
  endfacet
  facet normal -0.370462 0.641655 -0.671592
    outer loop
      vertex 17.2935 15.0467 -4.38406
      vertex 0 5.53409 -3.93324
      vertex 17.0892 15.4006 -3.93324
    endloop
  endfacet
  facet normal 0.866304 0.499517 0.000359603
    outer loop
      vertex 16.908 15.7145 -3.44454
      vertex 16.6215 16.2106 -2.37264
      vertex 17.0892 15.4006 -3.93324
    endloop
  endfacet
  facet normal 0.865953 0.500125 -6.58502e-05
    outer loop
      vertex 17.0892 15.4006 -3.93324
      vertex 16.4451 16.5162 -1.20956
      vertex 17.519 14.6563 -4.79266
    endloop
  endfacet
  facet normal 0.213778 -0.370274 -0.903989
    outer loop
      vertex 2.92266 -1.6874 -5.46791
      vertex 2.4066 -1.38945 -5.71199
      vertex 20.9469 8.7189 -5.46791
    endloop
  endfacet
  facet normal 0.0733655 -0.127073 -0.989176
    outer loop
      vertex 0.617238 -0.356363 -6.16873
      vertex 19.7894 10.7237 -6.17015
      vertex 20.0904 10.2025 -6.08087
    endloop
  endfacet
  facet normal 0.0736684 -0.127597 -0.989086
    outer loop
      vertex 19.7894 10.7237 -6.17015
      vertex 0.617238 -0.356363 -6.16873
      vertex 0.607706 -0.350859 -6.17015
    endloop
  endfacet
  facet normal 0.121496 -0.210438 0.970028
    outer loop
      vertex 20.0904 10.2025 6.08087
      vertex 1.20956 -0.698339 6.08087
      vertex 1.77291 -1.02359 5.93975
    endloop
  endfacet
  facet normal 0.0733631 -0.127069 0.989177
    outer loop
      vertex 20.0904 10.2025 6.08087
      vertex 0.617238 -0.356363 6.16873
      vertex 1.20956 -0.698339 6.08087
    endloop
  endfacet
  facet normal 0.866025 0.500001 8.37419e-05
    outer loop
      vertex 20.9469 8.7189 5.46791
      vertex 17.519 14.6563 4.79266
      vertex 17.7633 14.2331 5.15511
    endloop
  endfacet
  facet normal -0.213772 0.370263 0.903995
    outer loop
      vertex 0 3.3748 5.46791
      vertex 18.2993 13.3048 5.72805
      vertex 18.0242 13.7811 5.46791
    endloop
  endfacet
  facet normal -0.213777 0.370273 0.90399
    outer loop
      vertex 18.2993 13.3048 5.72805
      vertex 0 3.3748 5.46791
      vertex 0 2.73969 5.72805
    endloop
  endfacet
  facet normal 0.866032 0.499989 -5.79911e-05
    outer loop
      vertex 20.9469 8.7189 5.46791
      vertex 19.3047 11.5632 4.08223
      vertex 17.519 14.6563 4.79266
    endloop
  endfacet
  facet normal 0.865926 0.500172 0.000444489
    outer loop
      vertex 19.3047 11.5632 4.08223
      vertex 20.9469 8.7189 5.46791
      vertex 19.4856 11.25 4.1
    endloop
  endfacet
  facet normal 0.866075 0.499914 -0.000193053
    outer loop
      vertex 19.4856 11.25 4.1
      vertex 20.9469 8.7189 5.46791
      vertex 19.6826 10.9087 4.08064
    endloop
  endfacet
  facet normal 0.865473 0.500951 0.00199246
    outer loop
      vertex 19.6826 10.9087 4.08064
      vertex 20.9469 8.7189 5.46791
      vertex 19.6914 10.8935 4.07978
    endloop
  endfacet
  facet normal 0.865994 0.500054 0.00011686
    outer loop
      vertex 19.6914 10.8935 4.07978
      vertex 20.9469 8.7189 5.46791
      vertex 19.8953 10.5404 4.0193
    endloop
  endfacet
  facet normal 0.866057 0.499946 -6.48583e-05
    outer loop
      vertex 20.9469 8.7189 5.46791
      vertex 20.0952 10.1941 3.91915
      vertex 19.8953 10.5404 4.0193
    endloop
  endfacet
  facet normal 0.866036 0.499981 -1.96637e-05
    outer loop
      vertex 20.9469 8.7189 5.46791
      vertex 20.2892 9.85806 3.78029
      vertex 20.0952 10.1941 3.91915
    endloop
  endfacet
  facet normal 0.865988 0.500065 5.59119e-05
    outer loop
      vertex 20.9469 8.7189 5.46791
      vertex 20.4529 9.57459 3.62548
      vertex 20.2892 9.85806 3.78029
    endloop
  endfacet
  facet normal 0.866033 0.499987 7.1616e-06
    outer loop
      vertex 20.4529 9.57459 3.62548
      vertex 20.9469 8.7189 5.46791
      vertex 22.2195 6.51465 2.92266
    endloop
  endfacet
  facet normal 0.865817 0.500361 0.000161206
    outer loop
      vertex 16.908 15.7145 3.44454
      vertex 16.6215 16.2106 2.37264
      vertex 16.7516 15.9853 2.92266
    endloop
  endfacet
  facet normal 0.866325 0.49948 -0
    outer loop
      vertex 16.4451 16.5162 -1.20956
      vertex 16.3856 16.6194 0
      vertex 16.4451 16.5162 1.20956
    endloop
  endfacet
  facet normal 0.865853 0.500298 9.29641e-05
    outer loop
      vertex 16.4451 16.5162 1.20956
      vertex 16.3856 16.6194 0
      vertex 16.4005 16.5935 0.607706
    endloop
  endfacet
  facet normal -0.494594 0.856658 0.146678
    outer loop
      vertex 16.4005 16.5935 0.607706
      vertex 0 7.02158 1.20956
      vertex 16.4451 16.5162 1.20956
    endloop
  endfacet
  facet normal -0.494588 0.856652 0.146734
    outer loop
      vertex 0 7.02158 1.20956
      vertex 16.4005 16.5935 0.607706
      vertex 0 7.12467 0.607706
    endloop
  endfacet
  facet normal 0.470771 -0.815399 0.336896
    outer loop
      vertex 5.93303 -3.42544 1.79976
      vertex 22.3496 6.28936 2.37264
      vertex 5.72805 -3.30709 2.37264
    endloop
  endfacet
  facet normal 0.470772 -0.815402 0.336888
    outer loop
      vertex 22.3496 6.28936 2.37264
      vertex 5.93303 -3.42544 1.79976
      vertex 22.4521 6.11185 1.79976
    endloop
  endfacet
  facet normal 0.866223 0.499658 6.37908e-05
    outer loop
      vertex 22.5856 5.88064 0
      vertex 22.4521 6.11185 1.79976
      vertex 22.526 5.98381 1.20956
    endloop
  endfacet
  facet normal 0.494589 -0.856653 0.146723
    outer loop
      vertex 22.526 5.98381 1.20956
      vertex 6.08087 -3.51079 1.20956
      vertex 6.15604 -3.55419 0.702777
    endloop
  endfacet
  facet normal 0.499397 -0.864983 0.0490541
    outer loop
      vertex 22.5856 5.88064 0
      vertex 6.17488 -3.56507 0.511417
      vertex 6.2 -3.57957 0
    endloop
  endfacet
  facet normal 0.499397 -0.864978 0.0491457
    outer loop
      vertex 6.17488 -3.56507 0.511417
      vertex 22.5706 5.9065 0.607706
      vertex 6.17015 -3.56233 0.607706
    endloop
  endfacet
  facet normal 0.499397 -0.864979 0.0491345
    outer loop
      vertex 22.5706 5.9065 0.607706
      vertex 6.17488 -3.56507 0.511417
      vertex 22.5856 5.88064 0
    endloop
  endfacet
  facet normal 0.401603 -0.695596 0.595702
    outer loop
      vertex 21.8819 7.09943 3.93324
      vertex 4.79266 -2.76705 3.93324
      vertex 5.10761 -2.94888 3.50859
    endloop
  endfacet
  facet normal 0.213777 -0.370272 0.90399
    outer loop
      vertex 20.6719 9.19524 5.72805
      vertex 2.4066 -1.38945 5.71199
      vertex 20.9469 8.7189 5.46791
    endloop
  endfacet
  facet normal 0.213743 -0.370214 0.904022
    outer loop
      vertex 2.4066 -1.38945 5.71199
      vertex 20.6719 9.19524 5.72805
      vertex 2.37264 -1.36984 5.72805
    endloop
  endfacet
  facet normal 0.297841 -0.515877 0.80322
    outer loop
      vertex 21.2078 8.26694 5.15511
      vertex 3.93324 -2.27086 4.79266
      vertex 21.4522 7.84371 4.79266
    endloop
  endfacet
  facet normal 0.29785 -0.51589 0.803208
    outer loop
      vertex 3.93324 -2.27086 4.79266
      vertex 21.2078 8.26694 5.15511
      vertex 3.44454 -1.9887 5.15511
    endloop
  endfacet
  facet normal -0.168445 0.291757 -0.941543
    outer loop
      vertex 0 2.73969 -5.72805
      vertex 18.5857 12.8086 -5.93303
      vertex 0 2.07819 -5.93303
    endloop
  endfacet
  facet normal -0.168434 0.291737 -0.941552
    outer loop
      vertex 18.5857 12.8086 -5.93303
      vertex 0 2.73969 -5.72805
      vertex 18.2993 13.3048 -5.72805
    endloop
  endfacet
  facet normal 0.866223 0.499658 -6.37908e-05
    outer loop
      vertex 22.526 5.98381 -1.20956
      vertex 22.4521 6.11185 -1.79976
      vertex 22.5856 5.88064 0
    endloop
  endfacet
  facet normal 0.866008 0.50003 0
    outer loop
      vertex 22.5856 5.88064 0
      vertex 22.4521 6.11185 -1.79976
      vertex 22.4521 6.11185 1.79976
    endloop
  endfacet
  facet normal 0.297841 -0.515877 -0.80322
    outer loop
      vertex 3.93324 -2.27086 -4.79266
      vertex 21.2078 8.26694 -5.15511
      vertex 21.4522 7.84371 -4.79266
    endloop
  endfacet
  facet normal 0.29785 -0.51589 -0.803208
    outer loop
      vertex 21.2078 8.26694 -5.15511
      vertex 3.93324 -2.27086 -4.79266
      vertex 3.44454 -1.9887 -5.15511
    endloop
  endfacet
  facet normal 0.866069 0.499925 -7.61277e-05
    outer loop
      vertex 21.6776 7.45329 -4.38406
      vertex 21.4522 7.84371 -4.79266
      vertex 21.8819 7.09943 -3.93324
    endloop
  endfacet
  facet normal 0.121496 -0.210438 -0.970028
    outer loop
      vertex 1.77291 -1.02359 -5.93975
      vertex 1.20956 -0.698339 -6.08087
      vertex 20.0904 10.2025 -6.08087
    endloop
  endfacet
  facet normal -0.0245269 0.0424815 -0.998796
    outer loop
      vertex 0 0.701719 -6.17015
      vertex 19.4856 11.25 -6.2
      vertex 0.151876 0.263222 -6.19253
    endloop
  endfacet
  facet normal -0.0245396 0.042504 -0.998795
    outer loop
      vertex 0 0 -6.2
      vertex 0.151876 0.263222 -6.19253
      vertex 19.4856 11.25 -6.2
    endloop
  endfacet
  facet normal -0.0245398 0.0425041 -0.998795
    outer loop
      vertex 0.151876 0.263222 -6.19253
      vertex 0 0 -6.2
      vertex 0 0.175536 -6.19253
    endloop
  endfacet
  facet normal -0.0249311 0.0423413 -0.998792
    outer loop
      vertex 0 0.701719 -6.17015
      vertex 0.151876 0.263222 -6.19253
      vertex 0.146621 0.27263 -6.192
    endloop
  endfacet
  facet normal 0.010109 0.0542984 -0.998474
    outer loop
      vertex 0 0.701719 -6.17015
      vertex 0.146621 0.27263 -6.192
      vertex 0.146162 0.273451 -6.19196
    endloop
  endfacet
  facet normal -0.0247389 0.0424216 -0.998793
    outer loop
      vertex 0 0.701719 -6.17015
      vertex 0.146162 0.273451 -6.19196
      vertex 0.127702 0.299886 -6.19038
    endloop
  endfacet
  facet normal -0.0270671 0.0416802 -0.998764
    outer loop
      vertex 0 0.701719 -6.17015
      vertex 0.127702 0.299886 -6.19038
      vertex 0.125514 0.303018 -6.19019
    endloop
  endfacet
  facet normal -0.0217581 0.0433545 -0.998823
    outer loop
      vertex 0 0.701719 -6.17015
      vertex 0.125514 0.303018 -6.19019
      vertex 0.122723 0.306225 -6.18999
    endloop
  endfacet
  facet normal -0.0249199 0.0423717 -0.998791
    outer loop
      vertex 0 0.701719 -6.17015
      vertex 0.122723 0.306225 -6.18999
      vertex 0.100601 0.331637 -6.18836
    endloop
  endfacet
  facet normal -0.0243423 0.0425291 -0.998799
    outer loop
      vertex 0 0.701719 -6.17015
      vertex 0.100601 0.331637 -6.18836
      vertex 0.09507 0.336691 -6.18801
    endloop
  endfacet
  facet normal -0.0246476 0.0424494 -0.998795
    outer loop
      vertex 0 0.701719 -6.17015
      vertex 0.09507 0.336691 -6.18801
      vertex 0.0712928 0.358414 -6.1865
    endloop
  endfacet
  facet normal -0.0245475 0.0424703 -0.998796
    outer loop
      vertex 0 0.701719 -6.17015
      vertex 0.0712928 0.358414 -6.1865
      vertex 0.0479163 0.375005 -6.18522
    endloop
  endfacet
  facet normal -0.0243311 0.0425022 -0.9988
    outer loop
      vertex 0 0.701719 -6.17015
      vertex 0.0479163 0.375005 -6.18522
      vertex 0.037652 0.382289 -6.18466
    endloop
  endfacet
  facet normal -0.0243279 0.0425026 -0.9988
    outer loop
      vertex 0 0.701719 -6.17015
      vertex 0.037652 0.382289 -6.18466
      vertex 0.013466 0.395 -6.18353
    endloop
  endfacet
  facet normal -0.0251516 0.0424656 -0.998781
    outer loop
      vertex 0 0.701719 -6.17015
      vertex 0.013466 0.395 -6.18353
      vertex 0 0.402077 -6.18289
    endloop
  endfacet
  facet normal -0.0245287 0.0424849 -0.998796
    outer loop
      vertex 19.4856 11.25 -6.2
      vertex 0 0.701719 -6.17015
      vertex 19.1817 11.7763 -6.17015
    endloop
  endfacet
  facet normal 0.866025 0.500001 -8.37419e-05
    outer loop
      vertex 17.7633 14.2331 -5.15511
      vertex 17.519 14.6563 -4.79266
      vertex 20.9469 8.7189 -5.46791
    endloop
  endfacet
  facet normal 0.865354 0.501159 -0.00126041
    outer loop
      vertex 17.2935 15.0467 -4.38406
      vertex 17.0892 15.4006 -3.93324
      vertex 17.519 14.6563 -4.79266
    endloop
  endfacet
  facet normal -0.451985 0.782865 -0.427589
    outer loop
      vertex 0 6.3138 -2.92266
      vertex 16.6215 16.2106 -2.37264
      vertex 16.7516 15.9853 -2.92266
    endloop
  endfacet
  facet normal -0.451992 0.782875 -0.427562
    outer loop
      vertex 16.6215 16.2106 -2.37264
      vertex 0 6.3138 -2.92266
      vertex 0 6.61419 -2.37264
    endloop
  endfacet
  facet normal -0.494594 0.856658 -0.146678
    outer loop
      vertex 0 7.02158 -1.20956
      vertex 16.4005 16.5935 -0.607706
      vertex 16.4451 16.5162 -1.20956
    endloop
  endfacet
  facet normal -0.494588 0.856652 -0.146734
    outer loop
      vertex 16.4005 16.5935 -0.607706
      vertex 0 7.02158 -1.20956
      vertex 0 7.12467 -0.607706
    endloop
  endfacet
  facet normal -0.499397 0.864981 -0.0491093
    outer loop
      vertex 0 7.12467 -0.607706
      vertex 16.3856 16.6194 0
      vertex 16.4005 16.5935 -0.607706
    endloop
  endfacet
  facet normal -0.499399 0.864982 -0.0490631
    outer loop
      vertex 16.3856 16.6194 0
      vertex 0 7.12467 -0.607706
      vertex 0 7.15914 0
    endloop
  endfacet
  facet normal 0.0733631 -0.127069 -0.989177
    outer loop
      vertex 1.20956 -0.698339 -6.08087
      vertex 0.617238 -0.356363 -6.16873
      vertex 20.0904 10.2025 -6.08087
    endloop
  endfacet
  facet normal 0.0246983 -0.0422065 -0.998804
    outer loop
      vertex 0.607706 -0.350859 -6.17015
      vertex 0.347553 -0.20066 -6.18293
      vertex 0.349438 -0.186778 -6.18347
    endloop
  endfacet
  facet normal 0.0244834 -0.042544 -0.998795
    outer loop
      vertex 0.349263 -0.157298 -6.18473
      vertex 0.607706 -0.350859 -6.17015
      vertex 0.349438 -0.186778 -6.18347
    endloop
  endfacet
  facet normal 0.0245485 -0.0424573 -0.998797
    outer loop
      vertex 0.349188 -0.144638 -6.18527
      vertex 0.607706 -0.350859 -6.17015
      vertex 0.349263 -0.157298 -6.18473
    endloop
  endfacet
  facet normal 0.0245244 -0.0424874 -0.998796
    outer loop
      vertex 0.347611 -0.133089 -6.1858
      vertex 0.607706 -0.350859 -6.17015
      vertex 0.349188 -0.144638 -6.18527
    endloop
  endfacet
  facet normal 0.0246351 -0.0423554 -0.998799
    outer loop
      vertex 0.343673 -0.104252 -6.18712
      vertex 0.607706 -0.350859 -6.17015
      vertex 0.347611 -0.133089 -6.1858
    endloop
  endfacet
  facet normal 0.0237676 -0.043283 -0.99878
    outer loop
      vertex 0.341457 -0.0957771 -6.18754
      vertex 0.607706 -0.350859 -6.17015
      vertex 0.343673 -0.104252 -6.18712
    endloop
  endfacet
  facet normal 0.0244735 -0.0425471 -0.998795
    outer loop
      vertex 0.333775 -0.0663918 -6.18898
      vertex 0.607706 -0.350859 -6.17015
      vertex 0.341457 -0.0957771 -6.18754
    endloop
  endfacet
  facet normal 0.0249197 -0.0421179 -0.998802
    outer loop
      vertex 0.321514 -0.0345174 -6.19063
      vertex 0.607706 -0.350859 -6.17015
      vertex 0.333775 -0.0663918 -6.18898
    endloop
  endfacet
  facet normal 0.0206626 -0.0459646 -0.998729
    outer loop
      vertex 0.320373 -0.0315538 -6.19079
      vertex 0.607706 -0.350859 -6.17015
      vertex 0.321514 -0.0345174 -6.19063
    endloop
  endfacet
  facet normal 0.0250986 -0.0419775 -0.998803
    outer loop
      vertex 0.304285 -9.69041e-06 -6.19252
      vertex 0.607706 -0.350859 -6.17015
      vertex 0.320373 -0.0315538 -6.19079
    endloop
  endfacet
  facet normal -0.722065 -0.641043 -0.260165
    outer loop
      vertex 0.30428 0 -6.19253
      vertex 0.607706 -0.350859 -6.17015
      vertex 0.304285 -9.69041e-06 -6.19252
    endloop
  endfacet
  facet normal 0.416171 0.305275 -0.85651
    outer loop
      vertex 0.304274 8.1796e-06 -6.19253
      vertex 0.607706 -0.350859 -6.17015
      vertex 0.30428 0 -6.19253
    endloop
  endfacet
  facet normal 0.268125 0.171407 -0.948013
    outer loop
      vertex 0.304214 0.000102035 -6.19253
      vertex 0.607706 -0.350859 -6.17015
      vertex 0.304274 8.1796e-06 -6.19253
    endloop
  endfacet
  facet normal 0.0245268 -0.0424816 -0.998796
    outer loop
      vertex 0.607706 -0.350859 -6.17015
      vertex 0.304214 0.000102035 -6.19253
      vertex 19.7894 10.7237 -6.17015
    endloop
  endfacet
  facet normal 0.0245397 -0.0425052 -0.998795
    outer loop
      vertex 0.304214 0.000102035 -6.19253
      vertex 0 0 -6.2
      vertex 19.7894 10.7237 -6.17015
    endloop
  endfacet
  facet normal 0.0245397 -0.0425039 -0.998795
    outer loop
      vertex 0 0 -6.2
      vertex 0.304214 0.000102035 -6.19253
      vertex 0.152019 -0.0877681 -6.19253
    endloop
  endfacet
  facet normal 0.865846 0.500311 -0.000369501
    outer loop
      vertex 21.8819 7.09943 3.93324
      vertex 21.2078 8.26694 5.15511
      vertex 21.4522 7.84371 4.79266
    endloop
  endfacet
  facet normal -0.0245638 0.0425465 0.998792
    outer loop
      vertex 19.4856 11.25 6.2
      vertex 0.146621 0.27263 6.192
      vertex 0.151876 0.263222 6.19253
    endloop
  endfacet
  facet normal -0.024526 0.0424799 0.998796
    outer loop
      vertex 19.4856 11.25 6.2
      vertex 0 0.701719 6.17015
      vertex 0.146621 0.27263 6.192
    endloop
  endfacet
  facet normal 0.010109 0.0542984 0.998474
    outer loop
      vertex 0.146621 0.27263 6.192
      vertex 0 0.701719 6.17015
      vertex 0.146162 0.273451 6.19196
    endloop
  endfacet
  facet normal -0.0247389 0.0424216 0.998793
    outer loop
      vertex 0.146162 0.273451 6.19196
      vertex 0 0.701719 6.17015
      vertex 0.127702 0.299886 6.19038
    endloop
  endfacet
  facet normal -0.0270671 0.0416802 0.998764
    outer loop
      vertex 0.127702 0.299886 6.19038
      vertex 0 0.701719 6.17015
      vertex 0.125514 0.303018 6.19019
    endloop
  endfacet
  facet normal -0.0217581 0.0433545 0.998823
    outer loop
      vertex 0.125514 0.303018 6.19019
      vertex 0 0.701719 6.17015
      vertex 0.122723 0.306225 6.18999
    endloop
  endfacet
  facet normal -0.0249199 0.0423717 0.998791
    outer loop
      vertex 0.122723 0.306225 6.18999
      vertex 0 0.701719 6.17015
      vertex 0.100601 0.331637 6.18836
    endloop
  endfacet
  facet normal -0.0243423 0.0425291 0.998799
    outer loop
      vertex 0.100601 0.331637 6.18836
      vertex 0 0.701719 6.17015
      vertex 0.09507 0.336691 6.18801
    endloop
  endfacet
  facet normal -0.0246476 0.0424494 0.998795
    outer loop
      vertex 0.09507 0.336691 6.18801
      vertex 0 0.701719 6.17015
      vertex 0.0712928 0.358414 6.1865
    endloop
  endfacet
  facet normal -0.0245475 0.0424703 0.998796
    outer loop
      vertex 0.0712928 0.358414 6.1865
      vertex 0 0.701719 6.17015
      vertex 0.0479163 0.375005 6.18522
    endloop
  endfacet
  facet normal -0.0243311 0.0425022 0.9988
    outer loop
      vertex 0.0479163 0.375005 6.18522
      vertex 0 0.701719 6.17015
      vertex 0.037652 0.382289 6.18466
    endloop
  endfacet
  facet normal -0.0243279 0.0425026 0.9988
    outer loop
      vertex 0.037652 0.382289 6.18466
      vertex 0 0.701719 6.17015
      vertex 0.013466 0.395 6.18353
    endloop
  endfacet
  facet normal -0.0251516 0.0424656 0.998781
    outer loop
      vertex 0.013466 0.395 6.18353
      vertex 0 0.701719 6.17015
      vertex 0 0.402077 6.18289
    endloop
  endfacet
  facet normal -0.0245287 0.0424849 0.998796
    outer loop
      vertex 0 0.701719 6.17015
      vertex 19.4856 11.25 6.2
      vertex 19.1817 11.7763 6.17015
    endloop
  endfacet
  facet normal -0.0245398 0.0425041 0.998795
    outer loop
      vertex 0 0 6.2
      vertex 0.151876 0.263222 6.19253
      vertex 0 0.175536 6.19253
    endloop
  endfacet
  facet normal -0.0245396 0.042504 0.998795
    outer loop
      vertex 0.151876 0.263222 6.19253
      vertex 0 0 6.2
      vertex 19.4856 11.25 6.2
    endloop
  endfacet
  facet normal -0.0733721 0.127083 0.989175
    outer loop
      vertex 0 0.712726 6.16873
      vertex 19.1817 11.7763 6.17015
      vertex 18.8808 12.2975 6.08087
    endloop
  endfacet
  facet normal -0.0736705 0.127601 0.989086
    outer loop
      vertex 19.1817 11.7763 6.17015
      vertex 0 0.712726 6.16873
      vertex 0 0.701719 6.17015
    endloop
  endfacet
  facet normal -0.401605 0.695597 0.5957
    outer loop
      vertex 16.908 15.7145 3.44454
      vertex 0 5.53409 3.93324
      vertex 17.0892 15.4006 3.93324
    endloop
  endfacet
  facet normal -0.401604 0.695595 0.595703
    outer loop
      vertex 0 5.53409 3.93324
      vertex 16.908 15.7145 3.44454
      vertex 0 5.95261 3.44454
    endloop
  endfacet
  facet normal 0.370474 -0.64168 0.671562
    outer loop
      vertex 21.8819 7.09943 3.93324
      vertex 4.43051 -2.55796 4.33281
      vertex 4.79266 -2.76705 3.93324
    endloop
  endfacet
  facet normal 0.451996 -0.782878 0.427553
    outer loop
      vertex 5.72805 -3.30709 2.37264
      vertex 22.2195 6.51465 2.92266
      vertex 5.46791 -3.1569 2.92266
    endloop
  endfacet
  facet normal 0.451989 -0.782869 0.427578
    outer loop
      vertex 22.2195 6.51465 2.92266
      vertex 5.72805 -3.30709 2.37264
      vertex 22.3496 6.28936 2.37264
    endloop
  endfacet
  facet normal 0.428865 -0.742814 0.514103
    outer loop
      vertex 22.2195 6.51465 2.92266
      vertex 5.19682 -3.00039 3.37494
      vertex 5.46791 -3.1569 2.92266
    endloop
  endfacet
  facet normal 0.866187 0.49972 0.000196449
    outer loop
      vertex 22.2195 6.51465 2.92266
      vertex 21.8819 7.09943 3.93324
      vertex 22.0631 6.78554 3.44454
    endloop
  endfacet
  facet normal 0.401596 -0.695586 0.595718
    outer loop
      vertex 5.15511 -2.97631 3.44454
      vertex 21.8819 7.09943 3.93324
      vertex 5.10761 -2.94888 3.50859
    endloop
  endfacet
  facet normal 0.401607 -0.695603 0.595691
    outer loop
      vertex 21.8819 7.09943 3.93324
      vertex 5.15511 -2.97631 3.44454
      vertex 22.0631 6.78554 3.44454
    endloop
  endfacet
  facet normal 0.866009 0.500029 -0.000174634
    outer loop
      vertex 20.9469 8.7189 5.46791
      vertex 20.0904 10.2025 6.08087
      vertex 20.3855 9.69136 5.93303
    endloop
  endfacet
  facet normal 0.12149 -0.210427 0.970031
    outer loop
      vertex 20.0904 10.2025 6.08087
      vertex 1.79976 -1.03909 5.93303
      vertex 20.3855 9.69136 5.93303
    endloop
  endfacet
  facet normal 0.121399 -0.21028 0.970075
    outer loop
      vertex 1.79976 -1.03909 5.93303
      vertex 20.0904 10.2025 6.08087
      vertex 1.77291 -1.02359 5.93975
    endloop
  endfacet
  facet normal -0.121497 0.210439 -0.970028
    outer loop
      vertex 18.8808 12.2975 -6.08087
      vertex 0 1.39668 -6.08087
      vertex 0 2.04718 -5.93975
    endloop
  endfacet
  facet normal 0.335782 -0.581592 -0.740946
    outer loop
      vertex 4.38406 -2.53114 -4.38406
      vertex 21.4522 7.84371 -4.79266
      vertex 21.6776 7.45329 -4.38406
    endloop
  endfacet
  facet normal 0.335775 -0.58158 -0.740958
    outer loop
      vertex 21.4522 7.84371 -4.79266
      vertex 4.38406 -2.53114 -4.38406
      vertex 4.33393 -2.50219 -4.4295
    endloop
  endfacet
  facet normal 0.401596 -0.695586 -0.595718
    outer loop
      vertex 21.8819 7.09943 -3.93324
      vertex 5.15511 -2.97631 -3.44454
      vertex 5.10761 -2.94888 -3.50859
    endloop
  endfacet
  facet normal 0.401607 -0.695603 -0.595691
    outer loop
      vertex 5.15511 -2.97631 -3.44454
      vertex 21.8819 7.09943 -3.93324
      vertex 22.0631 6.78554 -3.44454
    endloop
  endfacet
  facet normal 0.865962 0.50011 0.000517056
    outer loop
      vertex 18.876 12.3059 -4.11915
      vertex 17.519 14.6563 -4.79266
      vertex 18.7627 12.502 -4.03809
    endloop
  endfacet
  facet normal 0.866044 0.499968 -0.000145881
    outer loop
      vertex 17.519 14.6563 -4.79266
      vertex 18.876 12.3059 -4.11915
      vertex 19.0247 12.0483 -4.19365
    endloop
  endfacet
  facet normal 0.866032 0.499988 2.69546e-05
    outer loop
      vertex 22.2195 6.51465 -2.92266
      vertex 20.9764 8.66784 -3.05685
      vertex 21.1089 8.43832 -2.76445
    endloop
  endfacet
  facet normal 0.866017 0.500014 0.000171134
    outer loop
      vertex 20.8178 8.94252 -3.34664
      vertex 22.2195 6.51465 -2.92266
      vertex 20.6947 9.15579 -3.52929
    endloop
  endfacet
  facet normal 0.866031 0.499991 -3.39759e-06
    outer loop
      vertex 20.964 8.68929 -3.08163
      vertex 22.2195 6.51465 -2.92266
      vertex 20.8178 8.94252 -3.34664
    endloop
  endfacet
  facet normal 0.866043 0.49997 -0.000391973
    outer loop
      vertex 20.9705 8.67804 -3.06985
      vertex 22.2195 6.51465 -2.92266
      vertex 20.964 8.68929 -3.08163
    endloop
  endfacet
  facet normal 0.866054 0.49995 -0.000787274
    outer loop
      vertex 20.9764 8.66784 -3.05685
      vertex 22.2195 6.51465 -2.92266
      vertex 20.9705 8.67804 -3.06985
    endloop
  endfacet
  facet normal 0.866025 0.5 -0.000175829
    outer loop
      vertex 21.1806 8.3142 -2.57119
      vertex 22.2195 6.51465 -2.92266
      vertex 21.1089 8.43832 -2.76445
    endloop
  endfacet
  facet normal 0.866037 0.499981 -4.26192e-05
    outer loop
      vertex 22.2195 6.51465 -2.92266
      vertex 21.1806 8.3142 -2.57119
      vertex 22.4521 6.11185 -1.79976
    endloop
  endfacet
  facet normal 0.866013 0.500022 0
    outer loop
      vertex 16.4451 16.5162 1.20956
      vertex 17.3856 14.8873 -0.0999994
      vertex 16.4451 16.5162 -1.20956
    endloop
  endfacet
  facet normal 0.866016 0.500016 8.56666e-06
    outer loop
      vertex 16.4451 16.5162 1.20956
      vertex 17.3957 14.8698 0.311671
      vertex 17.3856 14.8873 -0.0999994
    endloop
  endfacet
  facet normal 0.86604 0.499975 0.000108704
    outer loop
      vertex 16.4451 16.5162 1.20956
      vertex 17.4259 14.8174 0.719378
      vertex 17.3957 14.8698 0.311671
    endloop
  endfacet
  facet normal 0.866015 0.500018 -8.94215e-05
    outer loop
      vertex 16.4451 16.5162 1.20956
      vertex 17.476 14.7307 1.11919
      vertex 17.4259 14.8174 0.719378
    endloop
  endfacet
  facet normal 0.866008 0.50003 -0
    outer loop
      vertex 17.519 14.6563 1.3593
      vertex 16.4451 16.5162 1.20956
      vertex 17.519 14.6563 4.79266
    endloop
  endfacet
  facet normal 0.866013 0.500021 -0.000154213
    outer loop
      vertex 16.4451 16.5162 1.20956
      vertex 17.519 14.6563 1.3593
      vertex 17.476 14.7307 1.11919
    endloop
  endfacet
  facet normal 0.866015 0.500017 -8.61009e-06
    outer loop
      vertex 17.3957 14.8698 -0.511671
      vertex 16.4451 16.5162 -1.20956
      vertex 17.3856 14.8873 -0.0999994
    endloop
  endfacet
  facet normal 0.866034 0.499985 -0.000110313
    outer loop
      vertex 17.4259 14.8174 -0.919379
      vertex 16.4451 16.5162 -1.20956
      vertex 17.3957 14.8698 -0.511671
    endloop
  endfacet
  facet normal 0.866019 0.500011 9.16236e-05
    outer loop
      vertex 17.476 14.7307 -1.31919
      vertex 16.4451 16.5162 -1.20956
      vertex 17.4259 14.8174 -0.919379
    endloop
  endfacet
  facet normal 0.866021 0.500008 0.000159671
    outer loop
      vertex 17.519 14.6563 -1.5593
      vertex 16.4451 16.5162 -1.20956
      vertex 17.476 14.7307 -1.31919
    endloop
  endfacet
  facet normal 0.866008 0.50003 0
    outer loop
      vertex 16.4451 16.5162 -1.20956
      vertex 17.519 14.6563 -1.5593
      vertex 17.519 14.6563 -4.79266
    endloop
  endfacet
  facet normal 0.866145 0.499792 -0.000291172
    outer loop
      vertex 21.2078 8.26694 -5.15511
      vertex 20.9469 8.7189 -5.46791
      vertex 21.8819 7.09943 -3.93324
    endloop
  endfacet
  facet normal 0.865846 0.500311 0.000369501
    outer loop
      vertex 21.4522 7.84371 -4.79266
      vertex 21.2078 8.26694 -5.15511
      vertex 21.8819 7.09943 -3.93324
    endloop
  endfacet
  facet normal 0.866069 0.499924 0.000444566
    outer loop
      vertex 18.8808 12.2975 -6.08087
      vertex 18.5857 12.8086 -5.93303
      vertex 19.1817 11.7763 -6.17015
    endloop
  endfacet
  facet normal -0.257052 0.445226 -0.857729
    outer loop
      vertex 0 3.97741 -5.15511
      vertex 18.0242 13.7811 -5.46791
      vertex 0 3.3748 -5.46791
    endloop
  endfacet
  facet normal -0.257046 0.445214 -0.857737
    outer loop
      vertex 18.0242 13.7811 -5.46791
      vertex 0 3.97741 -5.15511
      vertex 17.7633 14.2331 -5.15511
    endloop
  endfacet
  facet normal -0.297854 0.515897 -0.803202
    outer loop
      vertex 0 4.54171 -4.79266
      vertex 17.7633 14.2331 -5.15511
      vertex 0 3.97741 -5.15511
    endloop
  endfacet
  facet normal -0.297871 0.515929 -0.803175
    outer loop
      vertex 17.7633 14.2331 -5.15511
      vertex 0 4.54171 -4.79266
      vertex 17.519 14.6563 -4.79266
    endloop
  endfacet
  facet normal -0.401605 0.695597 -0.5957
    outer loop
      vertex 0 5.53409 -3.93324
      vertex 16.908 15.7145 -3.44454
      vertex 17.0892 15.4006 -3.93324
    endloop
  endfacet
  facet normal -0.401604 0.695595 -0.595703
    outer loop
      vertex 16.908 15.7145 -3.44454
      vertex 0 5.53409 -3.93324
      vertex 0 5.95261 -3.44454
    endloop
  endfacet
  facet normal 0.867666 0.497147 0.000969863
    outer loop
      vertex 16.5191 16.3882 -1.79976
      vertex 16.4451 16.5162 -1.20956
      vertex 16.6215 16.2106 -2.37264
    endloop
  endfacet
  facet normal 0.865934 0.500158 -8.39918e-05
    outer loop
      vertex 16.6215 16.2106 -2.37264
      vertex 16.4451 16.5162 -1.20956
      vertex 17.0892 15.4006 -3.93324
    endloop
  endfacet
  facet normal -0.485014 0.840067 -0.243002
    outer loop
      vertex 0 6.85087 -1.79976
      vertex 16.4451 16.5162 -1.20956
      vertex 16.5191 16.3882 -1.79976
    endloop
  endfacet
  facet normal -0.485017 0.84007 -0.242983
    outer loop
      vertex 16.4451 16.5162 -1.20956
      vertex 0 6.85087 -1.79976
      vertex 0 7.02158 -1.20956
    endloop
  endfacet
  facet normal 0.866009 0.500029 0.000174634
    outer loop
      vertex 20.3855 9.69136 -5.93303
      vertex 20.0904 10.2025 -6.08087
      vertex 20.9469 8.7189 -5.46791
    endloop
  endfacet
  facet normal 0.213777 -0.370272 -0.90399
    outer loop
      vertex 2.4066 -1.38945 -5.71199
      vertex 20.6719 9.19524 -5.72805
      vertex 20.9469 8.7189 -5.46791
    endloop
  endfacet
  facet normal 0.213743 -0.370214 -0.904022
    outer loop
      vertex 20.6719 9.19524 -5.72805
      vertex 2.4066 -1.38945 -5.71199
      vertex 2.37264 -1.36984 -5.72805
    endloop
  endfacet
  facet normal 0.168452 -0.291768 -0.941539
    outer loop
      vertex 2.37264 -1.36984 -5.72805
      vertex 20.3855 9.69136 -5.93303
      vertex 20.6719 9.19524 -5.72805
    endloop
  endfacet
  facet normal 0.168445 -0.291757 -0.941543
    outer loop
      vertex 20.3855 9.69136 -5.93303
      vertex 2.37264 -1.36984 -5.72805
      vertex 1.79976 -1.03909 -5.93303
    endloop
  endfacet
  facet normal 0.12149 -0.210427 -0.970031
    outer loop
      vertex 1.79976 -1.03909 -5.93303
      vertex 20.0904 10.2025 -6.08087
      vertex 20.3855 9.69136 -5.93303
    endloop
  endfacet
  facet normal 0.121399 -0.21028 -0.970075
    outer loop
      vertex 20.0904 10.2025 -6.08087
      vertex 1.79976 -1.03909 -5.93303
      vertex 1.77291 -1.02359 -5.93975
    endloop
  endfacet
  facet normal 0.485016 -0.840072 0.242977
    outer loop
      vertex 6.08087 -3.51079 1.20956
      vertex 22.4521 6.11185 1.79976
      vertex 5.93303 -3.42544 1.79976
    endloop
  endfacet
  facet normal 0.485016 -0.840072 0.242978
    outer loop
      vertex 22.4521 6.11185 1.79976
      vertex 6.08087 -3.51079 1.20956
      vertex 22.526 5.98381 1.20956
    endloop
  endfacet
  facet normal 0.0245268 -0.0424816 0.998796
    outer loop
      vertex 0.304214 0.000102035 6.19253
      vertex 0.607706 -0.350859 6.17015
      vertex 19.7894 10.7237 6.17015
    endloop
  endfacet
  facet normal 0.0244834 -0.042544 0.998795
    outer loop
      vertex 0.607706 -0.350859 6.17015
      vertex 0.349263 -0.157298 6.18473
      vertex 0.349438 -0.186778 6.18347
    endloop
  endfacet
  facet normal 0.0245485 -0.0424573 0.998797
    outer loop
      vertex 0.607706 -0.350859 6.17015
      vertex 0.349188 -0.144638 6.18527
      vertex 0.349263 -0.157298 6.18473
    endloop
  endfacet
  facet normal 0.0245244 -0.0424874 0.998796
    outer loop
      vertex 0.607706 -0.350859 6.17015
      vertex 0.347611 -0.133089 6.1858
      vertex 0.349188 -0.144638 6.18527
    endloop
  endfacet
  facet normal 0.0246351 -0.0423554 0.998799
    outer loop
      vertex 0.607706 -0.350859 6.17015
      vertex 0.343673 -0.104252 6.18712
      vertex 0.347611 -0.133089 6.1858
    endloop
  endfacet
  facet normal 0.0237676 -0.043283 0.99878
    outer loop
      vertex 0.607706 -0.350859 6.17015
      vertex 0.341457 -0.0957771 6.18754
      vertex 0.343673 -0.104252 6.18712
    endloop
  endfacet
  facet normal 0.0244735 -0.0425471 0.998795
    outer loop
      vertex 0.607706 -0.350859 6.17015
      vertex 0.333775 -0.0663918 6.18898
      vertex 0.341457 -0.0957771 6.18754
    endloop
  endfacet
  facet normal 0.0249197 -0.0421179 0.998802
    outer loop
      vertex 0.607706 -0.350859 6.17015
      vertex 0.321514 -0.0345174 6.19063
      vertex 0.333775 -0.0663918 6.18898
    endloop
  endfacet
  facet normal 0.0206626 -0.0459646 0.998729
    outer loop
      vertex 0.607706 -0.350859 6.17015
      vertex 0.320373 -0.0315538 6.19079
      vertex 0.321514 -0.0345174 6.19063
    endloop
  endfacet
  facet normal 0.0250986 -0.0419775 0.998803
    outer loop
      vertex 0.607706 -0.350859 6.17015
      vertex 0.304285 -9.69041e-06 6.19252
      vertex 0.320373 -0.0315538 6.19079
    endloop
  endfacet
  facet normal -0.722065 -0.641043 0.260165
    outer loop
      vertex 0.607706 -0.350859 6.17015
      vertex 0.30428 0 6.19253
      vertex 0.304285 -9.69041e-06 6.19252
    endloop
  endfacet
  facet normal 0.416171 0.305275 0.85651
    outer loop
      vertex 0.607706 -0.350859 6.17015
      vertex 0.304274 8.1796e-06 6.19253
      vertex 0.30428 0 6.19253
    endloop
  endfacet
  facet normal 0.268125 0.171407 0.948013
    outer loop
      vertex 0.607706 -0.350859 6.17015
      vertex 0.304214 0.000102035 6.19253
      vertex 0.304274 8.1796e-06 6.19253
    endloop
  endfacet
  facet normal 0.0245397 -0.0425039 0.998795
    outer loop
      vertex 0.304214 0.000102035 6.19253
      vertex 0 0 6.2
      vertex 0.152019 -0.0877681 6.19253
    endloop
  endfacet
  facet normal 0.0245397 -0.0425052 0.998795
    outer loop
      vertex 0 0 6.2
      vertex 0.304214 0.000102035 6.19253
      vertex 19.7894 10.7237 6.17015
    endloop
  endfacet
  facet normal 0.0246983 -0.0422065 0.998804
    outer loop
      vertex 0.607706 -0.350859 6.17015
      vertex 0.349438 -0.186778 6.18347
      vertex 0.347553 -0.20066 6.18293
    endloop
  endfacet
  facet normal -0.073363 0.127069 0.989177
    outer loop
      vertex 0 1.39668 6.08087
      vertex 0 0.712726 6.16873
      vertex 18.8808 12.2975 6.08087
    endloop
  endfacet
  facet normal 0.866027 0.499998 2.28136e-05
    outer loop
      vertex 20.9469 8.7189 5.46791
      vertex 17.7633 14.2331 5.15511
      vertex 19.1817 11.7763 6.17015
    endloop
  endfacet
  facet normal 0.866069 0.499924 -0.000444566
    outer loop
      vertex 19.1817 11.7763 6.17015
      vertex 18.5857 12.8086 5.93303
      vertex 18.8808 12.2975 6.08087
    endloop
  endfacet
  facet normal 0.866162 0.499762 -0.000941077
    outer loop
      vertex 19.1817 11.7763 6.17015
      vertex 18.0242 13.7811 5.46791
      vertex 18.2993 13.3048 5.72805
    endloop
  endfacet
  facet normal -0.370462 0.641655 0.671592
    outer loop
      vertex 0 5.53409 3.93324
      vertex 17.2935 15.0467 4.38406
      vertex 17.0892 15.4006 3.93324
    endloop
  endfacet
  facet normal -0.370476 0.641682 0.671559
    outer loop
      vertex 17.2935 15.0467 4.38406
      vertex 0 5.53409 3.93324
      vertex 0 5.06228 4.38406
    endloop
  endfacet
  facet normal 0.866304 0.499517 -0.000359603
    outer loop
      vertex 17.0892 15.4006 3.93324
      vertex 16.6215 16.2106 2.37264
      vertex 16.908 15.7145 3.44454
    endloop
  endfacet
  facet normal -0.428896 0.742866 0.514002
    outer loop
      vertex 16.7516 15.9853 2.92266
      vertex 0 5.95261 3.44454
      vertex 16.908 15.7145 3.44454
    endloop
  endfacet
  facet normal -0.428864 0.742817 0.514099
    outer loop
      vertex 0 5.95261 3.44454
      vertex 16.7516 15.9853 2.92266
      vertex 0 6.3138 2.92266
    endloop
  endfacet
  facet normal 0.213778 -0.370274 0.903989
    outer loop
      vertex 20.9469 8.7189 5.46791
      vertex 2.4066 -1.38945 5.71199
      vertex 2.92266 -1.6874 5.46791
    endloop
  endfacet
  facet normal 0.866097 0.499875 0.000254257
    outer loop
      vertex 20.9469 8.7189 5.46791
      vertex 20.3855 9.69136 5.93303
      vertex 20.6719 9.19524 5.72805
    endloop
  endfacet
  facet normal 0.866027 0.499998 -2.28136e-05
    outer loop
      vertex 19.1817 11.7763 -6.17015
      vertex 17.7633 14.2331 -5.15511
      vertex 20.9469 8.7189 -5.46791
    endloop
  endfacet
  facet normal -0.12138 0.210223 -0.970089
    outer loop
      vertex 0 2.07819 -5.93303
      vertex 18.8808 12.2975 -6.08087
      vertex 0 2.04718 -5.93975
    endloop
  endfacet
  facet normal -0.121496 0.210439 -0.970028
    outer loop
      vertex 18.8808 12.2975 -6.08087
      vertex 0 2.07819 -5.93303
      vertex 18.5857 12.8086 -5.93303
    endloop
  endfacet
  facet normal -0.0736705 0.127601 -0.989086
    outer loop
      vertex 0 0.712726 -6.16873
      vertex 19.1817 11.7763 -6.17015
      vertex 0 0.701719 -6.17015
    endloop
  endfacet
  facet normal -0.0733721 0.127083 -0.989175
    outer loop
      vertex 19.1817 11.7763 -6.17015
      vertex 0 0.712726 -6.16873
      vertex 18.8808 12.2975 -6.08087
    endloop
  endfacet
  facet normal 0.499397 -0.864978 -0.0491457
    outer loop
      vertex 22.5706 5.9065 -0.607706
      vertex 6.17488 -3.56507 -0.511417
      vertex 6.17015 -3.56233 -0.607706
    endloop
  endfacet
  facet normal 0.499397 -0.864979 -0.0491345
    outer loop
      vertex 6.17488 -3.56507 -0.511417
      vertex 22.5706 5.9065 -0.607706
      vertex 22.5856 5.88064 0
    endloop
  endfacet
  facet normal 0.494586 -0.85665 -0.146751
    outer loop
      vertex 22.526 5.98381 -1.20956
      vertex 6.17015 -3.56233 -0.607706
      vertex 6.15604 -3.55419 -0.702777
    endloop
  endfacet
  facet normal 0.494592 -0.856656 -0.146692
    outer loop
      vertex 6.17015 -3.56233 -0.607706
      vertex 22.526 5.98381 -1.20956
      vertex 22.5706 5.9065 -0.607706
    endloop
  endfacet
  facet normal 0.401603 -0.695596 -0.595702
    outer loop
      vertex 5.10761 -2.94888 -3.50859
      vertex 4.79266 -2.76705 -3.93324
      vertex 21.8819 7.09943 -3.93324
    endloop
  endfacet
  facet normal 0.451996 -0.782878 -0.427553
    outer loop
      vertex 22.2195 6.51465 -2.92266
      vertex 5.72805 -3.30709 -2.37264
      vertex 5.46791 -3.1569 -2.92266
    endloop
  endfacet
  facet normal 0.451989 -0.782869 -0.427578
    outer loop
      vertex 5.72805 -3.30709 -2.37264
      vertex 22.2195 6.51465 -2.92266
      vertex 22.3496 6.28936 -2.37264
    endloop
  endfacet
  facet normal 0.866008 0.50003 4.24452e-05
    outer loop
      vertex 21.8819 7.09943 -3.93324
      vertex 20.9469 8.7189 -5.46791
      vertex 22.2195 6.51465 -2.92266
    endloop
  endfacet
  facet normal 0.428865 -0.742814 -0.514103
    outer loop
      vertex 5.46791 -3.1569 -2.92266
      vertex 5.19682 -3.00039 -3.37494
      vertex 22.2195 6.51465 -2.92266
    endloop
  endfacet
  facet normal 0.866187 0.49972 -0.000196449
    outer loop
      vertex 22.0631 6.78554 -3.44454
      vertex 21.8819 7.09943 -3.93324
      vertex 22.2195 6.51465 -2.92266
    endloop
  endfacet
  facet normal -0.428896 0.742866 -0.514002
    outer loop
      vertex 0 5.95261 -3.44454
      vertex 16.7516 15.9853 -2.92266
      vertex 16.908 15.7145 -3.44454
    endloop
  endfacet
  facet normal -0.428864 0.742817 -0.514099
    outer loop
      vertex 16.7516 15.9853 -2.92266
      vertex 0 5.95261 -3.44454
      vertex 0 6.3138 -2.92266
    endloop
  endfacet
  facet normal 0.866097 0.499875 -0.000254257
    outer loop
      vertex 20.6719 9.19524 -5.72805
      vertex 20.3855 9.69136 -5.93303
      vertex 20.9469 8.7189 -5.46791
    endloop
  endfacet
  facet normal -0.168434 0.291737 0.941552
    outer loop
      vertex 0 2.73969 5.72805
      vertex 18.5857 12.8086 5.93303
      vertex 18.2993 13.3048 5.72805
    endloop
  endfacet
  facet normal -0.168445 0.291757 0.941543
    outer loop
      vertex 18.5857 12.8086 5.93303
      vertex 0 2.73969 5.72805
      vertex 0 2.07819 5.93303
    endloop
  endfacet
  facet normal 0.865947 0.500135 0.000778728
    outer loop
      vertex 19.1817 11.7763 6.17015
      vertex 18.2993 13.3048 5.72805
      vertex 18.5857 12.8086 5.93303
    endloop
  endfacet
  facet normal -0.335769 0.581569 0.74097
    outer loop
      vertex 0 5.06228 4.38406
      vertex 17.519 14.6563 4.79266
      vertex 17.2935 15.0467 4.38406
    endloop
  endfacet
  facet normal -0.335777 0.581583 0.740956
    outer loop
      vertex 17.519 14.6563 4.79266
      vertex 0 5.06228 4.38406
      vertex 0 4.54171 4.79266
    endloop
  endfacet
  facet normal -0.451985 0.782865 0.427589
    outer loop
      vertex 16.6215 16.2106 2.37264
      vertex 0 6.3138 2.92266
      vertex 16.7516 15.9853 2.92266
    endloop
  endfacet
  facet normal -0.451992 0.782875 0.427562
    outer loop
      vertex 0 6.3138 2.92266
      vertex 16.6215 16.2106 2.37264
      vertex 0 6.61419 2.37264
    endloop
  endfacet
  facet normal 0.257058 -0.445236 0.857721
    outer loop
      vertex 20.9469 8.7189 5.46791
      vertex 3.44454 -1.9887 5.15511
      vertex 21.2078 8.26694 5.15511
    endloop
  endfacet
  facet normal 0.257052 -0.445227 0.857728
    outer loop
      vertex 3.44454 -1.9887 5.15511
      vertex 20.9469 8.7189 5.46791
      vertex 2.92266 -1.6874 5.46791
    endloop
  endfacet
  facet normal 0.865947 0.500135 -0.000778728
    outer loop
      vertex 18.5857 12.8086 -5.93303
      vertex 18.2993 13.3048 -5.72805
      vertex 19.1817 11.7763 -6.17015
    endloop
  endfacet
  facet normal 0.866162 0.499762 0.000941077
    outer loop
      vertex 18.2993 13.3048 -5.72805
      vertex 18.0242 13.7811 -5.46791
      vertex 19.1817 11.7763 -6.17015
    endloop
  endfacet
  facet normal -0.073363 0.127069 -0.989177
    outer loop
      vertex 18.8808 12.2975 -6.08087
      vertex 0 0.712726 -6.16873
      vertex 0 1.39668 -6.08087
    endloop
  endfacet
  facet normal 0.335781 -0.581589 -0.740949
    outer loop
      vertex 4.33393 -2.50219 -4.4295
      vertex 3.93324 -2.27086 -4.79266
      vertex 21.4522 7.84371 -4.79266
    endloop
  endfacet
  facet normal 0.865924 0.500175 5.03078e-05
    outer loop
      vertex 22.3496 6.28936 -2.37264
      vertex 22.2195 6.51465 -2.92266
      vertex 22.4521 6.11185 -1.79976
    endloop
  endfacet
  facet normal -0.121496 0.210439 0.970028
    outer loop
      vertex 0 2.07819 5.93303
      vertex 18.8808 12.2975 6.08087
      vertex 18.5857 12.8086 5.93303
    endloop
  endfacet
  facet normal -0.12138 0.210223 0.970089
    outer loop
      vertex 18.8808 12.2975 6.08087
      vertex 0 2.07819 5.93303
      vertex 0 2.04718 5.93975
    endloop
  endfacet
  facet normal 0.865962 0.50011 0.000384985
    outer loop
      vertex 19.1817 11.7763 6.17015
      vertex 17.7633 14.2331 5.15511
      vertex 18.0242 13.7811 5.46791
    endloop
  endfacet
  facet normal -0.257046 0.445214 0.857737
    outer loop
      vertex 0 3.97741 5.15511
      vertex 18.0242 13.7811 5.46791
      vertex 17.7633 14.2331 5.15511
    endloop
  endfacet
  facet normal -0.257052 0.445226 0.857729
    outer loop
      vertex 18.0242 13.7811 5.46791
      vertex 0 3.97741 5.15511
      vertex 0 3.3748 5.46791
    endloop
  endfacet
  facet normal -0.499397 -0.864978 0.0491457
    outer loop
      vertex -22.5706 5.9065 0.607706
      vertex -6.17488 -3.56507 0.511417
      vertex -6.17015 -3.56233 0.607706
    endloop
  endfacet
  facet normal -0.499397 -0.864979 0.0491345
    outer loop
      vertex -6.17488 -3.56507 0.511417
      vertex -22.5706 5.9065 0.607706
      vertex -22.5856 5.88064 0
    endloop
  endfacet
  facet normal -0.866117 0.499837 -0.00208715
    outer loop
      vertex -19.7894 10.7237 -6.17015
      vertex -20.0904 10.2025 -6.08087
      vertex -19.4856 11.25 -6.2
    endloop
  endfacet
  facet normal -0.499397 -0.864983 0.0490541
    outer loop
      vertex -6.17488 -3.56507 0.511417
      vertex -22.5856 5.88064 0
      vertex -6.2 -3.57957 0
    endloop
  endfacet
  facet normal -0.370474 -0.64168 0.671562
    outer loop
      vertex -4.43051 -2.55796 4.33281
      vertex -21.8819 7.09943 3.93324
      vertex -4.79266 -2.76705 3.93324
    endloop
  endfacet
  facet normal -0.866008 0.50003 4.24452e-05
    outer loop
      vertex -21.8819 7.09943 -3.93324
      vertex -22.2195 6.51465 -2.92266
      vertex -20.9469 8.7189 -5.46791
    endloop
  endfacet
  facet normal 0.494588 0.856652 -0.146734
    outer loop
      vertex 0 7.02158 -1.20956
      vertex -16.4005 16.5935 -0.607706
      vertex 0 7.12467 -0.607706
    endloop
  endfacet
  facet normal 0.494594 0.856658 -0.146678
    outer loop
      vertex -16.4005 16.5935 -0.607706
      vertex 0 7.02158 -1.20956
      vertex -16.4451 16.5162 -1.20956
    endloop
  endfacet
  facet normal 0.168434 0.291737 0.941552
    outer loop
      vertex -18.5857 12.8086 5.93303
      vertex 0 2.73969 5.72805
      vertex -18.2993 13.3048 5.72805
    endloop
  endfacet
  facet normal 0.168445 0.291757 0.941543
    outer loop
      vertex 0 2.73969 5.72805
      vertex -18.5857 12.8086 5.93303
      vertex 0 2.07819 5.93303
    endloop
  endfacet
  facet normal -0.494589 -0.856653 0.146723
    outer loop
      vertex -6.08087 -3.51079 1.20956
      vertex -22.526 5.98381 1.20956
      vertex -6.15604 -3.55419 0.702777
    endloop
  endfacet
  facet normal -0.866162 0.499762 -0.000941077
    outer loop
      vertex -18.0242 13.7811 5.46791
      vertex -19.1817 11.7763 6.17015
      vertex -18.2993 13.3048 5.72805
    endloop
  endfacet
  facet normal 0.470775 0.815405 -0.336877
    outer loop
      vertex 0 6.61419 -2.37264
      vertex -16.5191 16.3882 -1.79976
      vertex 0 6.85087 -1.79976
    endloop
  endfacet
  facet normal 0.470765 0.81539 -0.336928
    outer loop
      vertex -16.5191 16.3882 -1.79976
      vertex 0 6.61419 -2.37264
      vertex -16.6215 16.2106 -2.37264
    endloop
  endfacet
  facet normal -0.865953 0.500125 6.58502e-05
    outer loop
      vertex -16.4451 16.5162 1.20956
      vertex -17.519 14.6563 4.79266
      vertex -17.0892 15.4006 3.93324
    endloop
  endfacet
  facet normal -0.865853 0.500298 -9.29641e-05
    outer loop
      vertex -16.4005 16.5935 -0.607706
      vertex -16.4451 16.5162 -1.20956
      vertex -16.3856 16.6194 0
    endloop
  endfacet
  facet normal -0.865846 0.500311 0.000369501
    outer loop
      vertex -21.4522 7.84371 -4.79266
      vertex -21.8819 7.09943 -3.93324
      vertex -21.2078 8.26694 -5.15511
    endloop
  endfacet
  facet normal -0.865934 0.500158 -8.39918e-05
    outer loop
      vertex -16.6215 16.2106 -2.37264
      vertex -17.0892 15.4006 -3.93324
      vertex -16.4451 16.5162 -1.20956
    endloop
  endfacet
  facet normal -0.866027 0.499998 2.28136e-05
    outer loop
      vertex -17.7633 14.2331 5.15511
      vertex -20.9469 8.7189 5.46791
      vertex -19.1817 11.7763 6.17015
    endloop
  endfacet
  facet normal -0.0245307 -0.0424884 -0.998796
    outer loop
      vertex 0 0 -6.2
      vertex -19.7894 10.7237 -6.17015
      vertex -19.4856 11.25 -6.2
    endloop
  endfacet
  facet normal -0.865924 0.500175 -5.03078e-05
    outer loop
      vertex -22.2195 6.51465 2.92266
      vertex -22.4521 6.11185 1.79976
      vertex -22.3496 6.28936 2.37264
    endloop
  endfacet
  facet normal 0.0245398 0.0425041 -0.998795
    outer loop
      vertex 0 0 -6.2
      vertex -0.151876 0.263222 -6.19253
      vertex 0 0.175536 -6.19253
    endloop
  endfacet
  facet normal 0.0245396 0.042504 -0.998795
    outer loop
      vertex -19.4856 11.25 -6.2
      vertex -0.151876 0.263222 -6.19253
      vertex 0 0 -6.2
    endloop
  endfacet
  facet normal 0.0245288 0.0424848 -0.998796
    outer loop
      vertex -0.151876 0.263222 -6.19253
      vertex -19.4856 11.25 -6.2
      vertex -19.1817 11.7763 -6.17015
    endloop
  endfacet
  facet normal 0.0251516 0.0424656 -0.998781
    outer loop
      vertex -0.013466 0.395 -6.18353
      vertex 0 0.701719 -6.17015
      vertex 0 0.402077 -6.18289
    endloop
  endfacet
  facet normal 0.0243279 0.0425026 -0.9988
    outer loop
      vertex -0.037652 0.382289 -6.18466
      vertex 0 0.701719 -6.17015
      vertex -0.013466 0.395 -6.18353
    endloop
  endfacet
  facet normal 0.0243311 0.0425022 -0.9988
    outer loop
      vertex -0.0479163 0.375005 -6.18522
      vertex 0 0.701719 -6.17015
      vertex -0.037652 0.382289 -6.18466
    endloop
  endfacet
  facet normal 0.0245475 0.0424703 -0.998796
    outer loop
      vertex -0.0712928 0.358414 -6.1865
      vertex 0 0.701719 -6.17015
      vertex -0.0479163 0.375005 -6.18522
    endloop
  endfacet
  facet normal 0.0246476 0.0424494 -0.998795
    outer loop
      vertex -0.09507 0.336691 -6.18801
      vertex 0 0.701719 -6.17015
      vertex -0.0712928 0.358414 -6.1865
    endloop
  endfacet
  facet normal 0.0243423 0.0425291 -0.998799
    outer loop
      vertex -0.100601 0.331637 -6.18836
      vertex 0 0.701719 -6.17015
      vertex -0.09507 0.336691 -6.18801
    endloop
  endfacet
  facet normal 0.0249199 0.0423717 -0.998791
    outer loop
      vertex -0.122723 0.306225 -6.18999
      vertex 0 0.701719 -6.17015
      vertex -0.100601 0.331637 -6.18836
    endloop
  endfacet
  facet normal 0.0217581 0.0433545 -0.998823
    outer loop
      vertex -0.125514 0.303018 -6.19019
      vertex 0 0.701719 -6.17015
      vertex -0.122723 0.306225 -6.18999
    endloop
  endfacet
  facet normal 0.0270671 0.0416802 -0.998764
    outer loop
      vertex -0.127702 0.299886 -6.19038
      vertex 0 0.701719 -6.17015
      vertex -0.125514 0.303018 -6.19019
    endloop
  endfacet
  facet normal 0.0247389 0.0424216 -0.998793
    outer loop
      vertex -0.146162 0.273451 -6.19196
      vertex 0 0.701719 -6.17015
      vertex -0.127702 0.299886 -6.19038
    endloop
  endfacet
  facet normal -0.010109 0.0542984 -0.998474
    outer loop
      vertex -0.146621 0.27263 -6.192
      vertex 0 0.701719 -6.17015
      vertex -0.146162 0.273451 -6.19196
    endloop
  endfacet
  facet normal 0.0249311 0.0423413 -0.998792
    outer loop
      vertex -0.151876 0.263222 -6.19253
      vertex 0 0.701719 -6.17015
      vertex -0.146621 0.27263 -6.192
    endloop
  endfacet
  facet normal 0.0245268 0.0424815 -0.998796
    outer loop
      vertex 0 0.701719 -6.17015
      vertex -0.151876 0.263222 -6.19253
      vertex -19.1817 11.7763 -6.17015
    endloop
  endfacet
  facet normal -0.866097 0.499875 -0.000254257
    outer loop
      vertex -20.6719 9.19524 -5.72805
      vertex -20.9469 8.7189 -5.46791
      vertex -20.3855 9.69136 -5.93303
    endloop
  endfacet
  facet normal -0.866002 0.500041 -0.000223805
    outer loop
      vertex -19.1817 11.7763 6.17015
      vertex -20.9469 8.7189 5.46791
      vertex -19.4856 11.25 6.2
    endloop
  endfacet
  facet normal -0.866304 0.499517 0.000359603
    outer loop
      vertex -16.908 15.7145 -3.44454
      vertex -17.0892 15.4006 -3.93324
      vertex -16.6215 16.2106 -2.37264
    endloop
  endfacet
  facet normal 0.485017 0.84007 -0.242983
    outer loop
      vertex 0 6.85087 -1.79976
      vertex -16.4451 16.5162 -1.20956
      vertex 0 7.02158 -1.20956
    endloop
  endfacet
  facet normal 0.485014 0.840067 -0.243002
    outer loop
      vertex -16.4451 16.5162 -1.20956
      vertex 0 6.85087 -1.79976
      vertex -16.5191 16.3882 -1.79976
    endloop
  endfacet
  facet normal -0.866007 0.500031 -0.000181508
    outer loop
      vertex -19.4856 11.25 6.2
      vertex -20.9469 8.7189 5.46791
      vertex -20.0904 10.2025 6.08087
    endloop
  endfacet
  facet normal -0.866034 0.499985 -7.29737e-05
    outer loop
      vertex -22.2195 6.51465 2.92266
      vertex -20.9764 8.66784 2.85685
      vertex -21.0775 8.49269 2.63371
    endloop
  endfacet
  facet normal -0.865812 0.500364 -0.00219119
    outer loop
      vertex -20.4755 9.53539 3.60407
      vertex -22.2195 6.51465 2.92266
      vertex -20.4529 9.57459 3.62548
    endloop
  endfacet
  facet normal -0.866002 0.50004 -0.000266136
    outer loop
      vertex -20.6447 9.24225 3.40119
      vertex -22.2195 6.51465 2.92266
      vertex -20.4755 9.53539 3.60407
    endloop
  endfacet
  facet normal -0.866732 0.498675 0.00991492
    outer loop
      vertex -20.6523 9.22922 3.39217
      vertex -22.2195 6.51465 2.92266
      vertex -20.6447 9.24225 3.40119
    endloop
  endfacet
  facet normal -0.865687 0.500566 -0.00450639
    outer loop
      vertex -20.6593 9.21702 3.38172
      vertex -22.2195 6.51465 2.92266
      vertex -20.6523 9.22922 3.39217
    endloop
  endfacet
  facet normal -0.866034 0.499986 8.62954e-05
    outer loop
      vertex -20.8178 8.94252 3.14664
      vertex -22.2195 6.51465 2.92266
      vertex -20.6593 9.21702 3.38172
    endloop
  endfacet
  facet normal -0.86603 0.499991 3.10429e-06
    outer loop
      vertex -20.964 8.68929 2.88163
      vertex -22.2195 6.51465 2.92266
      vertex -20.8178 8.94252 3.14664
    endloop
  endfacet
  facet normal -0.866027 0.499996 0.000358149
    outer loop
      vertex -20.9705 8.67804 2.86985
      vertex -22.2195 6.51465 2.92266
      vertex -20.964 8.68929 2.88163
    endloop
  endfacet
  facet normal -0.866023 0.500003 0.000731215
    outer loop
      vertex -20.9764 8.66784 2.85685
      vertex -22.2195 6.51465 2.92266
      vertex -20.9705 8.67804 2.86985
    endloop
  endfacet
  facet normal -0.866027 0.499997 3.50126e-05
    outer loop
      vertex -22.2195 6.51465 2.92266
      vertex -21.0775 8.49269 2.63371
      vertex -22.4521 6.11185 1.79976
    endloop
  endfacet
  facet normal -0.865998 0.500047 -0.000265904
    outer loop
      vertex -19.0759 11.9596 4.0193
      vertex -17.519 14.6563 4.79266
      vertex -18.9213 12.2273 3.94186
    endloop
  endfacet
  facet normal -0.866069 0.499924 0.000305647
    outer loop
      vertex -19.2797 11.6065 4.07978
      vertex -17.519 14.6563 4.79266
      vertex -19.0759 11.9596 4.0193
    endloop
  endfacet
  facet normal -0.865535 0.500824 -0.00486191
    outer loop
      vertex -19.2885 11.5913 4.08064
      vertex -17.519 14.6563 4.79266
      vertex -19.2797 11.6065 4.07978
    endloop
  endfacet
  facet normal -0.866277 0.499557 0.00243543
    outer loop
      vertex -17.519 14.6563 4.79266
      vertex -19.2885 11.5913 4.08064
      vertex -19.3047 11.5632 4.08223
    endloop
  endfacet
  facet normal -0.866008 0.50003 -4.24452e-05
    outer loop
      vertex -20.9469 8.7189 5.46791
      vertex -22.2195 6.51465 2.92266
      vertex -21.8819 7.09943 3.93324
    endloop
  endfacet
  facet normal -0.866117 0.499837 0.00208715
    outer loop
      vertex -19.4856 11.25 6.2
      vertex -20.0904 10.2025 6.08087
      vertex -19.7894 10.7237 6.17015
    endloop
  endfacet
  facet normal -0.866187 0.49972 0.000196449
    outer loop
      vertex -21.8819 7.09943 3.93324
      vertex -22.2195 6.51465 2.92266
      vertex -22.0631 6.78554 3.44454
    endloop
  endfacet
  facet normal -0.401607 -0.695603 0.595691
    outer loop
      vertex -5.15511 -2.97631 3.44454
      vertex -21.8819 7.09943 3.93324
      vertex -22.0631 6.78554 3.44454
    endloop
  endfacet
  facet normal -0.401596 -0.695586 0.595718
    outer loop
      vertex -21.8819 7.09943 3.93324
      vertex -5.15511 -2.97631 3.44454
      vertex -5.10761 -2.94888 3.50859
    endloop
  endfacet
  facet normal -0.866779 0.498692 0.000173644
    outer loop
      vertex -22.526 5.98381 1.20956
      vertex -22.5856 5.88064 0
      vertex -22.5706 5.9065 0.607706
    endloop
  endfacet
  facet normal -0.494592 -0.856656 0.146692
    outer loop
      vertex -6.17015 -3.56233 0.607706
      vertex -22.526 5.98381 1.20956
      vertex -22.5706 5.9065 0.607706
    endloop
  endfacet
  facet normal -0.494586 -0.85665 0.146751
    outer loop
      vertex -22.526 5.98381 1.20956
      vertex -6.17015 -3.56233 0.607706
      vertex -6.15604 -3.55419 0.702777
    endloop
  endfacet
  facet normal 0.213772 0.370263 0.903995
    outer loop
      vertex -18.2993 13.3048 5.72805
      vertex 0 3.3748 5.46791
      vertex -18.0242 13.7811 5.46791
    endloop
  endfacet
  facet normal 0.213777 0.370273 0.90399
    outer loop
      vertex 0 3.3748 5.46791
      vertex -18.2993 13.3048 5.72805
      vertex 0 2.73969 5.72805
    endloop
  endfacet
  facet normal 0.297854 0.515897 -0.803202
    outer loop
      vertex -17.7633 14.2331 -5.15511
      vertex 0 4.54171 -4.79266
      vertex 0 3.97741 -5.15511
    endloop
  endfacet
  facet normal 0.297871 0.515929 -0.803175
    outer loop
      vertex 0 4.54171 -4.79266
      vertex -17.7633 14.2331 -5.15511
      vertex -17.519 14.6563 -4.79266
    endloop
  endfacet
  facet normal -0.865354 0.501159 0.00126041
    outer loop
      vertex -17.0892 15.4006 3.93324
      vertex -17.519 14.6563 4.79266
      vertex -17.2935 15.0467 4.38406
    endloop
  endfacet
  facet normal 0.451992 0.782875 0.427562
    outer loop
      vertex -16.6215 16.2106 2.37264
      vertex 0 6.3138 2.92266
      vertex 0 6.61419 2.37264
    endloop
  endfacet
  facet normal 0.451985 0.782865 0.427589
    outer loop
      vertex 0 6.3138 2.92266
      vertex -16.6215 16.2106 2.37264
      vertex -16.7516 15.9853 2.92266
    endloop
  endfacet
  facet normal -0.866325 0.49948 0
    outer loop
      vertex -16.3856 16.6194 0
      vertex -16.4451 16.5162 -1.20956
      vertex -16.4451 16.5162 1.20956
    endloop
  endfacet
  facet normal -0.451989 -0.782869 -0.427578
    outer loop
      vertex -22.2195 6.51465 -2.92266
      vertex -5.72805 -3.30709 -2.37264
      vertex -22.3496 6.28936 -2.37264
    endloop
  endfacet
  facet normal -0.451996 -0.782878 -0.427553
    outer loop
      vertex -5.72805 -3.30709 -2.37264
      vertex -22.2195 6.51465 -2.92266
      vertex -5.46791 -3.1569 -2.92266
    endloop
  endfacet
  facet normal -0.866007 0.500031 0.000181508
    outer loop
      vertex -20.0904 10.2025 -6.08087
      vertex -20.9469 8.7189 -5.46791
      vertex -19.4856 11.25 -6.2
    endloop
  endfacet
  facet normal -0.866048 0.49996 -0.000187529
    outer loop
      vertex -17.519 14.6563 -4.79266
      vertex -19.0759 11.9596 -4.2193
      vertex -19.0247 12.0483 -4.19365
    endloop
  endfacet
  facet normal -0.866065 0.499932 -0.000364693
    outer loop
      vertex -17.519 14.6563 -4.79266
      vertex -19.2797 11.6065 -4.27978
      vertex -19.0759 11.9596 -4.2193
    endloop
  endfacet
  facet normal -0.866033 0.499987 7.28244e-05
    outer loop
      vertex -20.9469 8.7189 -5.46791
      vertex -19.2797 11.6065 -4.27978
      vertex -17.519 14.6563 -4.79266
    endloop
  endfacet
  facet normal -0.865325 0.501196 -0.00385768
    outer loop
      vertex -19.2797 11.6065 -4.27978
      vertex -20.9469 8.7189 -5.46791
      vertex -19.2885 11.5913 -4.28064
    endloop
  endfacet
  facet normal -0.865962 0.50011 -0.000342119
    outer loop
      vertex -19.2885 11.5913 -4.28064
      vertex -20.9469 8.7189 -5.46791
      vertex -19.4856 11.25 -4.3
    endloop
  endfacet
  facet normal -0.866074 0.499915 0.000222493
    outer loop
      vertex -19.4856 11.25 -4.3
      vertex -20.9469 8.7189 -5.46791
      vertex -19.6826 10.9087 -4.28064
    endloop
  endfacet
  facet normal -0.86548 0.500938 -0.0022964
    outer loop
      vertex -19.6826 10.9087 -4.28064
      vertex -20.9469 8.7189 -5.46791
      vertex -19.6914 10.8935 -4.27978
    endloop
  endfacet
  facet normal -0.865995 0.500052 -0.000131837
    outer loop
      vertex -20.9469 8.7189 -5.46791
      vertex -19.8953 10.5404 -4.2193
      vertex -19.6914 10.8935 -4.27978
    endloop
  endfacet
  facet normal -0.866056 0.499947 7.21646e-05
    outer loop
      vertex -20.9469 8.7189 -5.46791
      vertex -20.0952 10.1941 -4.11915
      vertex -19.8953 10.5404 -4.2193
    endloop
  endfacet
  facet normal -0.866036 0.499982 2.16718e-05
    outer loop
      vertex -20.9469 8.7189 -5.46791
      vertex -20.2892 9.85806 -3.98029
      vertex -20.0952 10.1941 -4.11915
    endloop
  endfacet
  facet normal -0.86602 0.50001 -6.93194e-06
    outer loop
      vertex -20.9469 8.7189 -5.46791
      vertex -20.4755 9.53539 -3.80407
      vertex -20.2892 9.85806 -3.98029
    endloop
  endfacet
  facet normal -0.866068 0.499926 4.78348e-05
    outer loop
      vertex -20.9469 8.7189 -5.46791
      vertex -20.6447 9.24225 -3.60119
      vertex -20.4755 9.53539 -3.80407
    endloop
  endfacet
  facet normal -0.864159 0.503218 -0.00118401
    outer loop
      vertex -20.9469 8.7189 -5.46791
      vertex -20.6523 9.22922 -3.59217
      vertex -20.6447 9.24225 -3.60119
    endloop
  endfacet
  facet normal -0.867118 0.498103 0.000672383
    outer loop
      vertex -20.9469 8.7189 -5.46791
      vertex -20.6593 9.21702 -3.58172
      vertex -20.6523 9.22922 -3.59217
    endloop
  endfacet
  facet normal -0.86578 0.500425 -0.0001449
    outer loop
      vertex -20.9469 8.7189 -5.46791
      vertex -20.6947 9.15579 -3.52929
      vertex -20.6593 9.21702 -3.58172
    endloop
  endfacet
  facet normal -0.866036 0.499982 -1.19591e-05
    outer loop
      vertex -20.6947 9.15579 -3.52929
      vertex -20.9469 8.7189 -5.46791
      vertex -22.2195 6.51465 -2.92266
    endloop
  endfacet
  facet normal -0.121496 -0.210438 -0.970028
    outer loop
      vertex -1.77291 -1.02359 -5.93975
      vertex -20.0904 10.2025 -6.08087
      vertex -1.20956 -0.698339 -6.08087
    endloop
  endfacet
  facet normal -0.867666 0.497147 0.000969863
    outer loop
      vertex -16.5191 16.3882 -1.79976
      vertex -16.6215 16.2106 -2.37264
      vertex -16.4451 16.5162 -1.20956
    endloop
  endfacet
  facet normal 0.401604 0.695595 0.595703
    outer loop
      vertex -16.908 15.7145 3.44454
      vertex 0 5.53409 3.93324
      vertex 0 5.95261 3.44454
    endloop
  endfacet
  facet normal 0.401605 0.695597 0.5957
    outer loop
      vertex 0 5.53409 3.93324
      vertex -16.908 15.7145 3.44454
      vertex -17.0892 15.4006 3.93324
    endloop
  endfacet
  facet normal -0.0733631 -0.127069 0.989177
    outer loop
      vertex -0.617238 -0.356363 6.16873
      vertex -20.0904 10.2025 6.08087
      vertex -1.20956 -0.698339 6.08087
    endloop
  endfacet
  facet normal -0.428886 -0.742851 0.514033
    outer loop
      vertex -22.0631 6.78554 3.44454
      vertex -5.19682 -3.00039 3.37494
      vertex -5.15511 -2.97631 3.44454
    endloop
  endfacet
  facet normal -0.428867 -0.742818 0.514096
    outer loop
      vertex -5.19682 -3.00039 3.37494
      vertex -22.0631 6.78554 3.44454
      vertex -22.2195 6.51465 2.92266
    endloop
  endfacet
  facet normal -0.213743 -0.370214 0.904022
    outer loop
      vertex -20.6719 9.19524 5.72805
      vertex -2.4066 -1.38945 5.71199
      vertex -2.37264 -1.36984 5.72805
    endloop
  endfacet
  facet normal -0.213777 -0.370272 0.90399
    outer loop
      vertex -2.4066 -1.38945 5.71199
      vertex -20.6719 9.19524 5.72805
      vertex -20.9469 8.7189 5.46791
    endloop
  endfacet
  facet normal -0.494589 -0.856653 -0.146723
    outer loop
      vertex -6.15604 -3.55419 -0.702777
      vertex -22.526 5.98381 -1.20956
      vertex -6.08087 -3.51079 -1.20956
    endloop
  endfacet
  facet normal -0.499397 -0.864983 -0.0490541
    outer loop
      vertex -6.2 -3.57957 0
      vertex -22.5856 5.88064 0
      vertex -6.17488 -3.56507 -0.511417
    endloop
  endfacet
  facet normal -0.866069 0.499925 -7.61277e-05
    outer loop
      vertex -21.6776 7.45329 -4.38406
      vertex -21.8819 7.09943 -3.93324
      vertex -21.4522 7.84371 -4.79266
    endloop
  endfacet
  facet normal -0.335775 -0.58158 -0.740958
    outer loop
      vertex -4.38406 -2.53114 -4.38406
      vertex -21.4522 7.84371 -4.79266
      vertex -4.33393 -2.50219 -4.4295
    endloop
  endfacet
  facet normal -0.335782 -0.581592 -0.740946
    outer loop
      vertex -21.4522 7.84371 -4.79266
      vertex -4.38406 -2.53114 -4.38406
      vertex -21.6776 7.45329 -4.38406
    endloop
  endfacet
  facet normal -0.865846 0.500311 -0.000369501
    outer loop
      vertex -21.2078 8.26694 5.15511
      vertex -21.8819 7.09943 3.93324
      vertex -21.4522 7.84371 4.79266
    endloop
  endfacet
  facet normal -0.865853 0.500298 9.29641e-05
    outer loop
      vertex -16.3856 16.6194 0
      vertex -16.4451 16.5162 1.20956
      vertex -16.4005 16.5935 0.607706
    endloop
  endfacet
  facet normal -0.866043 0.49997 3.02163e-05
    outer loop
      vertex -21.5755 7.63021 -0.511671
      vertex -22.4521 6.11185 -1.79976
      vertex -21.5856 7.61269 -0.0999994
    endloop
  endfacet
  facet normal -0.865986 0.500068 -0.000124588
    outer loop
      vertex -21.5452 7.68258 -0.919379
      vertex -22.4521 6.11185 -1.79976
      vertex -21.5755 7.63021 -0.511671
    endloop
  endfacet
  facet normal -0.866005 0.500036 -4.68885e-05
    outer loop
      vertex -21.4951 7.76931 -1.31919
      vertex -22.4521 6.11185 -1.79976
      vertex -21.5452 7.68258 -0.919379
    endloop
  endfacet
  facet normal -0.86602 0.500009 7.54762e-05
    outer loop
      vertex -21.4257 7.88957 -1.70727
      vertex -22.4521 6.11185 -1.79976
      vertex -21.4951 7.76931 -1.31919
    endloop
  endfacet
  facet normal -0.866019 0.500011 2.78716e-05
    outer loop
      vertex -21.3376 8.04218 -2.07987
      vertex -22.4521 6.11185 -1.79976
      vertex -21.4257 7.88957 -1.70727
    endloop
  endfacet
  facet normal -0.866012 0.500023 0.000137171
    outer loop
      vertex -21.2317 8.22569 -2.43339
      vertex -22.4521 6.11185 -1.79976
      vertex -21.3376 8.04218 -2.07987
    endloop
  endfacet
  facet normal -0.86603 0.499992 1.39917e-06
    outer loop
      vertex -22.4521 6.11185 -1.79976
      vertex -21.2317 8.22569 -2.43339
      vertex -21.1806 8.3142 -2.57119
    endloop
  endfacet
  facet normal -0.866028 0.499996 0
    outer loop
      vertex -22.4521 6.11185 1.79976
      vertex -21.5856 7.61269 -0.0999994
      vertex -22.4521 6.11185 -1.79976
    endloop
  endfacet
  facet normal -0.866044 0.499967 -3.00539e-05
    outer loop
      vertex -21.5856 7.61269 -0.0999994
      vertex -22.4521 6.11185 1.79976
      vertex -21.5755 7.63021 0.311671
    endloop
  endfacet
  facet normal -0.86598 0.500079 0.000122715
    outer loop
      vertex -21.5755 7.63021 0.311671
      vertex -22.4521 6.11185 1.79976
      vertex -21.5452 7.68258 0.719378
    endloop
  endfacet
  facet normal -0.866003 0.50004 4.57613e-05
    outer loop
      vertex -21.5452 7.68258 0.719378
      vertex -22.4521 6.11185 1.79976
      vertex -21.4951 7.76931 1.11919
    endloop
  endfacet
  facet normal -0.866024 0.500003 -7.29728e-05
    outer loop
      vertex -21.4951 7.76931 1.11919
      vertex -22.4521 6.11185 1.79976
      vertex -21.4257 7.88957 1.50727
    endloop
  endfacet
  facet normal -0.86602 0.500009 -2.66684e-05
    outer loop
      vertex -21.4257 7.88957 1.50727
      vertex -22.4521 6.11185 1.79976
      vertex -21.3376 8.04218 1.87987
    endloop
  endfacet
  facet normal -0.866046 0.499965 0.000154831
    outer loop
      vertex -21.1089 8.43832 2.56445
      vertex -22.4521 6.11185 1.79976
      vertex -21.0775 8.49269 2.63371
    endloop
  endfacet
  facet normal -0.866041 0.499973 0.000122436
    outer loop
      vertex -21.2317 8.22569 2.23339
      vertex -22.4521 6.11185 1.79976
      vertex -21.1089 8.43832 2.56445
    endloop
  endfacet
  facet normal -0.866019 0.500012 -0.000129632
    outer loop
      vertex -21.3376 8.04218 1.87987
      vertex -22.4521 6.11185 1.79976
      vertex -21.2317 8.22569 2.23339
    endloop
  endfacet
  facet normal -0.866845 0.498578 0
    outer loop
      vertex -17.519 14.6563 -4.79266
      vertex -17.5454 14.6104 -1.70727
      vertex -17.519 14.6563 -1.5593
    endloop
  endfacet
  facet normal -0.863421 0.504484 0.000117158
    outer loop
      vertex -17.519 14.6563 -4.79266
      vertex -17.5492 14.6039 -1.72312
      vertex -17.5454 14.6104 -1.70727
    endloop
  endfacet
  facet normal -0.866166 0.499756 9.45609e-06
    outer loop
      vertex -17.519 14.6563 -4.79266
      vertex -17.6335 14.4578 -2.07987
      vertex -17.5492 14.6039 -1.72312
    endloop
  endfacet
  facet normal -0.865949 0.500132 4.61203e-05
    outer loop
      vertex -17.519 14.6563 -4.79266
      vertex -17.7395 14.2743 -2.43339
      vertex -17.6335 14.4578 -2.07987
    endloop
  endfacet
  facet normal -0.866106 0.49986 -1.26727e-05
    outer loop
      vertex -17.519 14.6563 -4.79266
      vertex -17.857 14.0707 -2.75036
      vertex -17.7395 14.2743 -2.43339
    endloop
  endfacet
  facet normal -0.865934 0.500159 0.000101447
    outer loop
      vertex -17.519 14.6563 -4.79266
      vertex -17.8622 14.0617 -2.76445
      vertex -17.857 14.0707 -2.75036
    endloop
  endfacet
  facet normal -0.866031 0.499991 3.57954e-05
    outer loop
      vertex -17.519 14.6563 -4.79266
      vertex -18.0006 13.822 -3.06985
      vertex -17.8622 14.0617 -2.76445
    endloop
  endfacet
  facet normal -0.866568 0.499058 -0.000565864
    outer loop
      vertex -17.519 14.6563 -4.79266
      vertex -18.0071 13.8107 -3.08163
      vertex -18.0006 13.822 -3.06985
    endloop
  endfacet
  facet normal -0.866027 0.499997 5.24366e-05
    outer loop
      vertex -17.519 14.6563 -4.79266
      vertex -18.1533 13.5575 -3.34664
      vertex -18.0071 13.8107 -3.08163
    endloop
  endfacet
  facet normal -0.866023 0.500003 5.87492e-05
    outer loop
      vertex -17.519 14.6563 -4.79266
      vertex -18.3118 13.283 -3.58172
      vertex -18.1533 13.5575 -3.34664
    endloop
  endfacet
  facet normal -0.865155 0.5015 0.00232504
    outer loop
      vertex -17.519 14.6563 -4.79266
      vertex -18.3189 13.2708 -3.59217
      vertex -18.3118 13.283 -3.58172
    endloop
  endfacet
  facet normal -0.866117 0.499842 -0.0002296
    outer loop
      vertex -17.519 14.6563 -4.79266
      vertex -18.3264 13.2578 -3.60119
      vertex -18.3189 13.2708 -3.59217
    endloop
  endfacet
  facet normal -0.866084 0.499898 -0.000141569
    outer loop
      vertex -17.519 14.6563 -4.79266
      vertex -18.4956 12.9646 -3.80407
      vertex -18.3264 13.2578 -3.60119
    endloop
  endfacet
  facet normal -0.866001 0.500042 0.00018695
    outer loop
      vertex -17.519 14.6563 -4.79266
      vertex -18.674 12.6557 -3.97279
      vertex -18.4956 12.9646 -3.80407
    endloop
  endfacet
  facet normal -0.866809 0.49862 -0.00442187
    outer loop
      vertex -17.519 14.6563 -4.79266
      vertex -18.6819 12.6419 -3.98029
      vertex -18.674 12.6557 -3.97279
    endloop
  endfacet
  facet normal -0.865998 0.500047 0.00027781
    outer loop
      vertex -18.6819 12.6419 -3.98029
      vertex -17.519 14.6563 -4.79266
      vertex -18.7627 12.502 -4.03809
    endloop
  endfacet
  facet normal -0.866845 0.498578 0
    outer loop
      vertex -17.5454 14.6104 1.50727
      vertex -17.519 14.6563 4.79266
      vertex -17.519 14.6563 1.3593
    endloop
  endfacet
  facet normal -0.863414 0.504496 -0.00011026
    outer loop
      vertex -17.5492 14.6039 1.52312
      vertex -17.519 14.6563 4.79266
      vertex -17.5454 14.6104 1.50727
    endloop
  endfacet
  facet normal -0.866165 0.499757 -8.89943e-06
    outer loop
      vertex -17.6335 14.4578 1.87987
      vertex -17.519 14.6563 4.79266
      vertex -17.5492 14.6039 1.52312
    endloop
  endfacet
  facet normal -0.865947 0.500136 -4.33209e-05
    outer loop
      vertex -17.7395 14.2743 2.23339
      vertex -17.519 14.6563 4.79266
      vertex -17.6335 14.4578 1.87987
    endloop
  endfacet
  facet normal -0.866107 0.499859 1.18691e-05
    outer loop
      vertex -17.857 14.0707 2.55036
      vertex -17.519 14.6563 4.79266
      vertex -17.7395 14.2743 2.23339
    endloop
  endfacet
  facet normal -0.86593 0.500166 -9.50239e-05
    outer loop
      vertex -17.8622 14.0617 2.56445
      vertex -17.519 14.6563 4.79266
      vertex -17.857 14.0707 2.55036
    endloop
  endfacet
  facet normal -0.86603 0.499993 -3.33976e-05
    outer loop
      vertex -18.0006 13.822 2.86985
      vertex -17.519 14.6563 4.79266
      vertex -17.8622 14.0617 2.56445
    endloop
  endfacet
  facet normal -0.866586 0.499027 0.000525349
    outer loop
      vertex -18.0071 13.8107 2.88163
      vertex -17.519 14.6563 4.79266
      vertex -18.0006 13.822 2.86985
    endloop
  endfacet
  facet normal -0.866025 0.5 -4.86857e-05
    outer loop
      vertex -18.1533 13.5575 3.14664
      vertex -17.519 14.6563 4.79266
      vertex -18.0071 13.8107 2.88163
    endloop
  endfacet
  facet normal -0.866022 0.500006 -5.42073e-05
    outer loop
      vertex -18.3118 13.283 3.38172
      vertex -17.519 14.6563 4.79266
      vertex -18.1533 13.5575 3.14664
    endloop
  endfacet
  facet normal -0.865088 0.501615 -0.00214515
    outer loop
      vertex -18.3189 13.2708 3.39217
      vertex -17.519 14.6563 4.79266
      vertex -18.3118 13.283 3.38172
    endloop
  endfacet
  facet normal -0.866122 0.499832 0.000210158
    outer loop
      vertex -18.3264 13.2578 3.40119
      vertex -17.519 14.6563 4.79266
      vertex -18.3189 13.2708 3.39217
    endloop
  endfacet
  facet normal -0.866088 0.499892 0.000129568
    outer loop
      vertex -18.4956 12.9646 3.60407
      vertex -17.519 14.6563 4.79266
      vertex -18.3264 13.2578 3.40119
    endloop
  endfacet
  facet normal -0.865997 0.500049 -0.00016925
    outer loop
      vertex -18.674 12.6557 3.77279
      vertex -17.519 14.6563 4.79266
      vertex -18.4956 12.9646 3.60407
    endloop
  endfacet
  facet normal -0.866909 0.49845 0.00400263
    outer loop
      vertex -18.6819 12.6419 3.78029
      vertex -17.519 14.6563 4.79266
      vertex -18.674 12.6557 3.77279
    endloop
  endfacet
  facet normal -0.865967 0.5001 -0.000364114
    outer loop
      vertex -18.876 12.3059 3.91915
      vertex -17.519 14.6563 4.79266
      vertex -18.6819 12.6419 3.78029
    endloop
  endfacet
  facet normal -0.866239 0.499628 0.00132794
    outer loop
      vertex -17.519 14.6563 4.79266
      vertex -18.876 12.3059 3.91915
      vertex -18.9213 12.2273 3.94186
    endloop
  endfacet
  facet normal -0.865926 0.500172 0.000444489
    outer loop
      vertex -20.9469 8.7189 5.46791
      vertex -19.3047 11.5632 4.08223
      vertex -19.4856 11.25 4.1
    endloop
  endfacet
  facet normal -0.866075 0.499914 -0.000193053
    outer loop
      vertex -20.9469 8.7189 5.46791
      vertex -19.4856 11.25 4.1
      vertex -19.6826 10.9087 4.08064
    endloop
  endfacet
  facet normal -0.865473 0.500951 0.00199246
    outer loop
      vertex -20.9469 8.7189 5.46791
      vertex -19.6826 10.9087 4.08064
      vertex -19.6914 10.8935 4.07978
    endloop
  endfacet
  facet normal -0.865994 0.500054 0.00011686
    outer loop
      vertex -20.9469 8.7189 5.46791
      vertex -19.6914 10.8935 4.07978
      vertex -19.8953 10.5404 4.0193
    endloop
  endfacet
  facet normal -0.866032 0.499989 -5.79911e-05
    outer loop
      vertex -19.3047 11.5632 4.08223
      vertex -20.9469 8.7189 5.46791
      vertex -17.519 14.6563 4.79266
    endloop
  endfacet
  facet normal -0.866057 0.499946 -6.48583e-05
    outer loop
      vertex -20.0952 10.1941 3.91915
      vertex -20.9469 8.7189 5.46791
      vertex -19.8953 10.5404 4.0193
    endloop
  endfacet
  facet normal -0.866036 0.499981 -1.96637e-05
    outer loop
      vertex -20.2892 9.85806 3.78029
      vertex -20.9469 8.7189 5.46791
      vertex -20.0952 10.1941 3.91915
    endloop
  endfacet
  facet normal -0.865988 0.500065 5.59119e-05
    outer loop
      vertex -20.4529 9.57459 3.62548
      vertex -20.9469 8.7189 5.46791
      vertex -20.2892 9.85806 3.78029
    endloop
  endfacet
  facet normal -0.866033 0.499987 7.1616e-06
    outer loop
      vertex -20.9469 8.7189 5.46791
      vertex -20.4529 9.57459 3.62548
      vertex -22.2195 6.51465 2.92266
    endloop
  endfacet
  facet normal -0.865934 0.500158 8.39918e-05
    outer loop
      vertex -16.4451 16.5162 1.20956
      vertex -17.0892 15.4006 3.93324
      vertex -16.6215 16.2106 2.37264
    endloop
  endfacet
  facet normal -0.866223 0.499658 6.37908e-05
    outer loop
      vertex -22.4521 6.11185 1.79976
      vertex -22.5856 5.88064 0
      vertex -22.526 5.98381 1.20956
    endloop
  endfacet
  facet normal -0.866013 0.500022 0
    outer loop
      vertex -16.4451 16.5162 -1.20956
      vertex -17.3856 14.8873 -0.0999994
      vertex -16.4451 16.5162 1.20956
    endloop
  endfacet
  facet normal -0.866015 0.500017 -8.61009e-06
    outer loop
      vertex -16.4451 16.5162 -1.20956
      vertex -17.3957 14.8698 -0.511671
      vertex -17.3856 14.8873 -0.0999994
    endloop
  endfacet
  facet normal -0.866034 0.499985 -0.000110313
    outer loop
      vertex -16.4451 16.5162 -1.20956
      vertex -17.4259 14.8174 -0.919379
      vertex -17.3957 14.8698 -0.511671
    endloop
  endfacet
  facet normal -0.866019 0.500011 9.16236e-05
    outer loop
      vertex -16.4451 16.5162 -1.20956
      vertex -17.476 14.7307 -1.31919
      vertex -17.4259 14.8174 -0.919379
    endloop
  endfacet
  facet normal -0.866008 0.50003 0
    outer loop
      vertex -17.519 14.6563 -1.5593
      vertex -16.4451 16.5162 -1.20956
      vertex -17.519 14.6563 -4.79266
    endloop
  endfacet
  facet normal -0.866021 0.500008 0.000159671
    outer loop
      vertex -16.4451 16.5162 -1.20956
      vertex -17.519 14.6563 -1.5593
      vertex -17.476 14.7307 -1.31919
    endloop
  endfacet
  facet normal -0.866016 0.500016 8.56666e-06
    outer loop
      vertex -17.3957 14.8698 0.311671
      vertex -16.4451 16.5162 1.20956
      vertex -17.3856 14.8873 -0.0999994
    endloop
  endfacet
  facet normal -0.86604 0.499975 0.000108704
    outer loop
      vertex -17.4259 14.8174 0.719378
      vertex -16.4451 16.5162 1.20956
      vertex -17.3957 14.8698 0.311671
    endloop
  endfacet
  facet normal -0.866015 0.500018 -8.94215e-05
    outer loop
      vertex -17.476 14.7307 1.11919
      vertex -16.4451 16.5162 1.20956
      vertex -17.4259 14.8174 0.719378
    endloop
  endfacet
  facet normal -0.866013 0.500021 -0.000154213
    outer loop
      vertex -17.519 14.6563 1.3593
      vertex -16.4451 16.5162 1.20956
      vertex -17.476 14.7307 1.11919
    endloop
  endfacet
  facet normal -0.866008 0.50003 0
    outer loop
      vertex -16.4451 16.5162 1.20956
      vertex -17.519 14.6563 1.3593
      vertex -17.519 14.6563 4.79266
    endloop
  endfacet
  facet normal -0.335781 -0.581589 -0.740949
    outer loop
      vertex -4.33393 -2.50219 -4.4295
      vertex -21.4522 7.84371 -4.79266
      vertex -3.93324 -2.27086 -4.79266
    endloop
  endfacet
  facet normal -0.37047 -0.641673 -0.671571
    outer loop
      vertex -4.43051 -2.55796 -4.33281
      vertex -21.6776 7.45329 -4.38406
      vertex -4.38406 -2.53114 -4.38406
    endloop
  endfacet
  facet normal -0.370475 -0.641681 -0.671561
    outer loop
      vertex -21.6776 7.45329 -4.38406
      vertex -4.43051 -2.55796 -4.33281
      vertex -21.8819 7.09943 -3.93324
    endloop
  endfacet
  facet normal -0.428867 -0.742818 -0.514096
    outer loop
      vertex -22.0631 6.78554 -3.44454
      vertex -5.19682 -3.00039 -3.37494
      vertex -22.2195 6.51465 -2.92266
    endloop
  endfacet
  facet normal -0.428886 -0.742851 -0.514033
    outer loop
      vertex -5.19682 -3.00039 -3.37494
      vertex -22.0631 6.78554 -3.44454
      vertex -5.15511 -2.97631 -3.44454
    endloop
  endfacet
  facet normal -0.401607 -0.695603 -0.595691
    outer loop
      vertex -21.8819 7.09943 -3.93324
      vertex -5.15511 -2.97631 -3.44454
      vertex -22.0631 6.78554 -3.44454
    endloop
  endfacet
  facet normal -0.401596 -0.695586 -0.595718
    outer loop
      vertex -5.15511 -2.97631 -3.44454
      vertex -21.8819 7.09943 -3.93324
      vertex -5.10761 -2.94888 -3.50859
    endloop
  endfacet
  facet normal -0.866008 0.50003 0
    outer loop
      vertex -22.4521 6.11185 -1.79976
      vertex -22.5856 5.88064 0
      vertex -22.4521 6.11185 1.79976
    endloop
  endfacet
  facet normal -0.866187 0.49972 -0.000196449
    outer loop
      vertex -22.0631 6.78554 -3.44454
      vertex -22.2195 6.51465 -2.92266
      vertex -21.8819 7.09943 -3.93324
    endloop
  endfacet
  facet normal -0.866009 0.500029 0.000174634
    outer loop
      vertex -20.3855 9.69136 -5.93303
      vertex -20.9469 8.7189 -5.46791
      vertex -20.0904 10.2025 -6.08087
    endloop
  endfacet
  facet normal 0.121497 0.210439 0.970028
    outer loop
      vertex 0 2.04718 5.93975
      vertex -18.8808 12.2975 6.08087
      vertex 0 1.39668 6.08087
    endloop
  endfacet
  facet normal -0.866009 0.500029 -0.000174634
    outer loop
      vertex -20.0904 10.2025 6.08087
      vertex -20.9469 8.7189 5.46791
      vertex -20.3855 9.69136 5.93303
    endloop
  endfacet
  facet normal -0.866097 0.499875 0.000254257
    outer loop
      vertex -20.3855 9.69136 5.93303
      vertex -20.9469 8.7189 5.46791
      vertex -20.6719 9.19524 5.72805
    endloop
  endfacet
  facet normal -0.866069 0.499925 7.61277e-05
    outer loop
      vertex -21.4522 7.84371 4.79266
      vertex -21.8819 7.09943 3.93324
      vertex -21.6776 7.45329 4.38406
    endloop
  endfacet
  facet normal -0.37047 -0.641673 0.671571
    outer loop
      vertex -21.6776 7.45329 4.38406
      vertex -4.43051 -2.55796 4.33281
      vertex -4.38406 -2.53114 4.38406
    endloop
  endfacet
  facet normal -0.370475 -0.641681 0.671561
    outer loop
      vertex -4.43051 -2.55796 4.33281
      vertex -21.6776 7.45329 4.38406
      vertex -21.8819 7.09943 3.93324
    endloop
  endfacet
  facet normal 0.121497 0.210439 -0.970028
    outer loop
      vertex 0 1.39668 -6.08087
      vertex -18.8808 12.2975 -6.08087
      vertex 0 2.04718 -5.93975
    endloop
  endfacet
  facet normal -0.0245307 -0.0424884 0.998796
    outer loop
      vertex -19.4856 11.25 6.2
      vertex -19.7894 10.7237 6.17015
      vertex 0 0 6.2
    endloop
  endfacet
  facet normal 0.499399 0.864982 -0.0490631
    outer loop
      vertex 0 7.12467 -0.607706
      vertex -16.3856 16.6194 0
      vertex 0 7.15914 0
    endloop
  endfacet
  facet normal 0.499397 0.864981 -0.0491093
    outer loop
      vertex -16.3856 16.6194 0
      vertex 0 7.12467 -0.607706
      vertex -16.4005 16.5935 -0.607706
    endloop
  endfacet
  facet normal -0.401603 -0.695596 0.595702
    outer loop
      vertex -4.79266 -2.76705 3.93324
      vertex -21.8819 7.09943 3.93324
      vertex -5.10761 -2.94888 3.50859
    endloop
  endfacet
  facet normal -0.866145 0.499792 0.000291172
    outer loop
      vertex -20.9469 8.7189 5.46791
      vertex -21.8819 7.09943 3.93324
      vertex -21.2078 8.26694 5.15511
    endloop
  endfacet
  facet normal -0.0245397 -0.0425039 0.998795
    outer loop
      vertex 0 0 6.2
      vertex -0.304214 0.000102035 6.19253
      vertex -0.152019 -0.0877681 6.19253
    endloop
  endfacet
  facet normal 0 0 1
    outer loop
      vertex -0.304214 0.000102035 6.19253
      vertex -0.30428 0 6.19253
      vertex -0.304274 8.1796e-06 6.19253
    endloop
  endfacet
  facet normal -0.0244834 -0.042544 0.998795
    outer loop
      vertex -0.349263 -0.157298 6.18473
      vertex -0.607706 -0.350859 6.17015
      vertex -0.349438 -0.186778 6.18347
    endloop
  endfacet
  facet normal -0.0245485 -0.0424573 0.998797
    outer loop
      vertex -0.349188 -0.144638 6.18527
      vertex -0.607706 -0.350859 6.17015
      vertex -0.349263 -0.157298 6.18473
    endloop
  endfacet
  facet normal -0.0245244 -0.0424874 0.998796
    outer loop
      vertex -0.347611 -0.133089 6.1858
      vertex -0.607706 -0.350859 6.17015
      vertex -0.349188 -0.144638 6.18527
    endloop
  endfacet
  facet normal -0.0246351 -0.0423554 0.998799
    outer loop
      vertex -0.343673 -0.104252 6.18712
      vertex -0.607706 -0.350859 6.17015
      vertex -0.347611 -0.133089 6.1858
    endloop
  endfacet
  facet normal -0.0237676 -0.043283 0.99878
    outer loop
      vertex -0.341457 -0.0957771 6.18754
      vertex -0.607706 -0.350859 6.17015
      vertex -0.343673 -0.104252 6.18712
    endloop
  endfacet
  facet normal -0.0244735 -0.0425471 0.998795
    outer loop
      vertex -0.333775 -0.0663918 6.18898
      vertex -0.607706 -0.350859 6.17015
      vertex -0.341457 -0.0957771 6.18754
    endloop
  endfacet
  facet normal -0.0249197 -0.0421179 0.998802
    outer loop
      vertex -0.321514 -0.0345174 6.19063
      vertex -0.607706 -0.350859 6.17015
      vertex -0.333775 -0.0663918 6.18898
    endloop
  endfacet
  facet normal -0.0206626 -0.0459646 0.998729
    outer loop
      vertex -0.320373 -0.0315538 6.19079
      vertex -0.607706 -0.350859 6.17015
      vertex -0.321514 -0.0345174 6.19063
    endloop
  endfacet
  facet normal -0.0250986 -0.0419775 0.998803
    outer loop
      vertex -0.304285 -9.69041e-06 6.19252
      vertex -0.607706 -0.350859 6.17015
      vertex -0.320373 -0.0315538 6.19079
    endloop
  endfacet
  facet normal 0.722065 -0.641043 0.260165
    outer loop
      vertex -0.30428 0 6.19253
      vertex -0.607706 -0.350859 6.17015
      vertex -0.304285 -9.69041e-06 6.19252
    endloop
  endfacet
  facet normal -0.276334 0.178743 0.944294
    outer loop
      vertex -0.304214 0.000102035 6.19253
      vertex -0.607706 -0.350859 6.17015
      vertex -0.30428 0 6.19253
    endloop
  endfacet
  facet normal -0.0245268 -0.0424816 0.998796
    outer loop
      vertex -0.304214 0.000102035 6.19253
      vertex -19.7894 10.7237 6.17015
      vertex -0.607706 -0.350859 6.17015
    endloop
  endfacet
  facet normal -0.0245397 -0.0425052 0.998795
    outer loop
      vertex -19.7894 10.7237 6.17015
      vertex -0.304214 0.000102035 6.19253
      vertex 0 0 6.2
    endloop
  endfacet
  facet normal -0.0246983 -0.0422065 0.998804
    outer loop
      vertex -0.347553 -0.20066 6.18293
      vertex -0.349438 -0.186778 6.18347
      vertex -0.607706 -0.350859 6.17015
    endloop
  endfacet
  facet normal -0.121496 -0.210438 0.970028
    outer loop
      vertex -1.20956 -0.698339 6.08087
      vertex -20.0904 10.2025 6.08087
      vertex -1.77291 -1.02359 5.93975
    endloop
  endfacet
  facet normal -0.866069 0.499924 -0.000444566
    outer loop
      vertex -18.5857 12.8086 5.93303
      vertex -19.1817 11.7763 6.17015
      vertex -18.8808 12.2975 6.08087
    endloop
  endfacet
  facet normal -0.865947 0.500135 0.000778728
    outer loop
      vertex -18.2993 13.3048 5.72805
      vertex -19.1817 11.7763 6.17015
      vertex -18.5857 12.8086 5.93303
    endloop
  endfacet
  facet normal -0.867666 0.497147 -0.000969863
    outer loop
      vertex -16.4451 16.5162 1.20956
      vertex -16.6215 16.2106 2.37264
      vertex -16.5191 16.3882 1.79976
    endloop
  endfacet
  facet normal 0.485017 0.84007 0.242983
    outer loop
      vertex -16.4451 16.5162 1.20956
      vertex 0 6.85087 1.79976
      vertex 0 7.02158 1.20956
    endloop
  endfacet
  facet normal 0.485014 0.840067 0.243002
    outer loop
      vertex 0 6.85087 1.79976
      vertex -16.4451 16.5162 1.20956
      vertex -16.5191 16.3882 1.79976
    endloop
  endfacet
  facet normal -0.866304 0.499517 -0.000359603
    outer loop
      vertex -16.6215 16.2106 2.37264
      vertex -17.0892 15.4006 3.93324
      vertex -16.908 15.7145 3.44454
    endloop
  endfacet
  facet normal -0.866054 0.49995 -0.000787274
    outer loop
      vertex -22.2195 6.51465 -2.92266
      vertex -20.9764 8.66784 -3.05685
      vertex -20.9705 8.67804 -3.06985
    endloop
  endfacet
  facet normal -0.866017 0.500014 0.000171134
    outer loop
      vertex -22.2195 6.51465 -2.92266
      vertex -20.8178 8.94252 -3.34664
      vertex -20.6947 9.15579 -3.52929
    endloop
  endfacet
  facet normal -0.866031 0.499991 -3.39759e-06
    outer loop
      vertex -22.2195 6.51465 -2.92266
      vertex -20.964 8.68929 -3.08163
      vertex -20.8178 8.94252 -3.34664
    endloop
  endfacet
  facet normal -0.866043 0.49997 -0.000391973
    outer loop
      vertex -22.2195 6.51465 -2.92266
      vertex -20.9705 8.67804 -3.06985
      vertex -20.964 8.68929 -3.08163
    endloop
  endfacet
  facet normal -0.866032 0.499988 2.69546e-05
    outer loop
      vertex -20.9764 8.66784 -3.05685
      vertex -22.2195 6.51465 -2.92266
      vertex -21.1089 8.43832 -2.76445
    endloop
  endfacet
  facet normal -0.866025 0.5 -0.000175829
    outer loop
      vertex -22.2195 6.51465 -2.92266
      vertex -21.1806 8.3142 -2.57119
      vertex -21.1089 8.43832 -2.76445
    endloop
  endfacet
  facet normal -0.866037 0.499981 -4.26192e-05
    outer loop
      vertex -21.1806 8.3142 -2.57119
      vertex -22.2195 6.51465 -2.92266
      vertex -22.4521 6.11185 -1.79976
    endloop
  endfacet
  facet normal -0.865962 0.50011 0.000517056
    outer loop
      vertex -17.519 14.6563 -4.79266
      vertex -18.876 12.3059 -4.11915
      vertex -18.7627 12.502 -4.03809
    endloop
  endfacet
  facet normal -0.866044 0.499968 -0.000145881
    outer loop
      vertex -18.876 12.3059 -4.11915
      vertex -17.519 14.6563 -4.79266
      vertex -19.0247 12.0483 -4.19365
    endloop
  endfacet
  facet normal -0.865924 0.500175 5.03078e-05
    outer loop
      vertex -22.3496 6.28936 -2.37264
      vertex -22.4521 6.11185 -1.79976
      vertex -22.2195 6.51465 -2.92266
    endloop
  endfacet
  facet normal -0.865953 0.500125 -6.58502e-05
    outer loop
      vertex -17.0892 15.4006 -3.93324
      vertex -17.519 14.6563 -4.79266
      vertex -16.4451 16.5162 -1.20956
    endloop
  endfacet
  facet normal -0.866002 0.500041 0.000223805
    outer loop
      vertex -19.4856 11.25 -6.2
      vertex -20.9469 8.7189 -5.46791
      vertex -19.1817 11.7763 -6.17015
    endloop
  endfacet
  facet normal 0.297871 0.515929 0.803175
    outer loop
      vertex -17.7633 14.2331 5.15511
      vertex 0 4.54171 4.79266
      vertex -17.519 14.6563 4.79266
    endloop
  endfacet
  facet normal 0.297854 0.515897 0.803202
    outer loop
      vertex 0 4.54171 4.79266
      vertex -17.7633 14.2331 5.15511
      vertex 0 3.97741 5.15511
    endloop
  endfacet
  facet normal -0.866025 0.500001 8.37419e-05
    outer loop
      vertex -17.519 14.6563 4.79266
      vertex -20.9469 8.7189 5.46791
      vertex -17.7633 14.2331 5.15511
    endloop
  endfacet
  facet normal -0.168445 -0.291757 -0.941543
    outer loop
      vertex -2.37264 -1.36984 -5.72805
      vertex -20.3855 9.69136 -5.93303
      vertex -1.79976 -1.03909 -5.93303
    endloop
  endfacet
  facet normal -0.168452 -0.291768 -0.941539
    outer loop
      vertex -20.3855 9.69136 -5.93303
      vertex -2.37264 -1.36984 -5.72805
      vertex -20.6719 9.19524 -5.72805
    endloop
  endfacet
  facet normal -0.428865 -0.742814 -0.514103
    outer loop
      vertex -5.46791 -3.1569 -2.92266
      vertex -22.2195 6.51465 -2.92266
      vertex -5.19682 -3.00039 -3.37494
    endloop
  endfacet
  facet normal -0.866145 0.499792 -0.000291172
    outer loop
      vertex -21.2078 8.26694 -5.15511
      vertex -21.8819 7.09943 -3.93324
      vertex -20.9469 8.7189 -5.46791
    endloop
  endfacet
  facet normal -0.121399 -0.21028 -0.970075
    outer loop
      vertex -1.79976 -1.03909 -5.93303
      vertex -20.0904 10.2025 -6.08087
      vertex -1.77291 -1.02359 -5.93975
    endloop
  endfacet
  facet normal -0.12149 -0.210427 -0.970031
    outer loop
      vertex -20.0904 10.2025 -6.08087
      vertex -1.79976 -1.03909 -5.93303
      vertex -20.3855 9.69136 -5.93303
    endloop
  endfacet
  facet normal -0.0736684 -0.127597 0.989086
    outer loop
      vertex -19.7894 10.7237 6.17015
      vertex -0.617238 -0.356363 6.16873
      vertex -0.607706 -0.350859 6.17015
    endloop
  endfacet
  facet normal -0.0733655 -0.127073 0.989176
    outer loop
      vertex -0.617238 -0.356363 6.16873
      vertex -19.7894 10.7237 6.17015
      vertex -20.0904 10.2025 6.08087
    endloop
  endfacet
  facet normal -0.485016 -0.840072 0.242978
    outer loop
      vertex -6.08087 -3.51079 1.20956
      vertex -22.4521 6.11185 1.79976
      vertex -22.526 5.98381 1.20956
    endloop
  endfacet
  facet normal -0.485016 -0.840072 0.242977
    outer loop
      vertex -22.4521 6.11185 1.79976
      vertex -6.08087 -3.51079 1.20956
      vertex -5.93303 -3.42544 1.79976
    endloop
  endfacet
  facet normal -0.866027 0.499998 -2.28136e-05
    outer loop
      vertex -19.1817 11.7763 -6.17015
      vertex -20.9469 8.7189 -5.46791
      vertex -17.7633 14.2331 -5.15511
    endloop
  endfacet
  facet normal 0.073363 0.127069 -0.989177
    outer loop
      vertex 0 0.712726 -6.16873
      vertex -18.8808 12.2975 -6.08087
      vertex 0 1.39668 -6.08087
    endloop
  endfacet
  facet normal 0.0733721 0.127083 0.989175
    outer loop
      vertex -19.1817 11.7763 6.17015
      vertex 0 0.712726 6.16873
      vertex -18.8808 12.2975 6.08087
    endloop
  endfacet
  facet normal 0.0736705 0.127601 0.989086
    outer loop
      vertex 0 0.712726 6.16873
      vertex -19.1817 11.7763 6.17015
      vertex 0 0.701719 6.17015
    endloop
  endfacet
  facet normal 0.494588 0.856652 0.146734
    outer loop
      vertex -16.4005 16.5935 0.607706
      vertex 0 7.02158 1.20956
      vertex 0 7.12467 0.607706
    endloop
  endfacet
  facet normal 0.494594 0.856658 0.146678
    outer loop
      vertex 0 7.02158 1.20956
      vertex -16.4005 16.5935 0.607706
      vertex -16.4451 16.5162 1.20956
    endloop
  endfacet
  facet normal 0.121496 0.210439 0.970028
    outer loop
      vertex -18.8808 12.2975 6.08087
      vertex 0 2.07819 5.93303
      vertex -18.5857 12.8086 5.93303
    endloop
  endfacet
  facet normal 0.12138 0.210223 0.970089
    outer loop
      vertex 0 2.07819 5.93303
      vertex -18.8808 12.2975 6.08087
      vertex 0 2.04718 5.93975
    endloop
  endfacet
  facet normal 0.073363 0.127069 0.989177
    outer loop
      vertex 0 1.39668 6.08087
      vertex -18.8808 12.2975 6.08087
      vertex 0 0.712726 6.16873
    endloop
  endfacet
  facet normal -0.485016 -0.840072 -0.242978
    outer loop
      vertex -22.4521 6.11185 -1.79976
      vertex -6.08087 -3.51079 -1.20956
      vertex -22.526 5.98381 -1.20956
    endloop
  endfacet
  facet normal -0.485016 -0.840072 -0.242977
    outer loop
      vertex -6.08087 -3.51079 -1.20956
      vertex -22.4521 6.11185 -1.79976
      vertex -5.93303 -3.42544 -1.79976
    endloop
  endfacet
  facet normal -0.470772 -0.815402 -0.336888
    outer loop
      vertex -22.3496 6.28936 -2.37264
      vertex -5.93303 -3.42544 -1.79976
      vertex -22.4521 6.11185 -1.79976
    endloop
  endfacet
  facet normal -0.470771 -0.815399 -0.336896
    outer loop
      vertex -5.93303 -3.42544 -1.79976
      vertex -22.3496 6.28936 -2.37264
      vertex -5.72805 -3.30709 -2.37264
    endloop
  endfacet
  facet normal -0.494592 -0.856656 -0.146692
    outer loop
      vertex -22.526 5.98381 -1.20956
      vertex -6.17015 -3.56233 -0.607706
      vertex -22.5706 5.9065 -0.607706
    endloop
  endfacet
  facet normal -0.494586 -0.85665 -0.146751
    outer loop
      vertex -6.17015 -3.56233 -0.607706
      vertex -22.526 5.98381 -1.20956
      vertex -6.15604 -3.55419 -0.702777
    endloop
  endfacet
  facet normal -0.866223 0.499658 -6.37908e-05
    outer loop
      vertex -22.526 5.98381 -1.20956
      vertex -22.5856 5.88064 0
      vertex -22.4521 6.11185 -1.79976
    endloop
  endfacet
  facet normal 0.451992 0.782875 -0.427562
    outer loop
      vertex 0 6.3138 -2.92266
      vertex -16.6215 16.2106 -2.37264
      vertex 0 6.61419 -2.37264
    endloop
  endfacet
  facet normal 0.451985 0.782865 -0.427589
    outer loop
      vertex -16.6215 16.2106 -2.37264
      vertex 0 6.3138 -2.92266
      vertex -16.7516 15.9853 -2.92266
    endloop
  endfacet
  facet normal -0.865817 0.500361 -0.000161206
    outer loop
      vertex -16.7516 15.9853 -2.92266
      vertex -16.908 15.7145 -3.44454
      vertex -16.6215 16.2106 -2.37264
    endloop
  endfacet
  facet normal 0.428864 0.742817 -0.514099
    outer loop
      vertex 0 5.95261 -3.44454
      vertex -16.7516 15.9853 -2.92266
      vertex 0 6.3138 -2.92266
    endloop
  endfacet
  facet normal 0.428896 0.742866 -0.514002
    outer loop
      vertex -16.7516 15.9853 -2.92266
      vertex 0 5.95261 -3.44454
      vertex -16.908 15.7145 -3.44454
    endloop
  endfacet
  facet normal 0.401604 0.695595 -0.595703
    outer loop
      vertex 0 5.53409 -3.93324
      vertex -16.908 15.7145 -3.44454
      vertex 0 5.95261 -3.44454
    endloop
  endfacet
  facet normal 0.401605 0.695597 -0.5957
    outer loop
      vertex -16.908 15.7145 -3.44454
      vertex 0 5.53409 -3.93324
      vertex -17.0892 15.4006 -3.93324
    endloop
  endfacet
  facet normal -0.865354 0.501159 -0.00126041
    outer loop
      vertex -17.2935 15.0467 -4.38406
      vertex -17.519 14.6563 -4.79266
      vertex -17.0892 15.4006 -3.93324
    endloop
  endfacet
  facet normal -0.866162 0.499762 0.000941077
    outer loop
      vertex -18.2993 13.3048 -5.72805
      vertex -19.1817 11.7763 -6.17015
      vertex -18.0242 13.7811 -5.46791
    endloop
  endfacet
  facet normal -0.865962 0.50011 0.000384985
    outer loop
      vertex -17.7633 14.2331 5.15511
      vertex -19.1817 11.7763 6.17015
      vertex -18.0242 13.7811 5.46791
    endloop
  endfacet
  facet normal 0.257046 0.445214 0.857737
    outer loop
      vertex -18.0242 13.7811 5.46791
      vertex 0 3.97741 5.15511
      vertex -17.7633 14.2331 5.15511
    endloop
  endfacet
  facet normal 0.257052 0.445226 0.857729
    outer loop
      vertex 0 3.97741 5.15511
      vertex -18.0242 13.7811 5.46791
      vertex 0 3.3748 5.46791
    endloop
  endfacet
  facet normal -0.257052 -0.445227 -0.857728
    outer loop
      vertex -3.44454 -1.9887 -5.15511
      vertex -20.9469 8.7189 -5.46791
      vertex -2.92266 -1.6874 -5.46791
    endloop
  endfacet
  facet normal -0.257058 -0.445236 -0.857721
    outer loop
      vertex -20.9469 8.7189 -5.46791
      vertex -3.44454 -1.9887 -5.15511
      vertex -21.2078 8.26694 -5.15511
    endloop
  endfacet
  facet normal -0.29785 -0.51589 -0.803208
    outer loop
      vertex -3.93324 -2.27086 -4.79266
      vertex -21.2078 8.26694 -5.15511
      vertex -3.44454 -1.9887 -5.15511
    endloop
  endfacet
  facet normal -0.297841 -0.515877 -0.80322
    outer loop
      vertex -21.2078 8.26694 -5.15511
      vertex -3.93324 -2.27086 -4.79266
      vertex -21.4522 7.84371 -4.79266
    endloop
  endfacet
  facet normal -0.370474 -0.64168 -0.671562
    outer loop
      vertex -4.79266 -2.76705 -3.93324
      vertex -21.8819 7.09943 -3.93324
      vertex -4.43051 -2.55796 -4.33281
    endloop
  endfacet
  facet normal -0.401603 -0.695596 -0.595702
    outer loop
      vertex -5.10761 -2.94888 -3.50859
      vertex -21.8819 7.09943 -3.93324
      vertex -4.79266 -2.76705 -3.93324
    endloop
  endfacet
  facet normal -0.213778 -0.370274 -0.903989
    outer loop
      vertex -2.92266 -1.6874 -5.46791
      vertex -20.9469 8.7189 -5.46791
      vertex -2.4066 -1.38945 -5.71199
    endloop
  endfacet
  facet normal -0.213743 -0.370214 -0.904022
    outer loop
      vertex -2.4066 -1.38945 -5.71199
      vertex -20.6719 9.19524 -5.72805
      vertex -2.37264 -1.36984 -5.72805
    endloop
  endfacet
  facet normal -0.213777 -0.370272 -0.90399
    outer loop
      vertex -20.6719 9.19524 -5.72805
      vertex -2.4066 -1.38945 -5.71199
      vertex -20.9469 8.7189 -5.46791
    endloop
  endfacet
  facet normal -0.168445 -0.291757 0.941543
    outer loop
      vertex -20.3855 9.69136 5.93303
      vertex -2.37264 -1.36984 5.72805
      vertex -1.79976 -1.03909 5.93303
    endloop
  endfacet
  facet normal -0.168452 -0.291768 0.941539
    outer loop
      vertex -2.37264 -1.36984 5.72805
      vertex -20.3855 9.69136 5.93303
      vertex -20.6719 9.19524 5.72805
    endloop
  endfacet
  facet normal -0.335781 -0.581589 0.740949
    outer loop
      vertex -3.93324 -2.27086 4.79266
      vertex -21.4522 7.84371 4.79266
      vertex -4.33393 -2.50219 4.4295
    endloop
  endfacet
  facet normal -0.335775 -0.58158 0.740958
    outer loop
      vertex -21.4522 7.84371 4.79266
      vertex -4.38406 -2.53114 4.38406
      vertex -4.33393 -2.50219 4.4295
    endloop
  endfacet
  facet normal -0.335782 -0.581592 0.740946
    outer loop
      vertex -4.38406 -2.53114 4.38406
      vertex -21.4522 7.84371 4.79266
      vertex -21.6776 7.45329 4.38406
    endloop
  endfacet
  facet normal -0.865962 0.50011 -0.000384985
    outer loop
      vertex -18.0242 13.7811 -5.46791
      vertex -19.1817 11.7763 -6.17015
      vertex -17.7633 14.2331 -5.15511
    endloop
  endfacet
  facet normal -0.866069 0.499924 0.000444566
    outer loop
      vertex -18.8808 12.2975 -6.08087
      vertex -19.1817 11.7763 -6.17015
      vertex -18.5857 12.8086 -5.93303
    endloop
  endfacet
  facet normal 0.0736705 0.127601 -0.989086
    outer loop
      vertex -19.1817 11.7763 -6.17015
      vertex 0 0.712726 -6.16873
      vertex 0 0.701719 -6.17015
    endloop
  endfacet
  facet normal 0.0733721 0.127083 -0.989175
    outer loop
      vertex 0 0.712726 -6.16873
      vertex -19.1817 11.7763 -6.17015
      vertex -18.8808 12.2975 -6.08087
    endloop
  endfacet
  facet normal 0.0251516 0.0424656 0.998781
    outer loop
      vertex 0 0.701719 6.17015
      vertex -0.013466 0.395 6.18353
      vertex 0 0.402077 6.18289
    endloop
  endfacet
  facet normal 0.0243279 0.0425026 0.9988
    outer loop
      vertex 0 0.701719 6.17015
      vertex -0.037652 0.382289 6.18466
      vertex -0.013466 0.395 6.18353
    endloop
  endfacet
  facet normal 0.0243311 0.0425022 0.9988
    outer loop
      vertex 0 0.701719 6.17015
      vertex -0.0479163 0.375005 6.18522
      vertex -0.037652 0.382289 6.18466
    endloop
  endfacet
  facet normal 0.0245475 0.0424703 0.998796
    outer loop
      vertex 0 0.701719 6.17015
      vertex -0.0712928 0.358414 6.1865
      vertex -0.0479163 0.375005 6.18522
    endloop
  endfacet
  facet normal 0.0246476 0.0424494 0.998795
    outer loop
      vertex 0 0.701719 6.17015
      vertex -0.09507 0.336691 6.18801
      vertex -0.0712928 0.358414 6.1865
    endloop
  endfacet
  facet normal 0.0243423 0.0425291 0.998799
    outer loop
      vertex 0 0.701719 6.17015
      vertex -0.100601 0.331637 6.18836
      vertex -0.09507 0.336691 6.18801
    endloop
  endfacet
  facet normal 0.0249199 0.0423717 0.998791
    outer loop
      vertex 0 0.701719 6.17015
      vertex -0.122723 0.306225 6.18999
      vertex -0.100601 0.331637 6.18836
    endloop
  endfacet
  facet normal 0.0217581 0.0433545 0.998823
    outer loop
      vertex 0 0.701719 6.17015
      vertex -0.125514 0.303018 6.19019
      vertex -0.122723 0.306225 6.18999
    endloop
  endfacet
  facet normal 0.0270671 0.0416802 0.998764
    outer loop
      vertex 0 0.701719 6.17015
      vertex -0.127702 0.299886 6.19038
      vertex -0.125514 0.303018 6.19019
    endloop
  endfacet
  facet normal 0.0247389 0.0424216 0.998793
    outer loop
      vertex 0 0.701719 6.17015
      vertex -0.146162 0.273451 6.19196
      vertex -0.127702 0.299886 6.19038
    endloop
  endfacet
  facet normal -0.010109 0.0542984 0.998474
    outer loop
      vertex 0 0.701719 6.17015
      vertex -0.146621 0.27263 6.192
      vertex -0.146162 0.273451 6.19196
    endloop
  endfacet
  facet normal 0.0249311 0.0423413 0.998792
    outer loop
      vertex 0 0.701719 6.17015
      vertex -0.151876 0.263222 6.19253
      vertex -0.146621 0.27263 6.192
    endloop
  endfacet
  facet normal 0.0245287 0.0424849 0.998796
    outer loop
      vertex -19.4856 11.25 6.2
      vertex 0 0.701719 6.17015
      vertex -19.1817 11.7763 6.17015
    endloop
  endfacet
  facet normal 0.0245398 0.0425041 0.998795
    outer loop
      vertex -0.151876 0.263222 6.19253
      vertex 0 0 6.2
      vertex 0 0.175536 6.19253
    endloop
  endfacet
  facet normal 0.0245269 0.0424815 0.998796
    outer loop
      vertex 0 0.701719 6.17015
      vertex -19.4856 11.25 6.2
      vertex -0.151876 0.263222 6.19253
    endloop
  endfacet
  facet normal 0.0245396 0.042504 0.998795
    outer loop
      vertex -0.151876 0.263222 6.19253
      vertex -19.4856 11.25 6.2
      vertex 0 0 6.2
    endloop
  endfacet
  facet normal 0.499399 0.864982 0.0490631
    outer loop
      vertex -16.3856 16.6194 0
      vertex 0 7.12467 0.607706
      vertex 0 7.15914 0
    endloop
  endfacet
  facet normal 0.499397 0.864981 0.0491093
    outer loop
      vertex 0 7.12467 0.607706
      vertex -16.3856 16.6194 0
      vertex -16.4005 16.5935 0.607706
    endloop
  endfacet
  facet normal 0.335769 0.581569 0.74097
    outer loop
      vertex -17.519 14.6563 4.79266
      vertex 0 5.06228 4.38406
      vertex -17.2935 15.0467 4.38406
    endloop
  endfacet
  facet normal 0.335777 0.581583 0.740956
    outer loop
      vertex 0 5.06228 4.38406
      vertex -17.519 14.6563 4.79266
      vertex 0 4.54171 4.79266
    endloop
  endfacet
  facet normal 0.470775 0.815405 0.336877
    outer loop
      vertex -16.5191 16.3882 1.79976
      vertex 0 6.61419 2.37264
      vertex 0 6.85087 1.79976
    endloop
  endfacet
  facet normal 0.470765 0.81539 0.336928
    outer loop
      vertex 0 6.61419 2.37264
      vertex -16.5191 16.3882 1.79976
      vertex -16.6215 16.2106 2.37264
    endloop
  endfacet
  facet normal -0.865817 0.500361 0.000161206
    outer loop
      vertex -16.6215 16.2106 2.37264
      vertex -16.908 15.7145 3.44454
      vertex -16.7516 15.9853 2.92266
    endloop
  endfacet
  facet normal -0.499397 -0.864979 -0.0491345
    outer loop
      vertex -22.5706 5.9065 -0.607706
      vertex -6.17488 -3.56507 -0.511417
      vertex -22.5856 5.88064 0
    endloop
  endfacet
  facet normal -0.499397 -0.864978 -0.0491457
    outer loop
      vertex -6.17488 -3.56507 -0.511417
      vertex -22.5706 5.9065 -0.607706
      vertex -6.17015 -3.56233 -0.607706
    endloop
  endfacet
  facet normal -0.866779 0.498692 -0.000173644
    outer loop
      vertex -22.5706 5.9065 -0.607706
      vertex -22.5856 5.88064 0
      vertex -22.526 5.98381 -1.20956
    endloop
  endfacet
  facet normal 0.370476 0.641682 -0.671559
    outer loop
      vertex -17.2935 15.0467 -4.38406
      vertex 0 5.53409 -3.93324
      vertex 0 5.06228 -4.38406
    endloop
  endfacet
  facet normal 0.370462 0.641655 -0.671592
    outer loop
      vertex 0 5.53409 -3.93324
      vertex -17.2935 15.0467 -4.38406
      vertex -17.0892 15.4006 -3.93324
    endloop
  endfacet
  facet normal 0.213777 0.370273 -0.90399
    outer loop
      vertex -18.2993 13.3048 -5.72805
      vertex 0 3.3748 -5.46791
      vertex 0 2.73969 -5.72805
    endloop
  endfacet
  facet normal 0.213772 0.370263 -0.903995
    outer loop
      vertex 0 3.3748 -5.46791
      vertex -18.2993 13.3048 -5.72805
      vertex -18.0242 13.7811 -5.46791
    endloop
  endfacet
  facet normal -0.0733631 -0.127069 -0.989177
    outer loop
      vertex -1.20956 -0.698339 -6.08087
      vertex -20.0904 10.2025 -6.08087
      vertex -0.617238 -0.356363 -6.16873
    endloop
  endfacet
  facet normal -0.213778 -0.370274 0.903989
    outer loop
      vertex -2.4066 -1.38945 5.71199
      vertex -20.9469 8.7189 5.46791
      vertex -2.92266 -1.6874 5.46791
    endloop
  endfacet
  facet normal -0.121399 -0.21028 0.970075
    outer loop
      vertex -20.0904 10.2025 6.08087
      vertex -1.79976 -1.03909 5.93303
      vertex -1.77291 -1.02359 5.93975
    endloop
  endfacet
  facet normal -0.12149 -0.210427 0.970031
    outer loop
      vertex -1.79976 -1.03909 5.93303
      vertex -20.0904 10.2025 6.08087
      vertex -20.3855 9.69136 5.93303
    endloop
  endfacet
  facet normal -0.470772 -0.815402 0.336888
    outer loop
      vertex -5.93303 -3.42544 1.79976
      vertex -22.3496 6.28936 2.37264
      vertex -22.4521 6.11185 1.79976
    endloop
  endfacet
  facet normal -0.470771 -0.815399 0.336896
    outer loop
      vertex -22.3496 6.28936 2.37264
      vertex -5.93303 -3.42544 1.79976
      vertex -5.72805 -3.30709 2.37264
    endloop
  endfacet
  facet normal -0.866025 0.500001 -8.37419e-05
    outer loop
      vertex -17.7633 14.2331 -5.15511
      vertex -20.9469 8.7189 -5.46791
      vertex -17.519 14.6563 -4.79266
    endloop
  endfacet
  facet normal 0.335777 0.581583 -0.740956
    outer loop
      vertex -17.519 14.6563 -4.79266
      vertex 0 5.06228 -4.38406
      vertex 0 4.54171 -4.79266
    endloop
  endfacet
  facet normal 0.335769 0.581569 -0.74097
    outer loop
      vertex 0 5.06228 -4.38406
      vertex -17.519 14.6563 -4.79266
      vertex -17.2935 15.0467 -4.38406
    endloop
  endfacet
  facet normal -0.865947 0.500135 -0.000778728
    outer loop
      vertex -18.5857 12.8086 -5.93303
      vertex -19.1817 11.7763 -6.17015
      vertex -18.2993 13.3048 -5.72805
    endloop
  endfacet
  facet normal -0.29785 -0.51589 0.803208
    outer loop
      vertex -21.2078 8.26694 5.15511
      vertex -3.93324 -2.27086 4.79266
      vertex -3.44454 -1.9887 5.15511
    endloop
  endfacet
  facet normal -0.297841 -0.515877 0.80322
    outer loop
      vertex -3.93324 -2.27086 4.79266
      vertex -21.2078 8.26694 5.15511
      vertex -21.4522 7.84371 4.79266
    endloop
  endfacet
  facet normal 0.370462 0.641655 0.671592
    outer loop
      vertex -17.2935 15.0467 4.38406
      vertex 0 5.53409 3.93324
      vertex -17.0892 15.4006 3.93324
    endloop
  endfacet
  facet normal 0.370476 0.641682 0.671559
    outer loop
      vertex 0 5.53409 3.93324
      vertex -17.2935 15.0467 4.38406
      vertex 0 5.06228 4.38406
    endloop
  endfacet
  facet normal 0.257052 0.445226 -0.857729
    outer loop
      vertex -18.0242 13.7811 -5.46791
      vertex 0 3.97741 -5.15511
      vertex 0 3.3748 -5.46791
    endloop
  endfacet
  facet normal 0.257046 0.445214 -0.857737
    outer loop
      vertex 0 3.97741 -5.15511
      vertex -18.0242 13.7811 -5.46791
      vertex -17.7633 14.2331 -5.15511
    endloop
  endfacet
  facet normal -0.0736684 -0.127597 -0.989086
    outer loop
      vertex -0.617238 -0.356363 -6.16873
      vertex -19.7894 10.7237 -6.17015
      vertex -0.607706 -0.350859 -6.17015
    endloop
  endfacet
  facet normal -0.0733655 -0.127073 -0.989176
    outer loop
      vertex -19.7894 10.7237 -6.17015
      vertex -0.617238 -0.356363 -6.16873
      vertex -20.0904 10.2025 -6.08087
    endloop
  endfacet
  facet normal -0.0246983 -0.0422065 -0.998804
    outer loop
      vertex -0.347553 -0.20066 -6.18293
      vertex -0.607706 -0.350859 -6.17015
      vertex -0.349438 -0.186778 -6.18347
    endloop
  endfacet
  facet normal -0.0245397 -0.0425039 -0.998795
    outer loop
      vertex -0.304214 0.000102035 -6.19253
      vertex 0 0 -6.2
      vertex -0.152019 -0.0877681 -6.19253
    endloop
  endfacet
  facet normal 0 0 -1
    outer loop
      vertex -0.30428 0 -6.19253
      vertex -0.304214 0.000102035 -6.19253
      vertex -0.304274 8.1796e-06 -6.19253
    endloop
  endfacet
  facet normal -0.0244834 -0.042544 -0.998795
    outer loop
      vertex -0.607706 -0.350859 -6.17015
      vertex -0.349263 -0.157298 -6.18473
      vertex -0.349438 -0.186778 -6.18347
    endloop
  endfacet
  facet normal -0.0245485 -0.0424573 -0.998797
    outer loop
      vertex -0.607706 -0.350859 -6.17015
      vertex -0.349188 -0.144638 -6.18527
      vertex -0.349263 -0.157298 -6.18473
    endloop
  endfacet
  facet normal -0.0245244 -0.0424874 -0.998796
    outer loop
      vertex -0.607706 -0.350859 -6.17015
      vertex -0.347611 -0.133089 -6.1858
      vertex -0.349188 -0.144638 -6.18527
    endloop
  endfacet
  facet normal -0.0246351 -0.0423554 -0.998799
    outer loop
      vertex -0.607706 -0.350859 -6.17015
      vertex -0.343673 -0.104252 -6.18712
      vertex -0.347611 -0.133089 -6.1858
    endloop
  endfacet
  facet normal -0.0237676 -0.043283 -0.99878
    outer loop
      vertex -0.607706 -0.350859 -6.17015
      vertex -0.341457 -0.0957771 -6.18754
      vertex -0.343673 -0.104252 -6.18712
    endloop
  endfacet
  facet normal -0.0244735 -0.0425471 -0.998795
    outer loop
      vertex -0.607706 -0.350859 -6.17015
      vertex -0.333775 -0.0663918 -6.18898
      vertex -0.341457 -0.0957771 -6.18754
    endloop
  endfacet
  facet normal -0.0249197 -0.0421179 -0.998802
    outer loop
      vertex -0.607706 -0.350859 -6.17015
      vertex -0.321514 -0.0345174 -6.19063
      vertex -0.333775 -0.0663918 -6.18898
    endloop
  endfacet
  facet normal -0.0206626 -0.0459646 -0.998729
    outer loop
      vertex -0.607706 -0.350859 -6.17015
      vertex -0.320373 -0.0315538 -6.19079
      vertex -0.321514 -0.0345174 -6.19063
    endloop
  endfacet
  facet normal -0.0250986 -0.0419775 -0.998803
    outer loop
      vertex -0.607706 -0.350859 -6.17015
      vertex -0.304285 -9.69041e-06 -6.19252
      vertex -0.320373 -0.0315538 -6.19079
    endloop
  endfacet
  facet normal 0.722065 -0.641043 -0.260165
    outer loop
      vertex -0.607706 -0.350859 -6.17015
      vertex -0.30428 0 -6.19253
      vertex -0.304285 -9.69041e-06 -6.19252
    endloop
  endfacet
  facet normal -0.276334 0.178743 -0.944294
    outer loop
      vertex -0.607706 -0.350859 -6.17015
      vertex -0.304214 0.000102035 -6.19253
      vertex -0.30428 0 -6.19253
    endloop
  endfacet
  facet normal -0.0245397 -0.0425052 -0.998795
    outer loop
      vertex -0.304214 0.000102035 -6.19253
      vertex -19.7894 10.7237 -6.17015
      vertex 0 0 -6.2
    endloop
  endfacet
  facet normal -0.0245268 -0.0424816 -0.998796
    outer loop
      vertex -19.7894 10.7237 -6.17015
      vertex -0.304214 0.000102035 -6.19253
      vertex -0.607706 -0.350859 -6.17015
    endloop
  endfacet
  facet normal -0.257052 -0.445227 0.857728
    outer loop
      vertex -20.9469 8.7189 5.46791
      vertex -3.44454 -1.9887 5.15511
      vertex -2.92266 -1.6874 5.46791
    endloop
  endfacet
  facet normal -0.257058 -0.445236 0.857721
    outer loop
      vertex -3.44454 -1.9887 5.15511
      vertex -20.9469 8.7189 5.46791
      vertex -21.2078 8.26694 5.15511
    endloop
  endfacet
  facet normal 0.168445 0.291757 -0.941543
    outer loop
      vertex -18.5857 12.8086 -5.93303
      vertex 0 2.73969 -5.72805
      vertex 0 2.07819 -5.93303
    endloop
  endfacet
  facet normal 0.168434 0.291737 -0.941552
    outer loop
      vertex 0 2.73969 -5.72805
      vertex -18.5857 12.8086 -5.93303
      vertex -18.2993 13.3048 -5.72805
    endloop
  endfacet
  facet normal 0.12138 0.210223 -0.970089
    outer loop
      vertex -18.8808 12.2975 -6.08087
      vertex 0 2.07819 -5.93303
      vertex 0 2.04718 -5.93975
    endloop
  endfacet
  facet normal 0.121496 0.210439 -0.970028
    outer loop
      vertex 0 2.07819 -5.93303
      vertex -18.8808 12.2975 -6.08087
      vertex -18.5857 12.8086 -5.93303
    endloop
  endfacet
  facet normal 0.428864 0.742817 0.514099
    outer loop
      vertex -16.7516 15.9853 2.92266
      vertex 0 5.95261 3.44454
      vertex 0 6.3138 2.92266
    endloop
  endfacet
  facet normal 0.428896 0.742866 0.514002
    outer loop
      vertex 0 5.95261 3.44454
      vertex -16.7516 15.9853 2.92266
      vertex -16.908 15.7145 3.44454
    endloop
  endfacet
  facet normal -0.451989 -0.782869 0.427578
    outer loop
      vertex -5.72805 -3.30709 2.37264
      vertex -22.2195 6.51465 2.92266
      vertex -22.3496 6.28936 2.37264
    endloop
  endfacet
  facet normal -0.451996 -0.782878 0.427553
    outer loop
      vertex -22.2195 6.51465 2.92266
      vertex -5.72805 -3.30709 2.37264
      vertex -5.46791 -3.1569 2.92266
    endloop
  endfacet
  facet normal -0.428865 -0.742814 0.514103
    outer loop
      vertex -5.19682 -3.00039 3.37494
      vertex -22.2195 6.51465 2.92266
      vertex -5.46791 -3.1569 2.92266
    endloop
  endfacet
  facet normal -0.0417557 0.0886404 0.995188
    outer loop
      vertex -0.146162 0.273451 6.19196
      vertex -0.11642 0.281062 6.19253
      vertex -0.127702 0.299886 6.19038
    endloop
  endfacet
  facet normal -0.0415584 0.0878636 0.995265
    outer loop
      vertex -0.11642 0.281062 6.19253
      vertex -0.146162 0.273451 6.19196
      vertex -0.143408 0.268297 6.19253
    endloop
  endfacet
  facet normal 0.00422397 0.0980347 0.995174
    outer loop
      vertex 0 0.402077 6.18289
      vertex 0 0.304219 6.19253
      vertex 0.013466 0.395 6.18353
    endloop
  endfacet
  facet normal -0.0410603 0.0890562 -0.99518
    outer loop
      vertex -0.11642 0.281062 -6.19253
      vertex -0.127702 0.299886 -6.19038
      vertex -0.125514 0.303018 -6.19019
    endloop
  endfacet
  facet normal -0.0505065 0.0842738 0.995162
    outer loop
      vertex -0.146621 0.27263 6.192
      vertex -0.151876 0.263222 6.19253
      vertex -0.143408 0.268297 6.19253
    endloop
  endfacet
  facet normal 0.0886653 -0.0420083 -0.995175
    outer loop
      vertex 0.268297 -0.143408 -6.19253
      vertex 0.349263 -0.157298 -6.18473
      vertex 0.349438 -0.186778 -6.18347
    endloop
  endfacet
  facet normal 0.0886766 -0.041943 -0.995177
    outer loop
      vertex 0.349263 -0.157298 -6.18473
      vertex 0.268297 -0.143408 -6.19253
      vertex 0.281062 -0.11642 -6.19253
    endloop
  endfacet
  facet normal -0.0950233 -0.0244725 -0.995174
    outer loop
      vertex -0.29112 -0.0883102 -6.19253
      vertex -0.343673 -0.104252 -6.18712
      vertex -0.341457 -0.0957771 -6.18754
    endloop
  endfacet
  facet normal -0.0886887 -0.0419229 0.995177
    outer loop
      vertex -0.349188 -0.144638 6.18527
      vertex -0.349263 -0.157298 6.18473
      vertex -0.281062 -0.11642 6.19253
    endloop
  endfacet
  facet normal 0.0816995 -0.0498146 0.995411
    outer loop
      vertex 0.349438 -0.186778 6.18347
      vertex 0.346492 -0.201401 6.18298
      vertex 0.347553 -0.20066 6.18293
    endloop
  endfacet
  facet normal 0.0842251 -0.0503155 0.995176
    outer loop
      vertex 0.346492 -0.201401 6.18298
      vertex 0.349438 -0.186778 6.18347
      vertex 0.268297 -0.143408 6.19253
    endloop
  endfacet
  facet normal 0.0787098 -0.0585479 -0.995177
    outer loop
      vertex 0.287341 -0.235814 -6.18588
      vertex 0.252949 -0.169015 -6.19253
      vertex 0.31246 -0.222952 -6.18465
    endloop
  endfacet
  facet normal 0.0788468 -0.0584767 -0.99517
    outer loop
      vertex 0.252949 -0.169015 -6.19253
      vertex 0.287341 -0.235814 -6.18588
      vertex 0.235165 -0.192994 -6.19253
    endloop
  endfacet
  facet normal -0.0615828 -0.0762233 -0.995187
    outer loop
      vertex -0.17553 -0.2627 -6.19138
      vertex -0.177622 -0.262446 -6.19127
      vertex -0.169015 -0.252949 -6.19253
    endloop
  endfacet
  facet normal 0.0923604 -0.0330584 -0.995177
    outer loop
      vertex 0.349188 -0.144638 -6.18527
      vertex 0.281062 -0.11642 -6.19253
      vertex 0.347611 -0.133089 -6.1858
    endloop
  endfacet
  facet normal -0.0144075 0.0970778 0.995173
    outer loop
      vertex -0.0712928 0.358414 6.1865
      vertex -0.0298185 0.302754 6.19253
      vertex -0.0479163 0.375005 6.18522
    endloop
  endfacet
  facet normal -0.0144021 0.0970818 0.995172
    outer loop
      vertex -0.0298185 0.302754 6.19253
      vertex -0.0712928 0.358414 6.1865
      vertex -0.05935 0.298373 6.19253
    endloop
  endfacet
  facet normal 0.148752 -0.00730829 0.988847
    outer loop
      vertex 0.302754 -0.0298185 6.19253
      vertex 0.304285 -9.69041e-06 6.19252
      vertex 0.304219 0 6.19253
    endloop
  endfacet
  facet normal 0.0978204 -0.00469026 0.995193
    outer loop
      vertex 0.304285 -9.69041e-06 6.19252
      vertex 0.302754 -0.0298185 6.19253
      vertex 0.320373 -0.0315538 6.19079
    endloop
  endfacet
  facet normal -0.0145676 0.0970378 0.995174
    outer loop
      vertex -0.037652 0.382289 6.18466
      vertex -0.0479163 0.375005 6.18522
      vertex -0.0298185 0.302754 6.19253
    endloop
  endfacet
  facet normal 0 0 1
    outer loop
      vertex -0.304274 8.1796e-06 6.19253
      vertex -0.30428 0 6.19253
      vertex -0.304219 0 6.19253
    endloop
  endfacet
  facet normal -0.0722139 -0.0664429 0.995174
    outer loop
      vertex -0.215116 -0.215116 6.19253
      vertex -0.257547 -0.246585 6.18735
      vertex -0.249495 -0.249495 6.18774
    endloop
  endfacet
  facet normal 0.0661435 -0.0726211 0.995164
    outer loop
      vertex 0.215116 -0.215116 6.19253
      vertex 0.211962 -0.258277 6.18959
      vertex 0.241927 -0.251266 6.18811
    endloop
  endfacet
  facet normal 0.0657943 -0.0725973 0.995189
    outer loop
      vertex 0.211962 -0.258277 6.18959
      vertex 0.215116 -0.215116 6.19253
      vertex 0.192994 -0.235165 6.19253
    endloop
  endfacet
  facet normal 0 0 1
    outer loop
      vertex -0.304214 0.000102035 6.19253
      vertex -0.304274 8.1796e-06 6.19253
      vertex -0.304219 0 6.19253
    endloop
  endfacet
  facet normal 0.0924157 -0.0330674 0.995171
    outer loop
      vertex 0.281062 -0.11642 6.19253
      vertex 0.343673 -0.104252 6.18712
      vertex 0.29112 -0.0883102 6.19253
    endloop
  endfacet
  facet normal 0.0923909 -0.0329368 0.995178
    outer loop
      vertex 0.343673 -0.104252 6.18712
      vertex 0.281062 -0.11642 6.19253
      vertex 0.347611 -0.133089 6.1858
    endloop
  endfacet
  facet normal -0.148752 -0.00730829 0.988847
    outer loop
      vertex -0.304285 -9.69041e-06 6.19252
      vertex -0.302754 -0.0298185 6.19253
      vertex -0.304219 0 6.19253
    endloop
  endfacet
  facet normal -0.0978204 -0.00469026 0.995193
    outer loop
      vertex -0.302754 -0.0298185 6.19253
      vertex -0.304285 -9.69041e-06 6.19252
      vertex -0.320373 -0.0315538 6.19079
    endloop
  endfacet
  facet normal 0 -0.718136 0.695903
    outer loop
      vertex -0.30428 0 6.19253
      vertex -0.304285 -9.69041e-06 6.19252
      vertex -0.304219 0 6.19253
    endloop
  endfacet
  facet normal 0.0615828 -0.0762233 -0.995187
    outer loop
      vertex 0.17553 -0.2627 -6.19138
      vertex 0.169015 -0.252949 -6.19253
      vertex 0.177622 -0.262446 -6.19127
    endloop
  endfacet
  facet normal 0.0661435 -0.0726211 -0.995164
    outer loop
      vertex 0.211962 -0.258277 -6.18959
      vertex 0.215116 -0.215116 -6.19253
      vertex 0.241927 -0.251266 -6.18811
    endloop
  endfacet
  facet normal 0.0657943 -0.0725973 -0.995189
    outer loop
      vertex 0.215116 -0.215116 -6.19253
      vertex 0.211962 -0.258277 -6.18959
      vertex 0.192994 -0.235165 -6.19253
    endloop
  endfacet
  facet normal 0.0816995 -0.0498146 -0.995411
    outer loop
      vertex 0.346492 -0.201401 -6.18298
      vertex 0.349438 -0.186778 -6.18347
      vertex 0.347553 -0.20066 -6.18293
    endloop
  endfacet
  facet normal 0.0842251 -0.0503155 -0.995176
    outer loop
      vertex 0.349438 -0.186778 -6.18347
      vertex 0.346492 -0.201401 -6.18298
      vertex 0.268297 -0.143408 -6.19253
    endloop
  endfacet
  facet normal 0.0328736 0.0924509 0.995174
    outer loop
      vertex 0.0883102 0.29112 6.19253
      vertex 0.122723 0.306225 6.18999
      vertex 0.100601 0.331637 6.18836
    endloop
  endfacet
  facet normal 0.0329879 0.0921937 0.995195
    outer loop
      vertex 0.122723 0.306225 6.18999
      vertex 0.0883102 0.29112 6.19253
      vertex 0.11642 0.281062 6.19253
    endloop
  endfacet
  facet normal 0.0950233 -0.0244725 0.995174
    outer loop
      vertex 0.341457 -0.0957771 6.18754
      vertex 0.29112 -0.0883102 6.19253
      vertex 0.343673 -0.104252 6.18712
    endloop
  endfacet
  facet normal 0.0950587 -0.0238072 0.995187
    outer loop
      vertex 0.29112 -0.0883102 6.19253
      vertex 0.333775 -0.0663918 6.18898
      vertex 0.298373 -0.05935 6.19253
    endloop
  endfacet
  facet normal 0.0951081 -0.0239044 0.99518
    outer loop
      vertex 0.333775 -0.0663918 6.18898
      vertex 0.29112 -0.0883102 6.19253
      vertex 0.341457 -0.0957771 6.18754
    endloop
  endfacet
  facet normal 0.0788129 -0.0584339 0.995175
    outer loop
      vertex 0.324469 -0.216803 6.18406
      vertex 0.252949 -0.169015 6.19253
      vertex 0.31246 -0.222952 6.18465
    endloop
  endfacet
  facet normal 0.00496855 0.097925 0.995181
    outer loop
      vertex 0 0.304219 6.19253
      vertex 0.037652 0.382289 6.18466
      vertex 0.013466 0.395 6.18353
    endloop
  endfacet
  facet normal 0.00481472 0.0979985 0.995175
    outer loop
      vertex 0.037652 0.382289 6.18466
      vertex 0 0.304219 6.19253
      vertex 0.0298185 0.302754 6.19253
    endloop
  endfacet
  facet normal 0 0 1
    outer loop
      vertex 0.304274 8.1796e-06 6.19253
      vertex 0.304214 0.000102035 6.19253
      vertex 0.304219 0 6.19253
    endloop
  endfacet
  facet normal -0.0842251 -0.0503155 0.995176
    outer loop
      vertex -0.349438 -0.186778 6.18347
      vertex -0.346492 -0.201401 6.18298
      vertex -0.268297 -0.143408 6.19253
    endloop
  endfacet
  facet normal -0.0816995 -0.0498146 0.995411
    outer loop
      vertex -0.346492 -0.201401 6.18298
      vertex -0.349438 -0.186778 6.18347
      vertex -0.347553 -0.20066 6.18293
    endloop
  endfacet
  facet normal 0.0410603 0.0890562 0.99518
    outer loop
      vertex 0.125514 0.303018 6.19019
      vertex 0.11642 0.281062 6.19253
      vertex 0.127702 0.299886 6.19038
    endloop
  endfacet
  facet normal 0.0728725 -0.0657564 -0.995171
    outer loop
      vertex 0.257547 -0.246585 -6.18735
      vertex 0.235165 -0.192994 -6.19253
      vertex 0.287341 -0.235814 -6.18588
    endloop
  endfacet
  facet normal 0.0726562 -0.0658477 -0.995181
    outer loop
      vertex 0.235165 -0.192994 -6.19253
      vertex 0.257547 -0.246585 -6.18735
      vertex 0.215116 -0.215116 -6.19253
    endloop
  endfacet
  facet normal -0.0505065 0.0842738 -0.995162
    outer loop
      vertex -0.143408 0.268297 -6.19253
      vertex -0.151876 0.263222 -6.19253
      vertex -0.146621 0.27263 -6.192
    endloop
  endfacet
  facet normal -0.0657214 -0.0729347 -0.995169
    outer loop
      vertex -0.241927 -0.251266 -6.18811
      vertex -0.249495 -0.249495 -6.18774
      vertex -0.215116 -0.215116 -6.19253
    endloop
  endfacet
  facet normal 0 0 -1
    outer loop
      vertex -0.304219 0 -6.19253
      vertex -0.304274 8.1796e-06 -6.19253
      vertex -0.304214 0.000102035 -6.19253
    endloop
  endfacet
  facet normal -0.0238355 0.0951717 -0.995175
    outer loop
      vertex -0.09507 0.336691 -6.18801
      vertex -0.05935 0.298373 -6.19253
      vertex -0.0883102 0.29112 -6.19253
    endloop
  endfacet
  facet normal -0.0237891 0.0952146 -0.995172
    outer loop
      vertex -0.05935 0.298373 -6.19253
      vertex -0.09507 0.336691 -6.18801
      vertex -0.0712928 0.358414 -6.1865
    endloop
  endfacet
  facet normal -0.0788468 -0.0584767 -0.99517
    outer loop
      vertex -0.287341 -0.235814 -6.18588
      vertex -0.252949 -0.169015 -6.19253
      vertex -0.235165 -0.192994 -6.19253
    endloop
  endfacet
  facet normal -0.0787098 -0.0585479 -0.995177
    outer loop
      vertex -0.252949 -0.169015 -6.19253
      vertex -0.287341 -0.235814 -6.18588
      vertex -0.31246 -0.222952 -6.18465
    endloop
  endfacet
  facet normal 0 -0.718136 -0.695903
    outer loop
      vertex 0.304285 -9.69041e-06 -6.19252
      vertex 0.304219 0 -6.19253
      vertex 0.30428 0 -6.19253
    endloop
  endfacet
  facet normal -0.0502334 -0.0838095 0.995215
    outer loop
      vertex -0.169015 -0.252949 6.19253
      vertex -0.17553 -0.2627 6.19138
      vertex -0.152019 -0.263136 6.19253
    endloop
  endfacet
  facet normal 0.0971784 -0.0144164 0.995163
    outer loop
      vertex 0.298373 -0.05935 6.19253
      vertex 0.321514 -0.0345174 6.19063
      vertex 0.302754 -0.0298185 6.19253
    endloop
  endfacet
  facet normal 0.0969662 -0.0142169 0.995186
    outer loop
      vertex 0.321514 -0.0345174 6.19063
      vertex 0.298373 -0.05935 6.19253
      vertex 0.333775 -0.0663918 6.18898
    endloop
  endfacet
  facet normal 0.0144075 0.0970778 0.995173
    outer loop
      vertex 0.0298185 0.302754 6.19253
      vertex 0.0712928 0.358414 6.1865
      vertex 0.0479163 0.375005 6.18522
    endloop
  endfacet
  facet normal 0.0144021 0.0970818 0.995172
    outer loop
      vertex 0.0712928 0.358414 6.1865
      vertex 0.0298185 0.302754 6.19253
      vertex 0.05935 0.298373 6.19253
    endloop
  endfacet
  facet normal 0.0966545 -0.0165158 0.995181
    outer loop
      vertex 0.320373 -0.0315538 6.19079
      vertex 0.302754 -0.0298185 6.19253
      vertex 0.321514 -0.0345174 6.19063
    endloop
  endfacet
  facet normal 0.0237891 0.0952146 0.995172
    outer loop
      vertex 0.05935 0.298373 6.19253
      vertex 0.09507 0.336691 6.18801
      vertex 0.0712928 0.358414 6.1865
    endloop
  endfacet
  facet normal 0.0238355 0.0951717 0.995175
    outer loop
      vertex 0.09507 0.336691 6.18801
      vertex 0.05935 0.298373 6.19253
      vertex 0.0883102 0.29112 6.19253
    endloop
  endfacet
  facet normal 0.0841051 -0.0504776 0.995178
    outer loop
      vertex 0.268297 -0.143408 6.19253
      vertex 0.324469 -0.216803 6.18406
      vertex 0.346492 -0.201401 6.18298
    endloop
  endfacet
  facet normal 0.0841545 -0.0504395 0.995175
    outer loop
      vertex 0.324469 -0.216803 6.18406
      vertex 0.268297 -0.143408 6.19253
      vertex 0.252949 -0.169015 6.19253
    endloop
  endfacet
  facet normal -0.0950587 -0.0238072 0.995187
    outer loop
      vertex -0.333775 -0.0663918 6.18898
      vertex -0.29112 -0.0883102 6.19253
      vertex -0.298373 -0.05935 6.19253
    endloop
  endfacet
  facet normal -0.0951081 -0.0239044 0.99518
    outer loop
      vertex -0.29112 -0.0883102 6.19253
      vertex -0.333775 -0.0663918 6.18898
      vertex -0.341457 -0.0957771 6.18754
    endloop
  endfacet
  facet normal 0 0 -1
    outer loop
      vertex -0.304219 0 -6.19253
      vertex -0.30428 0 -6.19253
      vertex -0.304274 8.1796e-06 -6.19253
    endloop
  endfacet
  facet normal -0.0145676 0.0970378 -0.995174
    outer loop
      vertex -0.0298185 0.302754 -6.19253
      vertex -0.0479163 0.375005 -6.18522
      vertex -0.037652 0.382289 -6.18466
    endloop
  endfacet
  facet normal -0.0966545 -0.0165158 -0.995181
    outer loop
      vertex -0.302754 -0.0298185 -6.19253
      vertex -0.321514 -0.0345174 -6.19063
      vertex -0.320373 -0.0315538 -6.19079
    endloop
  endfacet
  facet normal -0.0329879 0.0921937 -0.995195
    outer loop
      vertex -0.122723 0.306225 -6.18999
      vertex -0.0883102 0.29112 -6.19253
      vertex -0.11642 0.281062 -6.19253
    endloop
  endfacet
  facet normal -0.0328736 0.0924509 -0.995174
    outer loop
      vertex -0.0883102 0.29112 -6.19253
      vertex -0.122723 0.306225 -6.18999
      vertex -0.100601 0.331637 -6.18836
    endloop
  endfacet
  facet normal -0.0923604 -0.0330584 -0.995177
    outer loop
      vertex -0.281062 -0.11642 -6.19253
      vertex -0.349188 -0.144638 -6.18527
      vertex -0.347611 -0.133089 -6.1858
    endloop
  endfacet
  facet normal 0.0886887 -0.0419229 -0.995177
    outer loop
      vertex 0.349263 -0.157298 -6.18473
      vertex 0.281062 -0.11642 -6.19253
      vertex 0.349188 -0.144638 -6.18527
    endloop
  endfacet
  facet normal -0.0239712 0.0951515 -0.995174
    outer loop
      vertex -0.0883102 0.29112 -6.19253
      vertex -0.100601 0.331637 -6.18836
      vertex -0.09507 0.336691 -6.18801
    endloop
  endfacet
  facet normal 0.0969662 -0.0142169 -0.995186
    outer loop
      vertex 0.298373 -0.05935 -6.19253
      vertex 0.321514 -0.0345174 -6.19063
      vertex 0.333775 -0.0663918 -6.18898
    endloop
  endfacet
  facet normal 0.0971784 -0.0144164 -0.995163
    outer loop
      vertex 0.321514 -0.0345174 -6.19063
      vertex 0.298373 -0.05935 -6.19253
      vertex 0.302754 -0.0298185 -6.19253
    endloop
  endfacet
  facet normal 0.0329879 0.0921937 -0.995195
    outer loop
      vertex 0.0883102 0.29112 -6.19253
      vertex 0.122723 0.306225 -6.18999
      vertex 0.11642 0.281062 -6.19253
    endloop
  endfacet
  facet normal 0.0328736 0.0924509 -0.995174
    outer loop
      vertex 0.122723 0.306225 -6.18999
      vertex 0.0883102 0.29112 -6.19253
      vertex 0.100601 0.331637 -6.18836
    endloop
  endfacet
  facet normal -0.00481472 0.0979985 -0.995175
    outer loop
      vertex -0.037652 0.382289 -6.18466
      vertex 0 0.304219 -6.19253
      vertex -0.0298185 0.302754 -6.19253
    endloop
  endfacet
  facet normal -0.00496855 0.097925 -0.995181
    outer loop
      vertex 0 0.304219 -6.19253
      vertex -0.037652 0.382289 -6.18466
      vertex -0.013466 0.395 -6.18353
    endloop
  endfacet
  facet normal -0.0924157 -0.0330674 0.995171
    outer loop
      vertex -0.343673 -0.104252 6.18712
      vertex -0.281062 -0.11642 6.19253
      vertex -0.29112 -0.0883102 6.19253
    endloop
  endfacet
  facet normal -0.0923909 -0.0329368 0.995178
    outer loop
      vertex -0.281062 -0.11642 6.19253
      vertex -0.343673 -0.104252 6.18712
      vertex -0.347611 -0.133089 6.1858
    endloop
  endfacet
  facet normal -0.0788129 -0.0584339 0.995175
    outer loop
      vertex -0.252949 -0.169015 6.19253
      vertex -0.324469 -0.216803 6.18406
      vertex -0.31246 -0.222952 6.18465
    endloop
  endfacet
  facet normal -0.0615828 -0.0762233 0.995187
    outer loop
      vertex -0.169015 -0.252949 6.19253
      vertex -0.177622 -0.262446 6.19127
      vertex -0.17553 -0.2627 6.19138
    endloop
  endfacet
  facet normal 0.0787098 -0.0585479 0.995177
    outer loop
      vertex 0.252949 -0.169015 6.19253
      vertex 0.287341 -0.235814 6.18588
      vertex 0.31246 -0.222952 6.18465
    endloop
  endfacet
  facet normal 0.0788468 -0.0584767 0.99517
    outer loop
      vertex 0.287341 -0.235814 6.18588
      vertex 0.252949 -0.169015 6.19253
      vertex 0.235165 -0.192994 6.19253
    endloop
  endfacet
  facet normal 0.0615828 -0.0762233 0.995187
    outer loop
      vertex 0.177622 -0.262446 6.19127
      vertex 0.169015 -0.252949 6.19253
      vertex 0.17553 -0.2627 6.19138
    endloop
  endfacet
  facet normal -0.0328736 0.0924509 0.995174
    outer loop
      vertex -0.122723 0.306225 6.18999
      vertex -0.0883102 0.29112 6.19253
      vertex -0.100601 0.331637 6.18836
    endloop
  endfacet
  facet normal -0.0329879 0.0921937 0.995195
    outer loop
      vertex -0.0883102 0.29112 6.19253
      vertex -0.122723 0.306225 6.18999
      vertex -0.11642 0.281062 6.19253
    endloop
  endfacet
  facet normal -0.0657214 -0.0729347 0.995169
    outer loop
      vertex -0.215116 -0.215116 6.19253
      vertex -0.249495 -0.249495 6.18774
      vertex -0.241927 -0.251266 6.18811
    endloop
  endfacet
  facet normal 0.0923604 -0.0330584 0.995177
    outer loop
      vertex 0.347611 -0.133089 6.1858
      vertex 0.281062 -0.11642 6.19253
      vertex 0.349188 -0.144638 6.18527
    endloop
  endfacet
  facet normal 0.0502334 -0.0838095 0.995215
    outer loop
      vertex 0.169015 -0.252949 6.19253
      vertex 0.152019 -0.263136 6.19253
      vertex 0.17553 -0.2627 6.19138
    endloop
  endfacet
  facet normal -0.0971784 -0.0144164 0.995163
    outer loop
      vertex -0.321514 -0.0345174 6.19063
      vertex -0.298373 -0.05935 6.19253
      vertex -0.302754 -0.0298185 6.19253
    endloop
  endfacet
  facet normal -0.0969662 -0.0142169 0.995186
    outer loop
      vertex -0.298373 -0.05935 6.19253
      vertex -0.321514 -0.0345174 6.19063
      vertex -0.333775 -0.0663918 6.18898
    endloop
  endfacet
  facet normal -0.0237891 0.0952146 0.995172
    outer loop
      vertex -0.09507 0.336691 6.18801
      vertex -0.05935 0.298373 6.19253
      vertex -0.0712928 0.358414 6.1865
    endloop
  endfacet
  facet normal -0.0238355 0.0951717 0.995175
    outer loop
      vertex -0.05935 0.298373 6.19253
      vertex -0.09507 0.336691 6.18801
      vertex -0.0883102 0.29112 6.19253
    endloop
  endfacet
  facet normal -0.0239712 0.0951515 0.995174
    outer loop
      vertex -0.09507 0.336691 6.18801
      vertex -0.100601 0.331637 6.18836
      vertex -0.0883102 0.29112 6.19253
    endloop
  endfacet
  facet normal -0.0410603 0.0890562 0.99518
    outer loop
      vertex -0.125514 0.303018 6.19019
      vertex -0.127702 0.299886 6.19038
      vertex -0.11642 0.281062 6.19253
    endloop
  endfacet
  facet normal 0.0342553 0.0918749 0.995181
    outer loop
      vertex 0.122723 0.306225 6.18999
      vertex 0.11642 0.281062 6.19253
      vertex 0.125514 0.303018 6.19019
    endloop
  endfacet
  facet normal 0.0239712 0.0951515 0.995174
    outer loop
      vertex 0.09507 0.336691 6.18801
      vertex 0.0883102 0.29112 6.19253
      vertex 0.100601 0.331637 6.18836
    endloop
  endfacet
  facet normal -0.00496855 0.097925 0.995181
    outer loop
      vertex -0.037652 0.382289 6.18466
      vertex 0 0.304219 6.19253
      vertex -0.013466 0.395 6.18353
    endloop
  endfacet
  facet normal -0.00481472 0.0979985 0.995175
    outer loop
      vertex 0 0.304219 6.19253
      vertex -0.037652 0.382289 6.18466
      vertex -0.0298185 0.302754 6.19253
    endloop
  endfacet
  facet normal 0.0841051 -0.0504776 -0.995178
    outer loop
      vertex 0.324469 -0.216803 -6.18406
      vertex 0.268297 -0.143408 -6.19253
      vertex 0.346492 -0.201401 -6.18298
    endloop
  endfacet
  facet normal 0.0841545 -0.0504395 -0.995175
    outer loop
      vertex 0.268297 -0.143408 -6.19253
      vertex 0.324469 -0.216803 -6.18406
      vertex 0.252949 -0.169015 -6.19253
    endloop
  endfacet
  facet normal 0.0788129 -0.0584339 -0.995175
    outer loop
      vertex 0.31246 -0.222952 -6.18465
      vertex 0.252949 -0.169015 -6.19253
      vertex 0.324469 -0.216803 -6.18406
    endloop
  endfacet
  facet normal -0.0722139 -0.0664429 -0.995174
    outer loop
      vertex -0.249495 -0.249495 -6.18774
      vertex -0.257547 -0.246585 -6.18735
      vertex -0.215116 -0.215116 -6.19253
    endloop
  endfacet
  facet normal 0.0978204 -0.00469026 -0.995193
    outer loop
      vertex 0.302754 -0.0298185 -6.19253
      vertex 0.304285 -9.69041e-06 -6.19252
      vertex 0.320373 -0.0315538 -6.19079
    endloop
  endfacet
  facet normal 0.148752 -0.00730829 -0.988847
    outer loop
      vertex 0.304285 -9.69041e-06 -6.19252
      vertex 0.302754 -0.0298185 -6.19253
      vertex 0.304219 0 -6.19253
    endloop
  endfacet
  facet normal 0.0966545 -0.0165158 -0.995181
    outer loop
      vertex 0.321514 -0.0345174 -6.19063
      vertex 0.302754 -0.0298185 -6.19253
      vertex 0.320373 -0.0315538 -6.19079
    endloop
  endfacet
  facet normal 0.0563152 0.0799718 -0.995205
    outer loop
      vertex 0.146621 0.27263 -6.192
      vertex 0.143408 0.268297 -6.19253
      vertex 0.146162 0.273451 -6.19196
    endloop
  endfacet
  facet normal -0.0924157 -0.0330674 -0.995171
    outer loop
      vertex -0.281062 -0.11642 -6.19253
      vertex -0.343673 -0.104252 -6.18712
      vertex -0.29112 -0.0883102 -6.19253
    endloop
  endfacet
  facet normal -0.0923909 -0.0329368 -0.995178
    outer loop
      vertex -0.343673 -0.104252 -6.18712
      vertex -0.281062 -0.11642 -6.19253
      vertex -0.347611 -0.133089 -6.1858
    endloop
  endfacet
  facet normal -0.0886887 -0.0419229 -0.995177
    outer loop
      vertex -0.281062 -0.11642 -6.19253
      vertex -0.349263 -0.157298 -6.18473
      vertex -0.349188 -0.144638 -6.18527
    endloop
  endfacet
  facet normal -0.0144021 0.0970818 -0.995172
    outer loop
      vertex -0.0712928 0.358414 -6.1865
      vertex -0.0298185 0.302754 -6.19253
      vertex -0.05935 0.298373 -6.19253
    endloop
  endfacet
  facet normal -0.0144075 0.0970778 -0.995173
    outer loop
      vertex -0.0298185 0.302754 -6.19253
      vertex -0.0712928 0.358414 -6.1865
      vertex -0.0479163 0.375005 -6.18522
    endloop
  endfacet
  facet normal 0 0 -1
    outer loop
      vertex 0.304219 0 -6.19253
      vertex 0.304214 0.000102035 -6.19253
      vertex 0.304274 8.1796e-06 -6.19253
    endloop
  endfacet
  facet normal 0 0 -1
    outer loop
      vertex 0.30428 0 -6.19253
      vertex 0.304219 0 -6.19253
      vertex 0.304274 8.1796e-06 -6.19253
    endloop
  endfacet
  facet normal -0.0585598 -0.0789589 -0.995156
    outer loop
      vertex -0.177622 -0.262446 -6.19127
      vertex -0.192994 -0.235165 -6.19253
      vertex -0.169015 -0.252949 -6.19253
    endloop
  endfacet
  facet normal -0.0582522 -0.078787 -0.995188
    outer loop
      vertex -0.192994 -0.235165 -6.19253
      vertex -0.177622 -0.262446 -6.19127
      vertex -0.211962 -0.258277 -6.18959
    endloop
  endfacet
  facet normal 0.0145676 0.0970378 -0.995174
    outer loop
      vertex 0.0479163 0.375005 -6.18522
      vertex 0.0298185 0.302754 -6.19253
      vertex 0.037652 0.382289 -6.18466
    endloop
  endfacet
  facet normal 0.0144021 0.0970818 -0.995172
    outer loop
      vertex 0.0298185 0.302754 -6.19253
      vertex 0.0712928 0.358414 -6.1865
      vertex 0.05935 0.298373 -6.19253
    endloop
  endfacet
  facet normal 0.0144075 0.0970778 -0.995173
    outer loop
      vertex 0.0712928 0.358414 -6.1865
      vertex 0.0298185 0.302754 -6.19253
      vertex 0.0479163 0.375005 -6.18522
    endloop
  endfacet
  facet normal 0.0728725 -0.0657564 0.995171
    outer loop
      vertex 0.235165 -0.192994 6.19253
      vertex 0.257547 -0.246585 6.18735
      vertex 0.287341 -0.235814 6.18588
    endloop
  endfacet
  facet normal 0.0726562 -0.0658477 0.995181
    outer loop
      vertex 0.257547 -0.246585 6.18735
      vertex 0.235165 -0.192994 6.19253
      vertex 0.215116 -0.215116 6.19253
    endloop
  endfacet
  facet normal 0 0 1
    outer loop
      vertex 0.152019 -0.0877681 6.19253
      vertex 0.304219 0 6.19253
      vertex 0.304214 0.000102035 6.19253
    endloop
  endfacet
  facet normal 0 0 1
    outer loop
      vertex 0.304219 0 6.19253
      vertex 0.152019 -0.0877681 6.19253
      vertex 0.302754 -0.0298185 6.19253
    endloop
  endfacet
  facet normal 0 0 1
    outer loop
      vertex 0.302754 -0.0298185 6.19253
      vertex 0.152019 -0.0877681 6.19253
      vertex 0.298373 -0.05935 6.19253
    endloop
  endfacet
  facet normal 0 0 1
    outer loop
      vertex 0.298373 -0.05935 6.19253
      vertex 0.152019 -0.0877681 6.19253
      vertex 0.29112 -0.0883102 6.19253
    endloop
  endfacet
  facet normal 0 0 1
    outer loop
      vertex 0.29112 -0.0883102 6.19253
      vertex 0.152019 -0.0877681 6.19253
      vertex 0.281062 -0.11642 6.19253
    endloop
  endfacet
  facet normal 0 0 1
    outer loop
      vertex 0.281062 -0.11642 6.19253
      vertex 0.152019 -0.0877681 6.19253
      vertex 0.268297 -0.143408 6.19253
    endloop
  endfacet
  facet normal 0 0 1
    outer loop
      vertex 0.268297 -0.143408 6.19253
      vertex 0.152019 -0.0877681 6.19253
      vertex 0.252949 -0.169015 6.19253
    endloop
  endfacet
  facet normal 0 0 1
    outer loop
      vertex 0.252949 -0.169015 6.19253
      vertex 0.152019 -0.0877681 6.19253
      vertex 0.235165 -0.192994 6.19253
    endloop
  endfacet
  facet normal 0 0 1
    outer loop
      vertex 0.235165 -0.192994 6.19253
      vertex 0.152019 -0.0877681 6.19253
      vertex 0.215116 -0.215116 6.19253
    endloop
  endfacet
  facet normal 0 0 1
    outer loop
      vertex 0.215116 -0.215116 6.19253
      vertex 0.152019 -0.0877681 6.19253
      vertex 0.192994 -0.235165 6.19253
    endloop
  endfacet
  facet normal 0 0 1
    outer loop
      vertex 0.192994 -0.235165 6.19253
      vertex 0.152019 -0.0877681 6.19253
      vertex 0.169015 -0.252949 6.19253
    endloop
  endfacet
  facet normal 0 0 1
    outer loop
      vertex 0.169015 -0.252949 6.19253
      vertex 0.152019 -0.0877681 6.19253
      vertex 0.152019 -0.263136 6.19253
    endloop
  endfacet
  facet normal 0 0 1
    outer loop
      vertex 0 0.175536 6.19253
      vertex 0.143408 0.268297 6.19253
      vertex 0.11642 0.281062 6.19253
    endloop
  endfacet
  facet normal 0 0 1
    outer loop
      vertex 0 0.175536 6.19253
      vertex 0.11642 0.281062 6.19253
      vertex 0.0883102 0.29112 6.19253
    endloop
  endfacet
  facet normal 0 0 1
    outer loop
      vertex 0 0.175536 6.19253
      vertex 0.0883102 0.29112 6.19253
      vertex 0.05935 0.298373 6.19253
    endloop
  endfacet
  facet normal 0 0 1
    outer loop
      vertex 0 0.175536 6.19253
      vertex 0.05935 0.298373 6.19253
      vertex 0.0298185 0.302754 6.19253
    endloop
  endfacet
  facet normal 0 0 1
    outer loop
      vertex 0 0.175536 6.19253
      vertex 0.0298185 0.302754 6.19253
      vertex 0 0.304219 6.19253
    endloop
  endfacet
  facet normal 0 0 1
    outer loop
      vertex 0.143408 0.268297 6.19253
      vertex 0 0.175536 6.19253
      vertex 0.151876 0.263222 6.19253
    endloop
  endfacet
  facet normal -0 0 1
    outer loop
      vertex -0.0298185 0.302754 6.19253
      vertex 0 0.175536 6.19253
      vertex 0 0.304219 6.19253
    endloop
  endfacet
  facet normal -0 0 1
    outer loop
      vertex -0.05935 0.298373 6.19253
      vertex 0 0.175536 6.19253
      vertex -0.0298185 0.302754 6.19253
    endloop
  endfacet
  facet normal -0 0 1
    outer loop
      vertex -0.0883102 0.29112 6.19253
      vertex 0 0.175536 6.19253
      vertex -0.05935 0.298373 6.19253
    endloop
  endfacet
  facet normal -0 0 1
    outer loop
      vertex -0.11642 0.281062 6.19253
      vertex 0 0.175536 6.19253
      vertex -0.0883102 0.29112 6.19253
    endloop
  endfacet
  facet normal -0 0 1
    outer loop
      vertex -0.143408 0.268297 6.19253
      vertex 0 0.175536 6.19253
      vertex -0.11642 0.281062 6.19253
    endloop
  endfacet
  facet normal 0 0 1
    outer loop
      vertex 0 0.175536 6.19253
      vertex -0.143408 0.268297 6.19253
      vertex -0.151876 0.263222 6.19253
    endloop
  endfacet
  facet normal 0 0 1
    outer loop
      vertex -0.152019 -0.0877681 6.19253
      vertex -0.169015 -0.252949 6.19253
      vertex -0.152019 -0.263136 6.19253
    endloop
  endfacet
  facet normal 0 0 1
    outer loop
      vertex -0.152019 -0.0877681 6.19253
      vertex -0.192994 -0.235165 6.19253
      vertex -0.169015 -0.252949 6.19253
    endloop
  endfacet
  facet normal 0 0 1
    outer loop
      vertex -0.152019 -0.0877681 6.19253
      vertex -0.215116 -0.215116 6.19253
      vertex -0.192994 -0.235165 6.19253
    endloop
  endfacet
  facet normal 0 0 1
    outer loop
      vertex -0.152019 -0.0877681 6.19253
      vertex -0.235165 -0.192994 6.19253
      vertex -0.215116 -0.215116 6.19253
    endloop
  endfacet
  facet normal 0 0 1
    outer loop
      vertex -0.152019 -0.0877681 6.19253
      vertex -0.252949 -0.169015 6.19253
      vertex -0.235165 -0.192994 6.19253
    endloop
  endfacet
  facet normal 0 0 1
    outer loop
      vertex -0.152019 -0.0877681 6.19253
      vertex -0.268297 -0.143408 6.19253
      vertex -0.252949 -0.169015 6.19253
    endloop
  endfacet
  facet normal 0 0 1
    outer loop
      vertex -0.152019 -0.0877681 6.19253
      vertex -0.281062 -0.11642 6.19253
      vertex -0.268297 -0.143408 6.19253
    endloop
  endfacet
  facet normal 0 0 1
    outer loop
      vertex -0.152019 -0.0877681 6.19253
      vertex -0.29112 -0.0883102 6.19253
      vertex -0.281062 -0.11642 6.19253
    endloop
  endfacet
  facet normal 0 0 1
    outer loop
      vertex -0.152019 -0.0877681 6.19253
      vertex -0.298373 -0.05935 6.19253
      vertex -0.29112 -0.0883102 6.19253
    endloop
  endfacet
  facet normal 0 0 1
    outer loop
      vertex -0.152019 -0.0877681 6.19253
      vertex -0.302754 -0.0298185 6.19253
      vertex -0.298373 -0.05935 6.19253
    endloop
  endfacet
  facet normal -0 0 1
    outer loop
      vertex -0.304219 0 6.19253
      vertex -0.152019 -0.0877681 6.19253
      vertex -0.304214 0.000102035 6.19253
    endloop
  endfacet
  facet normal 0 0 1
    outer loop
      vertex -0.152019 -0.0877681 6.19253
      vertex -0.304219 0 6.19253
      vertex -0.302754 -0.0298185 6.19253
    endloop
  endfacet
  facet normal 0.0722139 -0.0664429 0.995174
    outer loop
      vertex 0.257547 -0.246585 6.18735
      vertex 0.215116 -0.215116 6.19253
      vertex 0.249495 -0.249495 6.18774
    endloop
  endfacet
  facet normal 0.0657214 -0.0729347 0.995169
    outer loop
      vertex 0.249495 -0.249495 6.18774
      vertex 0.215116 -0.215116 6.19253
      vertex 0.241927 -0.251266 6.18811
    endloop
  endfacet
  facet normal 0.0582522 -0.078787 0.995188
    outer loop
      vertex 0.192994 -0.235165 6.19253
      vertex 0.177622 -0.262446 6.19127
      vertex 0.211962 -0.258277 6.18959
    endloop
  endfacet
  facet normal 0.0585598 -0.0789589 0.995156
    outer loop
      vertex 0.177622 -0.262446 6.19127
      vertex 0.192994 -0.235165 6.19253
      vertex 0.169015 -0.252949 6.19253
    endloop
  endfacet
  facet normal -0.0841545 -0.0504395 0.995175
    outer loop
      vertex -0.268297 -0.143408 6.19253
      vertex -0.324469 -0.216803 6.18406
      vertex -0.252949 -0.169015 6.19253
    endloop
  endfacet
  facet normal -0.0841051 -0.0504776 0.995178
    outer loop
      vertex -0.324469 -0.216803 6.18406
      vertex -0.268297 -0.143408 6.19253
      vertex -0.346492 -0.201401 6.18298
    endloop
  endfacet
  facet normal 0.0886887 -0.0419229 0.995177
    outer loop
      vertex 0.349188 -0.144638 6.18527
      vertex 0.281062 -0.11642 6.19253
      vertex 0.349263 -0.157298 6.18473
    endloop
  endfacet
  facet normal 0.0886766 -0.041943 0.995177
    outer loop
      vertex 0.268297 -0.143408 6.19253
      vertex 0.349263 -0.157298 6.18473
      vertex 0.281062 -0.11642 6.19253
    endloop
  endfacet
  facet normal 0.0886653 -0.0420083 0.995175
    outer loop
      vertex 0.349263 -0.157298 6.18473
      vertex 0.268297 -0.143408 6.19253
      vertex 0.349438 -0.186778 6.18347
    endloop
  endfacet
  facet normal 0 0 1
    outer loop
      vertex 0.304274 8.1796e-06 6.19253
      vertex 0.304219 0 6.19253
      vertex 0.30428 0 6.19253
    endloop
  endfacet
  facet normal 0 -0.718136 0.695903
    outer loop
      vertex 0.30428 0 6.19253
      vertex 0.304219 0 6.19253
      vertex 0.304285 -9.69041e-06 6.19252
    endloop
  endfacet
  facet normal -0.0886766 -0.041943 0.995177
    outer loop
      vertex -0.349263 -0.157298 6.18473
      vertex -0.268297 -0.143408 6.19253
      vertex -0.281062 -0.11642 6.19253
    endloop
  endfacet
  facet normal -0.0886653 -0.0420083 0.995175
    outer loop
      vertex -0.268297 -0.143408 6.19253
      vertex -0.349263 -0.157298 6.18473
      vertex -0.349438 -0.186778 6.18347
    endloop
  endfacet
  facet normal -0.00422397 0.0980347 0.995174
    outer loop
      vertex 0 0.402077 6.18289
      vertex -0.013466 0.395 6.18353
      vertex 0 0.304219 6.19253
    endloop
  endfacet
  facet normal 0.0417557 0.0886404 0.995188
    outer loop
      vertex 0.11642 0.281062 6.19253
      vertex 0.146162 0.273451 6.19196
      vertex 0.127702 0.299886 6.19038
    endloop
  endfacet
  facet normal 0.0415584 0.0878636 0.995265
    outer loop
      vertex 0.146162 0.273451 6.19196
      vertex 0.11642 0.281062 6.19253
      vertex 0.143408 0.268297 6.19253
    endloop
  endfacet
  facet normal 0.0505065 0.0842738 0.995162
    outer loop
      vertex 0.146621 0.27263 6.192
      vertex 0.143408 0.268297 6.19253
      vertex 0.151876 0.263222 6.19253
    endloop
  endfacet
  facet normal -0.0563152 0.0799718 0.995205
    outer loop
      vertex -0.146162 0.273451 6.19196
      vertex -0.146621 0.27263 6.192
      vertex -0.143408 0.268297 6.19253
    endloop
  endfacet
  facet normal 0.0145676 0.0970378 0.995174
    outer loop
      vertex 0.037652 0.382289 6.18466
      vertex 0.0298185 0.302754 6.19253
      vertex 0.0479163 0.375005 6.18522
    endloop
  endfacet
  facet normal -0.0342553 0.0918749 0.995181
    outer loop
      vertex -0.122723 0.306225 6.18999
      vertex -0.125514 0.303018 6.19019
      vertex -0.11642 0.281062 6.19253
    endloop
  endfacet
  facet normal -0.0923604 -0.0330584 0.995177
    outer loop
      vertex -0.347611 -0.133089 6.1858
      vertex -0.349188 -0.144638 6.18527
      vertex -0.281062 -0.11642 6.19253
    endloop
  endfacet
  facet normal -0 -0.718136 -0.695903
    outer loop
      vertex -0.304219 0 -6.19253
      vertex -0.304285 -9.69041e-06 -6.19252
      vertex -0.30428 0 -6.19253
    endloop
  endfacet
  facet normal 0.0657214 -0.0729347 -0.995169
    outer loop
      vertex 0.241927 -0.251266 -6.18811
      vertex 0.215116 -0.215116 -6.19253
      vertex 0.249495 -0.249495 -6.18774
    endloop
  endfacet
  facet normal 0.0722139 -0.0664429 -0.995174
    outer loop
      vertex 0.249495 -0.249495 -6.18774
      vertex 0.215116 -0.215116 -6.19253
      vertex 0.257547 -0.246585 -6.18735
    endloop
  endfacet
  facet normal 0.0951081 -0.0239044 -0.99518
    outer loop
      vertex 0.29112 -0.0883102 -6.19253
      vertex 0.333775 -0.0663918 -6.18898
      vertex 0.341457 -0.0957771 -6.18754
    endloop
  endfacet
  facet normal 0.0950587 -0.0238072 -0.995187
    outer loop
      vertex 0.333775 -0.0663918 -6.18898
      vertex 0.29112 -0.0883102 -6.19253
      vertex 0.298373 -0.05935 -6.19253
    endloop
  endfacet
  facet normal 0.0950233 -0.0244725 -0.995174
    outer loop
      vertex 0.343673 -0.104252 -6.18712
      vertex 0.29112 -0.0883102 -6.19253
      vertex 0.341457 -0.0957771 -6.18754
    endloop
  endfacet
  facet normal -0.0415584 0.0878636 -0.995265
    outer loop
      vertex -0.146162 0.273451 -6.19196
      vertex -0.11642 0.281062 -6.19253
      vertex -0.143408 0.268297 -6.19253
    endloop
  endfacet
  facet normal -0.0417557 0.0886404 -0.995188
    outer loop
      vertex -0.11642 0.281062 -6.19253
      vertex -0.146162 0.273451 -6.19196
      vertex -0.127702 0.299886 -6.19038
    endloop
  endfacet
  facet normal -0.0342553 0.0918749 -0.995181
    outer loop
      vertex -0.11642 0.281062 -6.19253
      vertex -0.125514 0.303018 -6.19019
      vertex -0.122723 0.306225 -6.18999
    endloop
  endfacet
  facet normal 0.00481472 0.0979985 -0.995175
    outer loop
      vertex 0 0.304219 -6.19253
      vertex 0.037652 0.382289 -6.18466
      vertex 0.0298185 0.302754 -6.19253
    endloop
  endfacet
  facet normal 0.00496855 0.097925 -0.995181
    outer loop
      vertex 0.037652 0.382289 -6.18466
      vertex 0 0.304219 -6.19253
      vertex 0.013466 0.395 -6.18353
    endloop
  endfacet
  facet normal 0.0415584 0.0878636 -0.995265
    outer loop
      vertex 0.11642 0.281062 -6.19253
      vertex 0.146162 0.273451 -6.19196
      vertex 0.143408 0.268297 -6.19253
    endloop
  endfacet
  facet normal 0.0417557 0.0886404 -0.995188
    outer loop
      vertex 0.146162 0.273451 -6.19196
      vertex 0.11642 0.281062 -6.19253
      vertex 0.127702 0.299886 -6.19038
    endloop
  endfacet
  facet normal 0.0923909 -0.0329368 -0.995178
    outer loop
      vertex 0.281062 -0.11642 -6.19253
      vertex 0.343673 -0.104252 -6.18712
      vertex 0.347611 -0.133089 -6.1858
    endloop
  endfacet
  facet normal 0.0924157 -0.0330674 -0.995171
    outer loop
      vertex 0.343673 -0.104252 -6.18712
      vertex 0.281062 -0.11642 -6.19253
      vertex 0.29112 -0.0883102 -6.19253
    endloop
  endfacet
  facet normal -0.0563152 0.0799718 -0.995205
    outer loop
      vertex -0.143408 0.268297 -6.19253
      vertex -0.146621 0.27263 -6.192
      vertex -0.146162 0.273451 -6.19196
    endloop
  endfacet
  facet normal -0.0841545 -0.0504395 -0.995175
    outer loop
      vertex -0.324469 -0.216803 -6.18406
      vertex -0.268297 -0.143408 -6.19253
      vertex -0.252949 -0.169015 -6.19253
    endloop
  endfacet
  facet normal -0.0841051 -0.0504776 -0.995178
    outer loop
      vertex -0.268297 -0.143408 -6.19253
      vertex -0.324469 -0.216803 -6.18406
      vertex -0.346492 -0.201401 -6.18298
    endloop
  endfacet
  facet normal 0.0342553 0.0918749 -0.995181
    outer loop
      vertex 0.125514 0.303018 -6.19019
      vertex 0.11642 0.281062 -6.19253
      vertex 0.122723 0.306225 -6.18999
    endloop
  endfacet
  facet normal -0.148752 -0.00730829 -0.988847
    outer loop
      vertex -0.302754 -0.0298185 -6.19253
      vertex -0.304285 -9.69041e-06 -6.19252
      vertex -0.304219 0 -6.19253
    endloop
  endfacet
  facet normal -0.0978204 -0.00469026 -0.995193
    outer loop
      vertex -0.304285 -9.69041e-06 -6.19252
      vertex -0.302754 -0.0298185 -6.19253
      vertex -0.320373 -0.0315538 -6.19079
    endloop
  endfacet
  facet normal -0.0726562 -0.0658477 -0.995181
    outer loop
      vertex -0.257547 -0.246585 -6.18735
      vertex -0.235165 -0.192994 -6.19253
      vertex -0.215116 -0.215116 -6.19253
    endloop
  endfacet
  facet normal -0.0728725 -0.0657564 -0.995171
    outer loop
      vertex -0.235165 -0.192994 -6.19253
      vertex -0.257547 -0.246585 -6.18735
      vertex -0.287341 -0.235814 -6.18588
    endloop
  endfacet
  facet normal -0.0502334 -0.0838095 -0.995215
    outer loop
      vertex -0.152019 -0.263136 -6.19253
      vertex -0.17553 -0.2627 -6.19138
      vertex -0.169015 -0.252949 -6.19253
    endloop
  endfacet
  facet normal -0.0726562 -0.0658477 0.995181
    outer loop
      vertex -0.235165 -0.192994 6.19253
      vertex -0.257547 -0.246585 6.18735
      vertex -0.215116 -0.215116 6.19253
    endloop
  endfacet
  facet normal -0.0728725 -0.0657564 0.995171
    outer loop
      vertex -0.257547 -0.246585 6.18735
      vertex -0.235165 -0.192994 6.19253
      vertex -0.287341 -0.235814 6.18588
    endloop
  endfacet
  facet normal -0.0950233 -0.0244725 0.995174
    outer loop
      vertex -0.341457 -0.0957771 6.18754
      vertex -0.343673 -0.104252 6.18712
      vertex -0.29112 -0.0883102 6.19253
    endloop
  endfacet
  facet normal 0.0563152 0.0799718 0.995205
    outer loop
      vertex 0.146162 0.273451 6.19196
      vertex 0.143408 0.268297 6.19253
      vertex 0.146621 0.27263 6.192
    endloop
  endfacet
  facet normal -0.0657943 -0.0725973 0.995189
    outer loop
      vertex -0.215116 -0.215116 6.19253
      vertex -0.211962 -0.258277 6.18959
      vertex -0.192994 -0.235165 6.19253
    endloop
  endfacet
  facet normal -0.0661435 -0.0726211 0.995164
    outer loop
      vertex -0.211962 -0.258277 6.18959
      vertex -0.215116 -0.215116 6.19253
      vertex -0.241927 -0.251266 6.18811
    endloop
  endfacet
  facet normal -0.0585598 -0.0789589 0.995156
    outer loop
      vertex -0.192994 -0.235165 6.19253
      vertex -0.177622 -0.262446 6.19127
      vertex -0.169015 -0.252949 6.19253
    endloop
  endfacet
  facet normal -0.0582522 -0.078787 0.995188
    outer loop
      vertex -0.177622 -0.262446 6.19127
      vertex -0.192994 -0.235165 6.19253
      vertex -0.211962 -0.258277 6.18959
    endloop
  endfacet
  facet normal -0.0788129 -0.0584339 -0.995175
    outer loop
      vertex -0.31246 -0.222952 -6.18465
      vertex -0.324469 -0.216803 -6.18406
      vertex -0.252949 -0.169015 -6.19253
    endloop
  endfacet
  facet normal 0.0582522 -0.078787 -0.995188
    outer loop
      vertex 0.177622 -0.262446 -6.19127
      vertex 0.192994 -0.235165 -6.19253
      vertex 0.211962 -0.258277 -6.18959
    endloop
  endfacet
  facet normal 0.0585598 -0.0789589 -0.995156
    outer loop
      vertex 0.192994 -0.235165 -6.19253
      vertex 0.177622 -0.262446 -6.19127
      vertex 0.169015 -0.252949 -6.19253
    endloop
  endfacet
  facet normal -0.0971784 -0.0144164 -0.995163
    outer loop
      vertex -0.298373 -0.05935 -6.19253
      vertex -0.321514 -0.0345174 -6.19063
      vertex -0.302754 -0.0298185 -6.19253
    endloop
  endfacet
  facet normal -0.0969662 -0.0142169 -0.995186
    outer loop
      vertex -0.321514 -0.0345174 -6.19063
      vertex -0.298373 -0.05935 -6.19253
      vertex -0.333775 -0.0663918 -6.18898
    endloop
  endfacet
  facet normal -0.0657943 -0.0725973 -0.995189
    outer loop
      vertex -0.211962 -0.258277 -6.18959
      vertex -0.215116 -0.215116 -6.19253
      vertex -0.192994 -0.235165 -6.19253
    endloop
  endfacet
  facet normal -0.0661435 -0.0726211 -0.995164
    outer loop
      vertex -0.215116 -0.215116 -6.19253
      vertex -0.211962 -0.258277 -6.18959
      vertex -0.241927 -0.251266 -6.18811
    endloop
  endfacet
  facet normal 0.0238355 0.0951717 -0.995175
    outer loop
      vertex 0.05935 0.298373 -6.19253
      vertex 0.09507 0.336691 -6.18801
      vertex 0.0883102 0.29112 -6.19253
    endloop
  endfacet
  facet normal 0.0237891 0.0952146 -0.995172
    outer loop
      vertex 0.09507 0.336691 -6.18801
      vertex 0.05935 0.298373 -6.19253
      vertex 0.0712928 0.358414 -6.1865
    endloop
  endfacet
  facet normal -0.00422397 0.0980347 -0.995174
    outer loop
      vertex 0 0.304219 -6.19253
      vertex -0.013466 0.395 -6.18353
      vertex 0 0.402077 -6.18289
    endloop
  endfacet
  facet normal 0.00422397 0.0980347 -0.995174
    outer loop
      vertex 0.013466 0.395 -6.18353
      vertex 0 0.304219 -6.19253
      vertex 0 0.402077 -6.18289
    endloop
  endfacet
  facet normal -0.0950587 -0.0238072 -0.995187
    outer loop
      vertex -0.29112 -0.0883102 -6.19253
      vertex -0.333775 -0.0663918 -6.18898
      vertex -0.298373 -0.05935 -6.19253
    endloop
  endfacet
  facet normal -0.0951081 -0.0239044 -0.99518
    outer loop
      vertex -0.333775 -0.0663918 -6.18898
      vertex -0.29112 -0.0883102 -6.19253
      vertex -0.341457 -0.0957771 -6.18754
    endloop
  endfacet
  facet normal 0.0410603 0.0890562 -0.99518
    outer loop
      vertex 0.127702 0.299886 -6.19038
      vertex 0.11642 0.281062 -6.19253
      vertex 0.125514 0.303018 -6.19019
    endloop
  endfacet
  facet normal -0.0788468 -0.0584767 0.99517
    outer loop
      vertex -0.252949 -0.169015 6.19253
      vertex -0.287341 -0.235814 6.18588
      vertex -0.235165 -0.192994 6.19253
    endloop
  endfacet
  facet normal -0.0787098 -0.0585479 0.995177
    outer loop
      vertex -0.287341 -0.235814 6.18588
      vertex -0.252949 -0.169015 6.19253
      vertex -0.31246 -0.222952 6.18465
    endloop
  endfacet
  facet normal -0.0966545 -0.0165158 0.995181
    outer loop
      vertex -0.320373 -0.0315538 6.19079
      vertex -0.321514 -0.0345174 6.19063
      vertex -0.302754 -0.0298185 6.19253
    endloop
  endfacet
  facet normal -0.0816995 -0.0498146 -0.995411
    outer loop
      vertex -0.349438 -0.186778 -6.18347
      vertex -0.346492 -0.201401 -6.18298
      vertex -0.347553 -0.20066 -6.18293
    endloop
  endfacet
  facet normal -0.0842251 -0.0503155 -0.995176
    outer loop
      vertex -0.346492 -0.201401 -6.18298
      vertex -0.349438 -0.186778 -6.18347
      vertex -0.268297 -0.143408 -6.19253
    endloop
  endfacet
  facet normal 0.0502334 -0.0838095 -0.995215
    outer loop
      vertex 0.17553 -0.2627 -6.19138
      vertex 0.152019 -0.263136 -6.19253
      vertex 0.169015 -0.252949 -6.19253
    endloop
  endfacet
  facet normal -0.0886766 -0.041943 -0.995177
    outer loop
      vertex -0.268297 -0.143408 -6.19253
      vertex -0.349263 -0.157298 -6.18473
      vertex -0.281062 -0.11642 -6.19253
    endloop
  endfacet
  facet normal -0.0886653 -0.0420083 -0.995175
    outer loop
      vertex -0.349263 -0.157298 -6.18473
      vertex -0.268297 -0.143408 -6.19253
      vertex -0.349438 -0.186778 -6.18347
    endloop
  endfacet
  facet normal 0.0505065 0.0842738 -0.995162
    outer loop
      vertex 0.151876 0.263222 -6.19253
      vertex 0.143408 0.268297 -6.19253
      vertex 0.146621 0.27263 -6.192
    endloop
  endfacet
  facet normal 0 0 -1
    outer loop
      vertex 0 0.175536 -6.19253
      vertex 0.143408 0.268297 -6.19253
      vertex 0.151876 0.263222 -6.19253
    endloop
  endfacet
  facet normal -0 0 -1
    outer loop
      vertex 0.143408 0.268297 -6.19253
      vertex 0 0.175536 -6.19253
      vertex 0.11642 0.281062 -6.19253
    endloop
  endfacet
  facet normal -0 0 -1
    outer loop
      vertex 0.11642 0.281062 -6.19253
      vertex 0 0.175536 -6.19253
      vertex 0.0883102 0.29112 -6.19253
    endloop
  endfacet
  facet normal -0 0 -1
    outer loop
      vertex 0.0883102 0.29112 -6.19253
      vertex 0 0.175536 -6.19253
      vertex 0.05935 0.298373 -6.19253
    endloop
  endfacet
  facet normal -0 0 -1
    outer loop
      vertex 0.05935 0.298373 -6.19253
      vertex 0 0.175536 -6.19253
      vertex 0.0298185 0.302754 -6.19253
    endloop
  endfacet
  facet normal 0 0 -1
    outer loop
      vertex 0 0.175536 -6.19253
      vertex 0 0.304219 -6.19253
      vertex 0.0298185 0.302754 -6.19253
    endloop
  endfacet
  facet normal 0 0 -1
    outer loop
      vertex 0 0.175536 -6.19253
      vertex -0.0298185 0.302754 -6.19253
      vertex 0 0.304219 -6.19253
    endloop
  endfacet
  facet normal 0 0 -1
    outer loop
      vertex 0 0.175536 -6.19253
      vertex -0.05935 0.298373 -6.19253
      vertex -0.0298185 0.302754 -6.19253
    endloop
  endfacet
  facet normal 0 0 -1
    outer loop
      vertex 0 0.175536 -6.19253
      vertex -0.0883102 0.29112 -6.19253
      vertex -0.05935 0.298373 -6.19253
    endloop
  endfacet
  facet normal 0 0 -1
    outer loop
      vertex 0 0.175536 -6.19253
      vertex -0.11642 0.281062 -6.19253
      vertex -0.0883102 0.29112 -6.19253
    endloop
  endfacet
  facet normal 0 0 -1
    outer loop
      vertex 0 0.175536 -6.19253
      vertex -0.143408 0.268297 -6.19253
      vertex -0.11642 0.281062 -6.19253
    endloop
  endfacet
  facet normal 0 -0 -1
    outer loop
      vertex -0.143408 0.268297 -6.19253
      vertex 0 0.175536 -6.19253
      vertex -0.151876 0.263222 -6.19253
    endloop
  endfacet
  facet normal 0 0 -1
    outer loop
      vertex -0.169015 -0.252949 -6.19253
      vertex -0.152019 -0.0877681 -6.19253
      vertex -0.152019 -0.263136 -6.19253
    endloop
  endfacet
  facet normal 0 0 -1
    outer loop
      vertex -0.192994 -0.235165 -6.19253
      vertex -0.152019 -0.0877681 -6.19253
      vertex -0.169015 -0.252949 -6.19253
    endloop
  endfacet
  facet normal 0 0 -1
    outer loop
      vertex -0.215116 -0.215116 -6.19253
      vertex -0.152019 -0.0877681 -6.19253
      vertex -0.192994 -0.235165 -6.19253
    endloop
  endfacet
  facet normal 0 0 -1
    outer loop
      vertex -0.235165 -0.192994 -6.19253
      vertex -0.152019 -0.0877681 -6.19253
      vertex -0.215116 -0.215116 -6.19253
    endloop
  endfacet
  facet normal 0 0 -1
    outer loop
      vertex -0.252949 -0.169015 -6.19253
      vertex -0.152019 -0.0877681 -6.19253
      vertex -0.235165 -0.192994 -6.19253
    endloop
  endfacet
  facet normal 0 0 -1
    outer loop
      vertex -0.268297 -0.143408 -6.19253
      vertex -0.152019 -0.0877681 -6.19253
      vertex -0.252949 -0.169015 -6.19253
    endloop
  endfacet
  facet normal 0 0 -1
    outer loop
      vertex -0.281062 -0.11642 -6.19253
      vertex -0.152019 -0.0877681 -6.19253
      vertex -0.268297 -0.143408 -6.19253
    endloop
  endfacet
  facet normal 0 0 -1
    outer loop
      vertex -0.29112 -0.0883102 -6.19253
      vertex -0.152019 -0.0877681 -6.19253
      vertex -0.281062 -0.11642 -6.19253
    endloop
  endfacet
  facet normal 0 0 -1
    outer loop
      vertex -0.298373 -0.05935 -6.19253
      vertex -0.152019 -0.0877681 -6.19253
      vertex -0.29112 -0.0883102 -6.19253
    endloop
  endfacet
  facet normal 0 0 -1
    outer loop
      vertex -0.302754 -0.0298185 -6.19253
      vertex -0.152019 -0.0877681 -6.19253
      vertex -0.298373 -0.05935 -6.19253
    endloop
  endfacet
  facet normal 0 0 -1
    outer loop
      vertex -0.304219 0 -6.19253
      vertex -0.152019 -0.0877681 -6.19253
      vertex -0.302754 -0.0298185 -6.19253
    endloop
  endfacet
  facet normal 0 0 -1
    outer loop
      vertex -0.152019 -0.0877681 -6.19253
      vertex -0.304219 0 -6.19253
      vertex -0.304214 0.000102035 -6.19253
    endloop
  endfacet
  facet normal 0 0 -1
    outer loop
      vertex 0.152019 -0.0877681 -6.19253
      vertex 0.304219 0 -6.19253
      vertex 0.302754 -0.0298185 -6.19253
    endloop
  endfacet
  facet normal 0 0 -1
    outer loop
      vertex 0.152019 -0.0877681 -6.19253
      vertex 0.302754 -0.0298185 -6.19253
      vertex 0.298373 -0.05935 -6.19253
    endloop
  endfacet
  facet normal 0 0 -1
    outer loop
      vertex 0.152019 -0.0877681 -6.19253
      vertex 0.298373 -0.05935 -6.19253
      vertex 0.29112 -0.0883102 -6.19253
    endloop
  endfacet
  facet normal 0 0 -1
    outer loop
      vertex 0.152019 -0.0877681 -6.19253
      vertex 0.29112 -0.0883102 -6.19253
      vertex 0.281062 -0.11642 -6.19253
    endloop
  endfacet
  facet normal 0 0 -1
    outer loop
      vertex 0.152019 -0.0877681 -6.19253
      vertex 0.281062 -0.11642 -6.19253
      vertex 0.268297 -0.143408 -6.19253
    endloop
  endfacet
  facet normal 0 0 -1
    outer loop
      vertex 0.152019 -0.0877681 -6.19253
      vertex 0.268297 -0.143408 -6.19253
      vertex 0.252949 -0.169015 -6.19253
    endloop
  endfacet
  facet normal 0 0 -1
    outer loop
      vertex 0.152019 -0.0877681 -6.19253
      vertex 0.252949 -0.169015 -6.19253
      vertex 0.235165 -0.192994 -6.19253
    endloop
  endfacet
  facet normal 0 0 -1
    outer loop
      vertex 0.152019 -0.0877681 -6.19253
      vertex 0.235165 -0.192994 -6.19253
      vertex 0.215116 -0.215116 -6.19253
    endloop
  endfacet
  facet normal 0 0 -1
    outer loop
      vertex 0.152019 -0.0877681 -6.19253
      vertex 0.215116 -0.215116 -6.19253
      vertex 0.192994 -0.235165 -6.19253
    endloop
  endfacet
  facet normal 0 0 -1
    outer loop
      vertex 0.152019 -0.0877681 -6.19253
      vertex 0.192994 -0.235165 -6.19253
      vertex 0.169015 -0.252949 -6.19253
    endloop
  endfacet
  facet normal 0 0 -1
    outer loop
      vertex 0.152019 -0.0877681 -6.19253
      vertex 0.169015 -0.252949 -6.19253
      vertex 0.152019 -0.263136 -6.19253
    endloop
  endfacet
  facet normal -0 0 -1
    outer loop
      vertex 0.304219 0 -6.19253
      vertex 0.152019 -0.0877681 -6.19253
      vertex 0.304214 0.000102035 -6.19253
    endloop
  endfacet
  facet normal 0.0239712 0.0951515 -0.995174
    outer loop
      vertex 0.100601 0.331637 -6.18836
      vertex 0.0883102 0.29112 -6.19253
      vertex 0.09507 0.336691 -6.18801
    endloop
  endfacet
  facet normal -0.97003 0 -0.242985
    outer loop
      vertex 4.01915 -22.5 1.11919
      vertex 4.1193 -2.37828 0.719378
      vertex 4.1193 -22.5 0.719378
    endloop
  endfacet
  facet normal -0.97003 0 -0.242985
    outer loop
      vertex 4.1193 -2.37828 0.719378
      vertex 4.01915 -22.5 1.11919
      vertex 4.01915 -2.32046 1.11919
    endloop
  endfacet
  facet normal -0.803208 0 0.595698
    outer loop
      vertex 3.24664 -22.5 -2.76445
      vertex 3.49217 -2.01621 -2.43339
      vertex 3.24664 -1.87445 -2.76445
    endloop
  endfacet
  facet normal -0.803208 0 0.595698
    outer loop
      vertex 3.49217 -2.01621 -2.43339
      vertex 3.24664 -22.5 -2.76445
      vertex 3.49217 -22.5 -2.43339
    endloop
  endfacet
  facet normal -0.941542 0 0.336896
    outer loop
      vertex 3.88029 -22.5 -1.70727
      vertex 4.01915 -2.32046 -1.31919
      vertex 3.88029 -2.24029 -1.70727
    endloop
  endfacet
  facet normal -0.941542 0 0.336896
    outer loop
      vertex 4.01915 -2.32046 -1.31919
      vertex 3.88029 -22.5 -1.70727
      vertex 4.01915 -22.5 -1.31919
    endloop
  endfacet
  facet normal 0.941542 0 0.336896
    outer loop
      vertex -3.88029 -22.5 -1.70727
      vertex -4.01915 -2.32046 -1.31919
      vertex -4.01915 -22.5 -1.31919
    endloop
  endfacet
  facet normal 0.941542 0 0.336896
    outer loop
      vertex -4.01915 -2.32046 -1.31919
      vertex -3.88029 -22.5 -1.70727
      vertex -3.88029 -2.24029 -1.70727
    endloop
  endfacet
  facet normal -0.989176 0 -0.146736
    outer loop
      vertex 4.1193 -22.5 0.719378
      vertex 4.17978 -2.41319 0.311671
      vertex 4.17978 -22.5 0.311671
    endloop
  endfacet
  facet normal -0.989176 0 -0.146736
    outer loop
      vertex 4.17978 -2.41319 0.311671
      vertex 4.1193 -22.5 0.719378
      vertex 4.1193 -2.37828 0.719378
    endloop
  endfacet
  facet normal -0.998796 0 0.0490577
    outer loop
      vertex 4.17978 -22.5 -0.511671
      vertex 4.2 -2.42487 -0.0999994
      vertex 4.17978 -2.41319 -0.511671
    endloop
  endfacet
  facet normal -0.998796 0 0.0490577
    outer loop
      vertex 4.2 -2.42487 -0.0999994
      vertex 4.17978 -22.5 -0.511671
      vertex 4.2 -22.5 -0.0999994
    endloop
  endfacet
  facet normal -0.803208 0 -0.595698
    outer loop
      vertex 3.24664 -22.5 2.56445
      vertex 3.49217 -2.01621 2.23339
      vertex 3.49217 -22.5 2.23339
    endloop
  endfacet
  facet normal -0.803208 0 -0.595698
    outer loop
      vertex 3.49217 -2.01621 2.23339
      vertex 3.24664 -22.5 2.56445
      vertex 3.24664 -1.87445 2.56445
    endloop
  endfacet
  facet normal -0.740957 0 0.671552
    outer loop
      vertex 2.96985 -22.5 -3.06985
      vertex 3.22471 -1.86179 -2.78865
      vertex 2.96985 -1.71464 -3.06985
    endloop
  endfacet
  facet normal -0.741006 1.31995e-06 0.671499
    outer loop
      vertex 2.96985 -22.5 -3.06985
      vertex 3.24664 -1.87445 -2.76445
      vertex 3.22471 -1.86179 -2.78865
    endloop
  endfacet
  facet normal -0.740961 0 0.671548
    outer loop
      vertex 3.24664 -1.87445 -2.76445
      vertex 2.96985 -22.5 -3.06985
      vertex 3.24664 -22.5 -2.76445
    endloop
  endfacet
  facet normal -0.595984 7.00814e-06 0.802996
    outer loop
      vertex 2.33339 -22.5 -3.59217
      vertex 2.66445 -1.53832 -3.34664
      vertex 2.64296 -1.52591 -3.36259
    endloop
  endfacet
  facet normal -0.595678 0 0.803223
    outer loop
      vertex 2.33339 -22.5 -3.59217
      vertex 2.64296 -1.52591 -3.36259
      vertex 2.33339 -1.34719 -3.59217
    endloop
  endfacet
  facet normal -0.595698 0 0.803208
    outer loop
      vertex 2.66445 -1.53832 -3.34664
      vertex 2.33339 -22.5 -3.59217
      vertex 2.66445 -22.5 -3.34664
    endloop
  endfacet
  facet normal 0.903996 0 0.427542
    outer loop
      vertex -3.70407 -22.5 -2.07987
      vertex -3.88029 -2.24029 -1.70727
      vertex -3.88029 -22.5 -1.70727
    endloop
  endfacet
  facet normal 0.903996 0 0.427542
    outer loop
      vertex -3.88029 -2.24029 -1.70727
      vertex -3.70407 -22.5 -2.07987
      vertex -3.70407 -2.13855 -2.07987
    endloop
  endfacet
  facet normal 0.427542 0 0.903996
    outer loop
      vertex -1.97987 -1.14308 -3.80407
      vertex -1.60727 -22.5 -3.98029
      vertex -1.60727 -0.927957 -3.98029
    endloop
  endfacet
  facet normal 0.427542 0 0.903996
    outer loop
      vertex -1.60727 -22.5 -3.98029
      vertex -1.97987 -1.14308 -3.80407
      vertex -1.97987 -22.5 -3.80407
    endloop
  endfacet
  facet normal 0.336903 0 -0.941539
    outer loop
      vertex -1.60727 -0.927957 3.78029
      vertex -1.2192 -22.5 3.91915
      vertex -1.60727 -22.5 3.78029
    endloop
  endfacet
  facet normal 0.336903 0 -0.941539
    outer loop
      vertex -1.2192 -22.5 3.91915
      vertex -1.60727 -0.927957 3.78029
      vertex -1.2192 -0.703902 3.91915
    endloop
  endfacet
  facet normal -0.671552 1.2399e-07 0.740957
    outer loop
      vertex 2.66445 -22.5 -3.34664
      vertex 2.96985 -1.71464 -3.06985
      vertex 2.68459 -1.54995 -3.32839
    endloop
  endfacet
  facet normal -0.671482 0 0.741021
    outer loop
      vertex 2.66445 -22.5 -3.34664
      vertex 2.68459 -1.54995 -3.32839
      vertex 2.66445 -1.53832 -3.34664
    endloop
  endfacet
  facet normal -0.671548 0 0.740961
    outer loop
      vertex 2.96985 -1.71464 -3.06985
      vertex 2.66445 -22.5 -3.34664
      vertex 2.96985 -22.5 -3.06985
    endloop
  endfacet
  facet normal 0.989176 0 0.146736
    outer loop
      vertex -4.1193 -22.5 -0.919379
      vertex -4.17978 -2.41319 -0.511671
      vertex -4.17978 -22.5 -0.511671
    endloop
  endfacet
  facet normal 0.989176 0 0.146736
    outer loop
      vertex -4.17978 -2.41319 -0.511671
      vertex -4.1193 -22.5 -0.919379
      vertex -4.1193 -2.37828 -0.919379
    endloop
  endfacet
  facet normal -0.595698 0 -0.803208
    outer loop
      vertex 2.33339 -22.5 3.39217
      vertex 2.66445 -1.53832 3.14664
      vertex 2.66445 -22.5 3.14664
    endloop
  endfacet
  facet normal -0.595984 7.00814e-06 -0.802996
    outer loop
      vertex 2.66445 -1.53832 3.14664
      vertex 2.33339 -22.5 3.39217
      vertex 2.64296 -1.52591 3.16259
    endloop
  endfacet
  facet normal -0.595678 0 -0.803223
    outer loop
      vertex 2.64296 -1.52591 3.16259
      vertex 2.33339 -22.5 3.39217
      vertex 2.33339 -1.34719 3.39217
    endloop
  endfacet
  facet normal -0.336903 0 -0.941539
    outer loop
      vertex 1.2192 -22.5 3.91915
      vertex 1.60727 -0.927957 3.78029
      vertex 1.60727 -22.5 3.78029
    endloop
  endfacet
  facet normal -0.336903 0 -0.941539
    outer loop
      vertex 1.60727 -0.927957 3.78029
      vertex 1.2192 -22.5 3.91915
      vertex 1.2192 -0.703902 3.91915
    endloop
  endfacet
  facet normal -0.998796 0 -0.0490578
    outer loop
      vertex 4.17978 -22.5 0.311671
      vertex 4.2 -2.42487 -0.0999994
      vertex 4.2 -22.5 -0.0999994
    endloop
  endfacet
  facet normal -0.998796 0 -0.0490578
    outer loop
      vertex 4.2 -2.42487 -0.0999994
      vertex 4.17978 -22.5 0.311671
      vertex 4.17978 -2.41319 0.311671
    endloop
  endfacet
  facet normal 0.24298 0 -0.970031
    outer loop
      vertex -1.2192 -0.703902 3.91915
      vertex -0.819379 -22.5 4.0193
      vertex -1.2192 -22.5 3.91915
    endloop
  endfacet
  facet normal 0.24298 0 -0.970031
    outer loop
      vertex -0.819379 -22.5 4.0193
      vertex -1.2192 -0.703902 3.91915
      vertex -0.819379 -0.473069 4.0193
    endloop
  endfacet
  facet normal -0.740961 0 -0.671548
    outer loop
      vertex 2.96985 -22.5 2.86985
      vertex 3.24664 -1.87445 2.56445
      vertex 3.24664 -22.5 2.56445
    endloop
  endfacet
  facet normal -0.741006 1.31995e-06 -0.671499
    outer loop
      vertex 3.24664 -1.87445 2.56445
      vertex 2.96985 -22.5 2.86985
      vertex 3.22471 -1.86179 2.58865
    endloop
  endfacet
  facet normal -0.740957 0 -0.671552
    outer loop
      vertex 3.22471 -1.86179 2.58865
      vertex 2.96985 -22.5 2.86985
      vertex 2.96985 -1.71464 2.86985
    endloop
  endfacet
  facet normal -0.903996 0 -0.427542
    outer loop
      vertex 3.70407 -22.5 1.87987
      vertex 3.88029 -2.24029 1.50727
      vertex 3.88029 -22.5 1.50727
    endloop
  endfacet
  facet normal -0.903996 0 -0.427542
    outer loop
      vertex 3.88029 -2.24029 1.50727
      vertex 3.70407 -22.5 1.87987
      vertex 3.70407 -2.13855 1.87987
    endloop
  endfacet
  facet normal 0.146736 0 -0.989176
    outer loop
      vertex -0.819379 -0.473069 4.0193
      vertex -0.411672 -22.5 4.07978
      vertex -0.819379 -22.5 4.0193
    endloop
  endfacet
  facet normal 0.146736 0 -0.989176
    outer loop
      vertex -0.411672 -22.5 4.07978
      vertex -0.819379 -0.473069 4.0193
      vertex -0.411672 -0.237678 4.07978
    endloop
  endfacet
  facet normal 0.671482 0 0.741021
    outer loop
      vertex -2.68459 -1.54995 -3.32839
      vertex -2.66445 -22.5 -3.34664
      vertex -2.66445 -1.53832 -3.34664
    endloop
  endfacet
  facet normal 0.671552 1.2399e-07 0.740957
    outer loop
      vertex -2.96985 -1.71464 -3.06985
      vertex -2.66445 -22.5 -3.34664
      vertex -2.68459 -1.54995 -3.32839
    endloop
  endfacet
  facet normal 0.671548 0 0.740961
    outer loop
      vertex -2.66445 -22.5 -3.34664
      vertex -2.96985 -1.71464 -3.06985
      vertex -2.96985 -22.5 -3.06985
    endloop
  endfacet
  facet normal -0.85772 0 0.514117
    outer loop
      vertex 3.49217 -22.5 -2.43339
      vertex 3.70407 -2.13855 -2.07987
      vertex 3.49217 -2.01621 -2.43339
    endloop
  endfacet
  facet normal -0.85772 0 0.514117
    outer loop
      vertex 3.70407 -2.13855 -2.07987
      vertex 3.49217 -22.5 -2.43339
      vertex 3.70407 -22.5 -2.07987
    endloop
  endfacet
  facet normal -0.0490576 0 -0.998796
    outer loop
      vertex 0 -22.5 4.1
      vertex 0.411672 -0.237678 4.07978
      vertex 0.411672 -22.5 4.07978
    endloop
  endfacet
  facet normal -0.0490576 0 -0.998796
    outer loop
      vertex 0.411672 -0.237678 4.07978
      vertex 0 -22.5 4.1
      vertex 0 0 4.1
    endloop
  endfacet
  facet normal 0.671482 0 -0.741021
    outer loop
      vertex -2.66445 -22.5 3.14664
      vertex -2.68459 -1.54995 3.12839
      vertex -2.66445 -1.53832 3.14664
    endloop
  endfacet
  facet normal 0.671548 0 -0.740961
    outer loop
      vertex -2.96985 -1.71464 2.86985
      vertex -2.66445 -22.5 3.14664
      vertex -2.96985 -22.5 2.86985
    endloop
  endfacet
  facet normal 0.671552 1.2399e-07 -0.740957
    outer loop
      vertex -2.66445 -22.5 3.14664
      vertex -2.96985 -1.71464 2.86985
      vertex -2.68459 -1.54995 3.12839
    endloop
  endfacet
  facet normal -0.989176 0 0.146736
    outer loop
      vertex 4.1193 -22.5 -0.919379
      vertex 4.17978 -2.41319 -0.511671
      vertex 4.1193 -2.37828 -0.919379
    endloop
  endfacet
  facet normal -0.989176 0 0.146736
    outer loop
      vertex 4.17978 -2.41319 -0.511671
      vertex 4.1193 -22.5 -0.919379
      vertex 4.17978 -22.5 -0.511671
    endloop
  endfacet
  facet normal -0.903996 0 0.427542
    outer loop
      vertex 3.70407 -22.5 -2.07987
      vertex 3.88029 -2.24029 -1.70727
      vertex 3.70407 -2.13855 -2.07987
    endloop
  endfacet
  facet normal -0.903996 0 0.427542
    outer loop
      vertex 3.88029 -2.24029 -1.70727
      vertex 3.70407 -22.5 -2.07987
      vertex 3.88029 -22.5 -1.70727
    endloop
  endfacet
  facet normal 0.740957 0 -0.671552
    outer loop
      vertex -2.96985 -22.5 2.86985
      vertex -3.22471 -1.86179 2.58865
      vertex -2.96985 -1.71464 2.86985
    endloop
  endfacet
  facet normal 0.741006 1.31995e-06 -0.671499
    outer loop
      vertex -2.96985 -22.5 2.86985
      vertex -3.24664 -1.87445 2.56445
      vertex -3.22471 -1.86179 2.58865
    endloop
  endfacet
  facet normal 0.740961 0 -0.671548
    outer loop
      vertex -3.24664 -1.87445 2.56445
      vertex -2.96985 -22.5 2.86985
      vertex -3.24664 -22.5 2.56445
    endloop
  endfacet
  facet normal 0.85772 0 0.514117
    outer loop
      vertex -3.49217 -22.5 -2.43339
      vertex -3.70407 -2.13855 -2.07987
      vertex -3.70407 -22.5 -2.07987
    endloop
  endfacet
  facet normal 0.85772 0 0.514117
    outer loop
      vertex -3.70407 -2.13855 -2.07987
      vertex -3.49217 -22.5 -2.43339
      vertex -3.49217 -2.01621 -2.43339
    endloop
  endfacet
  facet normal 0.803208 0 -0.595698
    outer loop
      vertex -3.24664 -22.5 2.56445
      vertex -3.49217 -2.01621 2.23339
      vertex -3.24664 -1.87445 2.56445
    endloop
  endfacet
  facet normal 0.803208 0 -0.595698
    outer loop
      vertex -3.49217 -2.01621 2.23339
      vertex -3.24664 -22.5 2.56445
      vertex -3.49217 -22.5 2.23339
    endloop
  endfacet
  facet normal -0.941542 0 -0.336896
    outer loop
      vertex 3.88029 -22.5 1.50727
      vertex 4.01915 -2.32046 1.11919
      vertex 4.01915 -22.5 1.11919
    endloop
  endfacet
  facet normal -0.941542 0 -0.336896
    outer loop
      vertex 4.01915 -2.32046 1.11919
      vertex 3.88029 -22.5 1.50727
      vertex 3.88029 -2.24029 1.50727
    endloop
  endfacet
  facet normal -0.0490576 0 0.998796
    outer loop
      vertex 0 -22.5 -4.3
      vertex 0.411672 -0.237678 -4.27978
      vertex 0 0 -4.3
    endloop
  endfacet
  facet normal -0.0490576 0 0.998796
    outer loop
      vertex 0.411672 -0.237678 -4.27978
      vertex 0 -22.5 -4.3
      vertex 0.411672 -22.5 -4.27978
    endloop
  endfacet
  facet normal 0.941542 0 -0.336896
    outer loop
      vertex -3.88029 -22.5 1.50727
      vertex -4.01915 -2.32046 1.11919
      vertex -3.88029 -2.24029 1.50727
    endloop
  endfacet
  facet normal 0.941542 0 -0.336896
    outer loop
      vertex -4.01915 -2.32046 1.11919
      vertex -3.88029 -22.5 1.50727
      vertex -4.01915 -22.5 1.11919
    endloop
  endfacet
  facet normal -0.85772 0 -0.514117
    outer loop
      vertex 3.49217 -22.5 2.23339
      vertex 3.70407 -2.13855 1.87987
      vertex 3.70407 -22.5 1.87987
    endloop
  endfacet
  facet normal -0.85772 0 -0.514117
    outer loop
      vertex 3.70407 -2.13855 1.87987
      vertex 3.49217 -22.5 2.23339
      vertex 3.49217 -2.01621 2.23339
    endloop
  endfacet
  facet normal 0.998796 0 -0.0490578
    outer loop
      vertex -4.17978 -22.5 0.311671
      vertex -4.2 -2.42487 -0.0999994
      vertex -4.17978 -2.41319 0.311671
    endloop
  endfacet
  facet normal 0.998796 0 -0.0490578
    outer loop
      vertex -4.2 -2.42487 -0.0999994
      vertex -4.17978 -22.5 0.311671
      vertex -4.2 -22.5 -0.0999994
    endloop
  endfacet
  facet normal 0.595678 0 0.803223
    outer loop
      vertex -2.64296 -1.52591 -3.36259
      vertex -2.33339 -22.5 -3.59217
      vertex -2.33339 -1.34719 -3.59217
    endloop
  endfacet
  facet normal 0.595984 7.00814e-06 0.802996
    outer loop
      vertex -2.66445 -1.53832 -3.34664
      vertex -2.33339 -22.5 -3.59217
      vertex -2.64296 -1.52591 -3.36259
    endloop
  endfacet
  facet normal 0.595698 0 0.803208
    outer loop
      vertex -2.33339 -22.5 -3.59217
      vertex -2.66445 -1.53832 -3.34664
      vertex -2.66445 -22.5 -3.34664
    endloop
  endfacet
  facet normal 0.0490576 0 0.998796
    outer loop
      vertex -0.411672 -0.237678 -4.27978
      vertex 0 -22.5 -4.3
      vertex 0 0 -4.3
    endloop
  endfacet
  facet normal 0.0490576 0 0.998796
    outer loop
      vertex 0 -22.5 -4.3
      vertex -0.411672 -0.237678 -4.27978
      vertex -0.411672 -22.5 -4.27978
    endloop
  endfacet
  facet normal -0.146736 0 0.989176
    outer loop
      vertex 0.411672 -22.5 -4.27978
      vertex 0.819379 -0.473069 -4.2193
      vertex 0.411672 -0.237678 -4.27978
    endloop
  endfacet
  facet normal -0.146736 0 0.989176
    outer loop
      vertex 0.819379 -0.473069 -4.2193
      vertex 0.411672 -22.5 -4.27978
      vertex 0.819379 -22.5 -4.2193
    endloop
  endfacet
  facet normal -0.671548 0 -0.740961
    outer loop
      vertex 2.66445 -22.5 3.14664
      vertex 2.96985 -1.71464 2.86985
      vertex 2.96985 -22.5 2.86985
    endloop
  endfacet
  facet normal -0.671552 1.2399e-07 -0.740957
    outer loop
      vertex 2.96985 -1.71464 2.86985
      vertex 2.66445 -22.5 3.14664
      vertex 2.68459 -1.54995 3.12839
    endloop
  endfacet
  facet normal -0.671482 0 -0.741021
    outer loop
      vertex 2.68459 -1.54995 3.12839
      vertex 2.66445 -22.5 3.14664
      vertex 2.66445 -1.53832 3.14664
    endloop
  endfacet
  facet normal -0.97003 0 0.242986
    outer loop
      vertex 4.01915 -22.5 -1.31919
      vertex 4.1193 -2.37828 -0.919379
      vertex 4.01915 -2.32046 -1.31919
    endloop
  endfacet
  facet normal -0.97003 0 0.242986
    outer loop
      vertex 4.1193 -2.37828 -0.919379
      vertex 4.01915 -22.5 -1.31919
      vertex 4.1193 -22.5 -0.919379
    endloop
  endfacet
  facet normal -0.24298 0 0.970031
    outer loop
      vertex 0.819379 -22.5 -4.2193
      vertex 1.2192 -0.703902 -4.11915
      vertex 0.819379 -0.473069 -4.2193
    endloop
  endfacet
  facet normal -0.24298 0 0.970031
    outer loop
      vertex 1.2192 -0.703902 -4.11915
      vertex 0.819379 -22.5 -4.2193
      vertex 1.2192 -22.5 -4.11915
    endloop
  endfacet
  facet normal -0.514117 0 -0.85772
    outer loop
      vertex 1.97987 -22.5 3.60407
      vertex 2.33339 -1.34719 3.39217
      vertex 2.33339 -22.5 3.39217
    endloop
  endfacet
  facet normal -0.514106 -2.70228e-07 -0.857727
    outer loop
      vertex 2.33339 -1.34719 3.39217
      vertex 1.97987 -22.5 3.60407
      vertex 1.99721 -1.15309 3.59367
    endloop
  endfacet
  facet normal -0.51435 0 -0.85758
    outer loop
      vertex 1.99721 -1.15309 3.59367
      vertex 1.97987 -22.5 3.60407
      vertex 1.97987 -1.14308 3.60407
    endloop
  endfacet
  facet normal -0.427542 0 -0.903996
    outer loop
      vertex 1.60727 -22.5 3.78029
      vertex 1.97987 -1.14308 3.60407
      vertex 1.97987 -22.5 3.60407
    endloop
  endfacet
  facet normal -0.427542 0 -0.903996
    outer loop
      vertex 1.97987 -1.14308 3.60407
      vertex 1.60727 -22.5 3.78029
      vertex 1.60727 -0.927957 3.78029
    endloop
  endfacet
  facet normal 0.989176 0 -0.146736
    outer loop
      vertex -4.1193 -22.5 0.719378
      vertex -4.17978 -2.41319 0.311671
      vertex -4.1193 -2.37828 0.719378
    endloop
  endfacet
  facet normal 0.989176 0 -0.146736
    outer loop
      vertex -4.17978 -2.41319 0.311671
      vertex -4.1193 -22.5 0.719378
      vertex -4.17978 -22.5 0.311671
    endloop
  endfacet
  facet normal 0.0490576 0 -0.998796
    outer loop
      vertex -0.411672 -0.237678 4.07978
      vertex 0 -22.5 4.1
      vertex -0.411672 -22.5 4.07978
    endloop
  endfacet
  facet normal 0.0490576 0 -0.998796
    outer loop
      vertex 0 -22.5 4.1
      vertex -0.411672 -0.237678 4.07978
      vertex 0 0 4.1
    endloop
  endfacet
  facet normal 0.24298 0 0.970031
    outer loop
      vertex -1.2192 -0.703902 -4.11915
      vertex -0.819379 -22.5 -4.2193
      vertex -0.819379 -0.473069 -4.2193
    endloop
  endfacet
  facet normal 0.24298 0 0.970031
    outer loop
      vertex -0.819379 -22.5 -4.2193
      vertex -1.2192 -0.703902 -4.11915
      vertex -1.2192 -22.5 -4.11915
    endloop
  endfacet
  facet normal 0.998796 0 0.0490577
    outer loop
      vertex -4.17978 -22.5 -0.511671
      vertex -4.2 -2.42487 -0.0999994
      vertex -4.2 -22.5 -0.0999994
    endloop
  endfacet
  facet normal 0.998796 0 0.0490577
    outer loop
      vertex -4.2 -2.42487 -0.0999994
      vertex -4.17978 -22.5 -0.511671
      vertex -4.17978 -2.41319 -0.511671
    endloop
  endfacet
  facet normal 0.803208 0 0.595698
    outer loop
      vertex -3.24664 -22.5 -2.76445
      vertex -3.49217 -2.01621 -2.43339
      vertex -3.49217 -22.5 -2.43339
    endloop
  endfacet
  facet normal 0.803208 0 0.595698
    outer loop
      vertex -3.49217 -2.01621 -2.43339
      vertex -3.24664 -22.5 -2.76445
      vertex -3.24664 -1.87445 -2.76445
    endloop
  endfacet
  facet normal -0.146736 0 -0.989176
    outer loop
      vertex 0.411672 -22.5 4.07978
      vertex 0.819379 -0.473069 4.0193
      vertex 0.819379 -22.5 4.0193
    endloop
  endfacet
  facet normal -0.146736 0 -0.989176
    outer loop
      vertex 0.819379 -0.473069 4.0193
      vertex 0.411672 -22.5 4.07978
      vertex 0.411672 -0.237678 4.07978
    endloop
  endfacet
  facet normal 0.85772 0 -0.514117
    outer loop
      vertex -3.49217 -22.5 2.23339
      vertex -3.70407 -2.13855 1.87987
      vertex -3.49217 -2.01621 2.23339
    endloop
  endfacet
  facet normal 0.85772 0 -0.514117
    outer loop
      vertex -3.70407 -2.13855 1.87987
      vertex -3.49217 -22.5 2.23339
      vertex -3.70407 -22.5 1.87987
    endloop
  endfacet
  facet normal 0.97003 0 -0.242985
    outer loop
      vertex -4.01915 -22.5 1.11919
      vertex -4.1193 -2.37828 0.719378
      vertex -4.01915 -2.32046 1.11919
    endloop
  endfacet
  facet normal 0.97003 0 -0.242985
    outer loop
      vertex -4.1193 -2.37828 0.719378
      vertex -4.01915 -22.5 1.11919
      vertex -4.1193 -22.5 0.719378
    endloop
  endfacet
  facet normal 0.427542 0 -0.903996
    outer loop
      vertex -1.97987 -1.14308 3.60407
      vertex -1.60727 -22.5 3.78029
      vertex -1.97987 -22.5 3.60407
    endloop
  endfacet
  facet normal 0.427542 0 -0.903996
    outer loop
      vertex -1.60727 -22.5 3.78029
      vertex -1.97987 -1.14308 3.60407
      vertex -1.60727 -0.927957 3.78029
    endloop
  endfacet
  facet normal 0.740961 0 0.671548
    outer loop
      vertex -2.96985 -22.5 -3.06985
      vertex -3.24664 -1.87445 -2.76445
      vertex -3.24664 -22.5 -2.76445
    endloop
  endfacet
  facet normal 0.741006 1.31995e-06 0.671499
    outer loop
      vertex -3.24664 -1.87445 -2.76445
      vertex -2.96985 -22.5 -3.06985
      vertex -3.22471 -1.86179 -2.78865
    endloop
  endfacet
  facet normal 0.740957 0 0.671552
    outer loop
      vertex -3.22471 -1.86179 -2.78865
      vertex -2.96985 -22.5 -3.06985
      vertex -2.96985 -1.71464 -3.06985
    endloop
  endfacet
  facet normal -0.336903 0 0.941539
    outer loop
      vertex 1.2192 -22.5 -4.11915
      vertex 1.60727 -0.927957 -3.98029
      vertex 1.2192 -0.703902 -4.11915
    endloop
  endfacet
  facet normal -0.336903 0 0.941539
    outer loop
      vertex 1.60727 -0.927957 -3.98029
      vertex 1.2192 -22.5 -4.11915
      vertex 1.60727 -22.5 -3.98029
    endloop
  endfacet
  facet normal 0.97003 0 0.242986
    outer loop
      vertex -4.01915 -22.5 -1.31919
      vertex -4.1193 -2.37828 -0.919379
      vertex -4.1193 -22.5 -0.919379
    endloop
  endfacet
  facet normal 0.97003 0 0.242986
    outer loop
      vertex -4.1193 -2.37828 -0.919379
      vertex -4.01915 -22.5 -1.31919
      vertex -4.01915 -2.32046 -1.31919
    endloop
  endfacet
  facet normal -0.24298 0 -0.970031
    outer loop
      vertex 0.819379 -22.5 4.0193
      vertex 1.2192 -0.703902 3.91915
      vertex 1.2192 -22.5 3.91915
    endloop
  endfacet
  facet normal -0.24298 0 -0.970031
    outer loop
      vertex 1.2192 -0.703902 3.91915
      vertex 0.819379 -22.5 4.0193
      vertex 0.819379 -0.473069 4.0193
    endloop
  endfacet
  facet normal -0.427542 0 0.903996
    outer loop
      vertex 1.60727 -22.5 -3.98029
      vertex 1.97987 -1.14308 -3.80407
      vertex 1.60727 -0.927957 -3.98029
    endloop
  endfacet
  facet normal -0.427542 0 0.903996
    outer loop
      vertex 1.97987 -1.14308 -3.80407
      vertex 1.60727 -22.5 -3.98029
      vertex 1.97987 -22.5 -3.80407
    endloop
  endfacet
  facet normal -0.514106 -2.70228e-07 0.857727
    outer loop
      vertex 1.97987 -22.5 -3.80407
      vertex 2.33339 -1.34719 -3.59217
      vertex 1.99721 -1.15309 -3.79367
    endloop
  endfacet
  facet normal -0.51435 0 0.85758
    outer loop
      vertex 1.97987 -22.5 -3.80407
      vertex 1.99721 -1.15309 -3.79367
      vertex 1.97987 -1.14308 -3.80407
    endloop
  endfacet
  facet normal -0.514117 0 0.85772
    outer loop
      vertex 2.33339 -1.34719 -3.59217
      vertex 1.97987 -22.5 -3.80407
      vertex 2.33339 -22.5 -3.59217
    endloop
  endfacet
  facet normal 0.336903 0 0.941539
    outer loop
      vertex -1.60727 -0.927957 -3.98029
      vertex -1.2192 -22.5 -4.11915
      vertex -1.2192 -0.703902 -4.11915
    endloop
  endfacet
  facet normal 0.336903 0 0.941539
    outer loop
      vertex -1.2192 -22.5 -4.11915
      vertex -1.60727 -0.927957 -3.98029
      vertex -1.60727 -22.5 -3.98029
    endloop
  endfacet
  facet normal 0.595678 0 -0.803223
    outer loop
      vertex -2.33339 -22.5 3.39217
      vertex -2.64296 -1.52591 3.16259
      vertex -2.33339 -1.34719 3.39217
    endloop
  endfacet
  facet normal 0.595698 0 -0.803208
    outer loop
      vertex -2.66445 -1.53832 3.14664
      vertex -2.33339 -22.5 3.39217
      vertex -2.66445 -22.5 3.14664
    endloop
  endfacet
  facet normal 0.595984 7.00814e-06 -0.802996
    outer loop
      vertex -2.33339 -22.5 3.39217
      vertex -2.66445 -1.53832 3.14664
      vertex -2.64296 -1.52591 3.16259
    endloop
  endfacet
  facet normal 0.51435 0 -0.85758
    outer loop
      vertex -1.97987 -22.5 3.60407
      vertex -1.99721 -1.15309 3.59367
      vertex -1.97987 -1.14308 3.60407
    endloop
  endfacet
  facet normal 0.514117 0 -0.85772
    outer loop
      vertex -2.33339 -1.34719 3.39217
      vertex -1.97987 -22.5 3.60407
      vertex -2.33339 -22.5 3.39217
    endloop
  endfacet
  facet normal 0.514106 -2.70228e-07 -0.857727
    outer loop
      vertex -1.97987 -22.5 3.60407
      vertex -2.33339 -1.34719 3.39217
      vertex -1.99721 -1.15309 3.59367
    endloop
  endfacet
  facet normal 0.146736 0 0.989176
    outer loop
      vertex -0.819379 -0.473069 -4.2193
      vertex -0.411672 -22.5 -4.27978
      vertex -0.411672 -0.237678 -4.27978
    endloop
  endfacet
  facet normal 0.146736 0 0.989176
    outer loop
      vertex -0.411672 -22.5 -4.27978
      vertex -0.819379 -0.473069 -4.2193
      vertex -0.819379 -22.5 -4.2193
    endloop
  endfacet
  facet normal 0.903996 0 -0.427542
    outer loop
      vertex -3.70407 -22.5 1.87987
      vertex -3.88029 -2.24029 1.50727
      vertex -3.70407 -2.13855 1.87987
    endloop
  endfacet
  facet normal 0.903996 0 -0.427542
    outer loop
      vertex -3.88029 -2.24029 1.50727
      vertex -3.70407 -22.5 1.87987
      vertex -3.88029 -22.5 1.50727
    endloop
  endfacet
  facet normal 0.51435 0 0.85758
    outer loop
      vertex -1.99721 -1.15309 -3.79367
      vertex -1.97987 -22.5 -3.80407
      vertex -1.97987 -1.14308 -3.80407
    endloop
  endfacet
  facet normal 0.514106 -2.70228e-07 0.857727
    outer loop
      vertex -2.33339 -1.34719 -3.59217
      vertex -1.97987 -22.5 -3.80407
      vertex -1.99721 -1.15309 -3.79367
    endloop
  endfacet
  facet normal 0.514117 0 0.85772
    outer loop
      vertex -1.97987 -22.5 -3.80407
      vertex -2.33339 -1.34719 -3.59217
      vertex -2.33339 -22.5 -3.59217
    endloop
  endfacet
  facet normal -0.2982 0.516467 0.802707
    outer loop
      vertex 20.6523 9.22922 -3.59217
      vertex 2.64296 -1.52591 -3.36259
      vertex 20.6593 9.21702 -3.58172
    endloop
  endfacet
  facet normal -0.297844 0.515882 0.803215
    outer loop
      vertex 2.64296 -1.52591 -3.36259
      vertex 20.6523 9.22922 -3.59217
      vertex 2.33339 -1.34719 -3.59217
    endloop
  endfacet
  facet normal -0.0245343 0.0424947 -0.998795
    outer loop
      vertex 19.4856 11.25 4.1
      vertex 19.6826 10.9087 4.08064
      vertex 0 0 4.1
    endloop
  endfacet
  facet normal 0.0245357 -0.0424971 -0.998795
    outer loop
      vertex 0 0 4.1
      vertex 19.3047 11.5632 4.08223
      vertex 19.4856 11.25 4.1
    endloop
  endfacet
  facet normal 0.0244794 -0.0424031 -0.998801
    outer loop
      vertex 19.3047 11.5632 4.08223
      vertex 0 0 4.1
      vertex 19.2885 11.5913 4.08064
    endloop
  endfacet
  facet normal 0.402364 -0.696911 -0.593648
    outer loop
      vertex 0 3.7489 2.56445
      vertex 17.857 14.0707 2.55036
      vertex 17.8622 14.0617 2.56445
    endloop
  endfacet
  facet normal 0.401604 -0.695599 -0.595699
    outer loop
      vertex 17.857 14.0707 2.55036
      vertex 0 3.7489 2.56445
      vertex 0 4.00823 2.26163
    endloop
  endfacet
  facet normal 0.370484 -0.641694 0.671543
    outer loop
      vertex 0 3.7489 -2.76445
      vertex 18.0006 13.822 -3.06985
      vertex 17.8622 14.0617 -2.76445
    endloop
  endfacet
  facet normal 0.370477 -0.641681 0.671559
    outer loop
      vertex 18.0006 13.822 -3.06985
      vertex 0 3.7489 -2.76445
      vertex 0 3.42928 -3.06985
    endloop
  endfacet
  facet normal 0.499397 -0.864983 0.0490618
    outer loop
      vertex 0 4.82639 -0.511671
      vertex 17.3856 14.8873 -0.0999994
      vertex 0 4.84974 -0.0999994
    endloop
  endfacet
  facet normal 0.499399 -0.864984 0.0490225
    outer loop
      vertex 17.3856 14.8873 -0.0999994
      vertex 0 4.82639 -0.511671
      vertex 17.3957 14.8698 -0.511671
    endloop
  endfacet
  facet normal 0.428861 -0.742808 -0.514116
    outer loop
      vertex 17.6335 14.4578 1.87987
      vertex 0 4.03241 2.23339
      vertex 0 4.27709 1.87987
    endloop
  endfacet
  facet normal 0.428851 -0.742793 -0.514145
    outer loop
      vertex 0 4.03241 2.23339
      vertex 17.6335 14.4578 1.87987
      vertex 17.7395 14.2743 2.23339
    endloop
  endfacet
  facet normal 0.0244532 -0.0423541 0.998803
    outer loop
      vertex 0 0.475357 -4.27978
      vertex 19.2885 11.5913 -4.28064
      vertex 19.2797 11.6065 -4.27978
    endloop
  endfacet
  facet normal 0.0245287 -0.0424852 0.998796
    outer loop
      vertex 19.2885 11.5913 -4.28064
      vertex 0 0.475357 -4.27978
      vertex 0 0 -4.3
    endloop
  endfacet
  facet normal 0.213784 -0.370285 0.903983
    outer loop
      vertex 0 2.28615 -3.80407
      vertex 18.674 12.6557 -3.97279
      vertex 18.4956 12.9646 -3.80407
    endloop
  endfacet
  facet normal 0.213678 -0.370092 0.904087
    outer loop
      vertex 18.674 12.6557 -3.97279
      vertex 0 2.28615 -3.80407
      vertex 0 2.26541 -3.81256
    endloop
  endfacet
  facet normal 0.0245312 -0.0424893 0.998796
    outer loop
      vertex 19.4856 11.25 -4.3
      vertex 19.2885 11.5913 -4.28064
      vertex 0 0 -4.3
    endloop
  endfacet
  facet normal -0.257062 0.445244 0.857716
    outer loop
      vertex 20.4755 9.53539 -3.80407
      vertex 1.99721 -1.15309 -3.79367
      vertex 20.6447 9.24225 -3.60119
    endloop
  endfacet
  facet normal -0.257187 0.445461 0.857566
    outer loop
      vertex 1.99721 -1.15309 -3.79367
      vertex 20.4755 9.53539 -3.80407
      vertex 1.97987 -1.14308 -3.80407
    endloop
  endfacet
  facet normal -0.370443 0.641626 -0.671631
    outer loop
      vertex 3.24664 -1.87445 2.56445
      vertex 21.0775 8.49269 2.63371
      vertex 21.1089 8.43832 2.56445
    endloop
  endfacet
  facet normal -0.370482 0.641694 -0.671544
    outer loop
      vertex 3.24664 -1.87445 2.56445
      vertex 20.9764 8.66784 2.85685
      vertex 21.0775 8.49269 2.63371
    endloop
  endfacet
  facet normal -0.370513 0.641743 -0.67148
    outer loop
      vertex 20.9764 8.66784 2.85685
      vertex 3.24664 -1.87445 2.56445
      vertex 3.22471 -1.86179 2.58865
    endloop
  endfacet
  facet normal 0.257033 -0.445193 0.857751
    outer loop
      vertex 0 2.30618 -3.79367
      vertex 18.4956 12.9646 -3.80407
      vertex 18.3264 13.2578 -3.60119
    endloop
  endfacet
  facet normal 0.257105 -0.445318 0.857665
    outer loop
      vertex 18.4956 12.9646 -3.80407
      vertex 0 2.30618 -3.79367
      vertex 0 2.28615 -3.80407
    endloop
  endfacet
  facet normal 0.451999 -0.782888 0.427531
    outer loop
      vertex 0 4.27709 -2.07987
      vertex 17.5492 14.6039 -1.72312
      vertex 0 4.29569 -2.04581
    endloop
  endfacet
  facet normal 0.452021 -0.782923 0.427444
    outer loop
      vertex 17.5492 14.6039 -1.72312
      vertex 0 4.27709 -2.07987
      vertex 17.6335 14.4578 -2.07987
    endloop
  endfacet
  facet normal 0.499397 -0.864983 -0.0490619
    outer loop
      vertex 17.3856 14.8873 -0.0999994
      vertex 0 4.82639 0.311671
      vertex 0 4.84974 -0.0999994
    endloop
  endfacet
  facet normal 0.499399 -0.864984 -0.0490226
    outer loop
      vertex 0 4.82639 0.311671
      vertex 17.3856 14.8873 -0.0999994
      vertex 17.3957 14.8698 0.311671
    endloop
  endfacet
  facet normal -0.0244532 0.0423541 0.998803
    outer loop
      vertex 19.6826 10.9087 -4.28064
      vertex 0.411672 -0.237678 -4.27978
      vertex 19.6914 10.8935 -4.27978
    endloop
  endfacet
  facet normal -0.024529 0.0424851 0.998796
    outer loop
      vertex 0.411672 -0.237678 -4.27978
      vertex 19.6826 10.9087 -4.28064
      vertex 0 0 -4.3
    endloop
  endfacet
  facet normal -0.0245343 0.0424947 0.998795
    outer loop
      vertex 19.6826 10.9087 -4.28064
      vertex 19.4856 11.25 -4.3
      vertex 0 0 -4.3
    endloop
  endfacet
  facet normal -0.257062 0.445244 -0.857716
    outer loop
      vertex 1.99721 -1.15309 3.59367
      vertex 20.4755 9.53539 3.60407
      vertex 20.6447 9.24225 3.40119
    endloop
  endfacet
  facet normal -0.257187 0.445461 -0.857566
    outer loop
      vertex 20.4755 9.53539 3.60407
      vertex 1.99721 -1.15309 3.59367
      vertex 1.97987 -1.14308 3.60407
    endloop
  endfacet
  facet normal -0.2982 0.516467 -0.802707
    outer loop
      vertex 2.64296 -1.52591 3.16259
      vertex 20.6523 9.22922 3.39217
      vertex 20.6593 9.21702 3.38172
    endloop
  endfacet
  facet normal -0.297844 0.515882 -0.803215
    outer loop
      vertex 20.6523 9.22922 3.39217
      vertex 2.64296 -1.52591 3.16259
      vertex 2.33339 -1.34719 3.39217
    endloop
  endfacet
  facet normal 0.470765 -0.815391 -0.336924
    outer loop
      vertex 0 4.48058 1.50727
      vertex 17.519 14.6563 1.3593
      vertex 17.5454 14.6104 1.50727
    endloop
  endfacet
  facet normal 0.470775 -0.815406 -0.336874
    outer loop
      vertex 17.476 14.7307 1.11919
      vertex 0 4.48058 1.50727
      vertex 0 4.64091 1.11919
    endloop
  endfacet
  facet normal 0.470759 -0.815381 -0.336958
    outer loop
      vertex 0 4.48058 1.50727
      vertex 17.476 14.7307 1.11919
      vertex 17.519 14.6563 1.3593
    endloop
  endfacet
  facet normal -0.370462 0.64166 -0.671589
    outer loop
      vertex 3.22471 -1.86179 2.58865
      vertex 20.9705 8.67804 2.86985
      vertex 20.9764 8.66784 2.85685
    endloop
  endfacet
  facet normal -0.370475 0.641682 -0.67156
    outer loop
      vertex 20.9705 8.67804 2.86985
      vertex 3.22471 -1.86179 2.58865
      vertex 2.96985 -1.71464 2.86985
    endloop
  endfacet
  facet normal 0.0733704 -0.127081 0.989175
    outer loop
      vertex 0 0.946137 -4.2193
      vertex 19.2797 11.6065 -4.27978
      vertex 19.0759 11.9596 -4.2193
    endloop
  endfacet
  facet normal 0.073368 -0.127077 0.989176
    outer loop
      vertex 19.2797 11.6065 -4.27978
      vertex 0 0.946137 -4.2193
      vertex 0 0.475357 -4.27978
    endloop
  endfacet
  facet normal 0.121484 -0.210415 0.970035
    outer loop
      vertex 0 1.4078 -4.11915
      vertex 19.0247 12.0483 -4.19365
      vertex 18.876 12.3059 -4.11915
    endloop
  endfacet
  facet normal 0.121473 -0.210396 0.97004
    outer loop
      vertex 0 1.4078 -4.11915
      vertex 19.0759 11.9596 -4.2193
      vertex 19.0247 12.0483 -4.19365
    endloop
  endfacet
  facet normal 0.121493 -0.210432 0.97003
    outer loop
      vertex 19.0759 11.9596 -4.2193
      vertex 0 1.4078 -4.11915
      vertex 0 0.946137 -4.2193
    endloop
  endfacet
  facet normal 0.33579 -0.581604 0.740933
    outer loop
      vertex 0 3.0999 -3.32839
      vertex 18.1533 13.5575 -3.34664
      vertex 18.0071 13.8107 -3.08163
    endloop
  endfacet
  facet normal 0.335708 -0.58146 0.741083
    outer loop
      vertex 18.1533 13.5575 -3.34664
      vertex 0 3.0999 -3.32839
      vertex 0 3.07664 -3.34664
    endloop
  endfacet
  facet normal 0.297847 -0.515885 0.803212
    outer loop
      vertex 0 3.07664 -3.34664
      vertex 18.3118 13.283 -3.58172
      vertex 18.1533 13.5575 -3.34664
    endloop
  endfacet
  facet normal 0.297947 -0.516067 0.803058
    outer loop
      vertex 18.3118 13.283 -3.58172
      vertex 0 3.07664 -3.34664
      vertex 0 3.05182 -3.36259
    endloop
  endfacet
  facet normal 0.401629 -0.695642 0.595631
    outer loop
      vertex 0 4.00823 -2.46163
      vertex 17.7395 14.2743 -2.43339
      vertex 0 4.03241 -2.43339
    endloop
  endfacet
  facet normal 0.401608 -0.695607 0.595686
    outer loop
      vertex 17.7395 14.2743 -2.43339
      vertex 0 4.00823 -2.46163
      vertex 17.857 14.0707 -2.75036
    endloop
  endfacet
  facet normal 0.470775 -0.815406 0.336874
    outer loop
      vertex 0 4.48058 -1.70727
      vertex 17.476 14.7307 -1.31919
      vertex 0 4.64091 -1.31919
    endloop
  endfacet
  facet normal 0.470759 -0.815381 0.336958
    outer loop
      vertex 17.476 14.7307 -1.31919
      vertex 0 4.48058 -1.70727
      vertex 17.519 14.6563 -1.5593
    endloop
  endfacet
  facet normal 0.470765 -0.815391 0.336924
    outer loop
      vertex 17.519 14.6563 -1.5593
      vertex 0 4.48058 -1.70727
      vertex 17.5454 14.6104 -1.70727
    endloop
  endfacet
  facet normal 0.451993 -0.782876 0.42756
    outer loop
      vertex 0 4.29569 -2.04581
      vertex 17.5454 14.6104 -1.70727
      vertex 0 4.48058 -1.70727
    endloop
  endfacet
  facet normal 0.451607 -0.782269 0.429076
    outer loop
      vertex 17.5454 14.6104 -1.70727
      vertex 0 4.29569 -2.04581
      vertex 17.5492 14.6039 -1.72312
    endloop
  endfacet
  facet normal 0.485013 -0.840068 -0.242999
    outer loop
      vertex 17.4259 14.8174 0.719378
      vertex 0 4.64091 1.11919
      vertex 0 4.75656 0.719378
    endloop
  endfacet
  facet normal 0.48502 -0.840078 -0.24295
    outer loop
      vertex 0 4.64091 1.11919
      vertex 17.4259 14.8174 0.719378
      vertex 17.476 14.7307 1.11919
    endloop
  endfacet
  facet normal 0.494589 -0.856653 0.146723
    outer loop
      vertex 0 4.75656 -0.919379
      vertex 17.3957 14.8698 -0.511671
      vertex 0 4.82639 -0.511671
    endloop
  endfacet
  facet normal 0.494588 -0.856652 0.146735
    outer loop
      vertex 17.3957 14.8698 -0.511671
      vertex 0 4.75656 -0.919379
      vertex 17.4259 14.8174 -0.919379
    endloop
  endfacet
  facet normal -0.168471 0.291801 0.941525
    outer loop
      vertex 20.0952 10.1941 -4.11915
      vertex 1.60727 -0.927957 -3.98029
      vertex 20.2892 9.85806 -3.98029
    endloop
  endfacet
  facet normal -0.16845 0.291766 0.94154
    outer loop
      vertex 1.60727 -0.927957 -3.98029
      vertex 20.0952 10.1941 -4.11915
      vertex 1.2192 -0.703902 -4.11915
    endloop
  endfacet
  facet normal -0.485012 0.840065 0.24301
    outer loop
      vertex 21.4951 7.76931 -1.31919
      vertex 4.1193 -2.37828 -0.919379
      vertex 21.5452 7.68258 -0.919379
    endloop
  endfacet
  facet normal -0.485016 0.840071 0.242983
    outer loop
      vertex 4.1193 -2.37828 -0.919379
      vertex 21.4951 7.76931 -1.31919
      vertex 4.01915 -2.32046 -1.31919
    endloop
  endfacet
  facet normal -0.494583 0.856645 -0.146793
    outer loop
      vertex 4.17978 -2.41319 0.311671
      vertex 21.5452 7.68258 0.719378
      vertex 21.5755 7.63021 0.311671
    endloop
  endfacet
  facet normal -0.49459 0.856653 -0.146719
    outer loop
      vertex 21.5452 7.68258 0.719378
      vertex 4.17978 -2.41319 0.311671
      vertex 4.1193 -2.37828 0.719378
    endloop
  endfacet
  facet normal -0.452001 0.782888 -0.42753
    outer loop
      vertex 3.88029 -2.24029 1.50727
      vertex 21.3376 8.04218 1.87987
      vertex 21.4257 7.88957 1.50727
    endloop
  endfacet
  facet normal -0.451998 0.782883 -0.427541
    outer loop
      vertex 21.3376 8.04218 1.87987
      vertex 3.88029 -2.24029 1.50727
      vertex 3.70407 -2.13855 1.87987
    endloop
  endfacet
  facet normal -0.297756 0.515737 0.803341
    outer loop
      vertex 2.66445 -1.53832 -3.34664
      vertex 20.6947 9.15579 -3.52929
      vertex 20.6593 9.21702 -3.58172
    endloop
  endfacet
  facet normal -0.297871 0.515928 0.803175
    outer loop
      vertex 20.6947 9.15579 -3.52929
      vertex 2.66445 -1.53832 -3.34664
      vertex 20.8178 8.94252 -3.34664
    endloop
  endfacet
  facet normal -0.297976 0.516098 0.803027
    outer loop
      vertex 2.66445 -1.53832 -3.34664
      vertex 20.6593 9.21702 -3.58172
      vertex 2.64296 -1.52591 -3.36259
    endloop
  endfacet
  facet normal -0.0733615 0.127066 0.989178
    outer loop
      vertex 19.6914 10.8935 -4.27978
      vertex 0.819379 -0.473069 -4.2193
      vertex 19.8953 10.5404 -4.2193
    endloop
  endfacet
  facet normal -0.0733679 0.127077 0.989176
    outer loop
      vertex 0.819379 -0.473069 -4.2193
      vertex 19.6914 10.8935 -4.27978
      vertex 0.411672 -0.237678 -4.27978
    endloop
  endfacet
  facet normal -0.370473 0.641678 0.671565
    outer loop
      vertex 20.9764 8.66784 -3.05685
      vertex 3.24664 -1.87445 -2.76445
      vertex 21.1089 8.43832 -2.76445
    endloop
  endfacet
  facet normal -0.370513 0.641743 0.67148
    outer loop
      vertex 3.24664 -1.87445 -2.76445
      vertex 20.9764 8.66784 -3.05685
      vertex 3.22471 -1.86179 -2.78865
    endloop
  endfacet
  facet normal -0.256607 0.444458 -0.85826
    outer loop
      vertex 2.33339 -1.34719 3.39217
      vertex 20.6447 9.24225 3.40119
      vertex 20.6523 9.22922 3.39217
    endloop
  endfacet
  facet normal -0.25705 0.445223 -0.857731
    outer loop
      vertex 20.6447 9.24225 3.40119
      vertex 2.33339 -1.34719 3.39217
      vertex 1.99721 -1.15309 3.59367
    endloop
  endfacet
  facet normal 0.297947 -0.516067 -0.803058
    outer loop
      vertex 0 3.07664 3.14664
      vertex 18.3118 13.283 3.38172
      vertex 0 3.05182 3.16259
    endloop
  endfacet
  facet normal 0.297847 -0.515885 -0.803212
    outer loop
      vertex 18.3118 13.283 3.38172
      vertex 0 3.07664 3.14664
      vertex 18.1533 13.5575 3.14664
    endloop
  endfacet
  facet normal -0.12148 0.210411 -0.970036
    outer loop
      vertex 1.2192 -0.703902 3.91915
      vertex 19.8953 10.5404 4.0193
      vertex 20.0952 10.1941 3.91915
    endloop
  endfacet
  facet normal -0.121491 0.210429 -0.970031
    outer loop
      vertex 19.8953 10.5404 4.0193
      vertex 1.2192 -0.703902 3.91915
      vertex 0.819379 -0.473069 4.0193
    endloop
  endfacet
  facet normal -0.0244532 0.0423541 -0.998803
    outer loop
      vertex 0.411672 -0.237678 4.07978
      vertex 19.6826 10.9087 4.08064
      vertex 19.6914 10.8935 4.07978
    endloop
  endfacet
  facet normal -0.024529 0.0424851 -0.998796
    outer loop
      vertex 19.6826 10.9087 4.08064
      vertex 0.411672 -0.237678 4.07978
      vertex 0 0 4.1
    endloop
  endfacet
  facet normal 0.494589 -0.856653 -0.146723
    outer loop
      vertex 17.3957 14.8698 0.311671
      vertex 0 4.75656 0.719378
      vertex 0 4.82639 0.311671
    endloop
  endfacet
  facet normal 0.494588 -0.856652 -0.146735
    outer loop
      vertex 0 4.75656 0.719378
      vertex 17.3957 14.8698 0.311671
      vertex 17.4259 14.8174 0.719378
    endloop
  endfacet
  facet normal 0.213313 -0.369431 0.904443
    outer loop
      vertex 0 2.26541 -3.81256
      vertex 18.6819 12.6419 -3.98029
      vertex 18.674 12.6557 -3.97279
    endloop
  endfacet
  facet normal 0.213776 -0.370272 0.90399
    outer loop
      vertex 18.6819 12.6419 -3.98029
      vertex 0 2.26541 -3.81256
      vertex 0 1.85591 -3.98029
    endloop
  endfacet
  facet normal 0.297518 -0.515285 0.803719
    outer loop
      vertex 0 3.05182 -3.36259
      vertex 18.3189 13.2708 -3.59217
      vertex 18.3118 13.283 -3.58172
    endloop
  endfacet
  facet normal 0.297845 -0.515882 0.803215
    outer loop
      vertex 18.3189 13.2708 -3.59217
      vertex 0 3.05182 -3.36259
      vertex 0 2.69437 -3.59217
    endloop
  endfacet
  facet normal 0.401604 -0.695599 0.595699
    outer loop
      vertex 0 3.7489 -2.76445
      vertex 17.857 14.0707 -2.75036
      vertex 0 4.00823 -2.46163
    endloop
  endfacet
  facet normal 0.402364 -0.696911 0.593648
    outer loop
      vertex 17.857 14.0707 -2.75036
      vertex 0 3.7489 -2.76445
      vertex 17.8622 14.0617 -2.76445
    endloop
  endfacet
  facet normal 0.485013 -0.840068 0.242999
    outer loop
      vertex 0 4.64091 -1.31919
      vertex 17.4259 14.8174 -0.919379
      vertex 0 4.75656 -0.919379
    endloop
  endfacet
  facet normal 0.48502 -0.840078 0.24295
    outer loop
      vertex 17.4259 14.8174 -0.919379
      vertex 0 4.64091 -1.31919
      vertex 17.476 14.7307 -1.31919
    endloop
  endfacet
  facet normal -0.494583 0.856645 0.146792
    outer loop
      vertex 21.5452 7.68258 -0.919379
      vertex 4.17978 -2.41319 -0.511671
      vertex 21.5755 7.63021 -0.511671
    endloop
  endfacet
  facet normal -0.49459 0.856653 0.146719
    outer loop
      vertex 4.17978 -2.41319 -0.511671
      vertex 21.5452 7.68258 -0.919379
      vertex 4.1193 -2.37828 -0.919379
    endloop
  endfacet
  facet normal -0.499397 0.864983 0.0490644
    outer loop
      vertex 21.5755 7.63021 -0.511671
      vertex 4.2 -2.42487 -0.0999994
      vertex 21.5856 7.61269 -0.0999994
    endloop
  endfacet
  facet normal -0.499397 0.864983 0.0490702
    outer loop
      vertex 4.2 -2.42487 -0.0999994
      vertex 21.5755 7.63021 -0.511671
      vertex 4.17978 -2.41319 -0.511671
    endloop
  endfacet
  facet normal -0.401596 0.695586 -0.595718
    outer loop
      vertex 3.49217 -2.01621 2.23339
      vertex 21.1089 8.43832 2.56445
      vertex 21.2317 8.22569 2.23339
    endloop
  endfacet
  facet normal -0.401602 0.695596 -0.595702
    outer loop
      vertex 21.1089 8.43832 2.56445
      vertex 3.49217 -2.01621 2.23339
      vertex 3.24664 -1.87445 2.56445
    endloop
  endfacet
  facet normal -0.428874 0.742831 -0.514072
    outer loop
      vertex 3.70407 -2.13855 1.87987
      vertex 21.2317 8.22569 2.23339
      vertex 21.3376 8.04218 1.87987
    endloop
  endfacet
  facet normal -0.428859 0.742808 -0.514116
    outer loop
      vertex 21.2317 8.22569 2.23339
      vertex 3.70407 -2.13855 1.87987
      vertex 3.49217 -2.01621 2.23339
    endloop
  endfacet
  facet normal -0.12148 0.210411 0.970036
    outer loop
      vertex 19.8953 10.5404 -4.2193
      vertex 1.2192 -0.703902 -4.11915
      vertex 20.0952 10.1941 -4.11915
    endloop
  endfacet
  facet normal -0.121491 0.210429 0.970031
    outer loop
      vertex 1.2192 -0.703902 -4.11915
      vertex 19.8953 10.5404 -4.2193
      vertex 0.819379 -0.473069 -4.2193
    endloop
  endfacet
  facet normal -0.256607 0.444458 0.85826
    outer loop
      vertex 20.6447 9.24225 -3.60119
      vertex 2.33339 -1.34719 -3.59217
      vertex 20.6523 9.22922 -3.59217
    endloop
  endfacet
  facet normal -0.25705 0.445223 0.857731
    outer loop
      vertex 2.33339 -1.34719 -3.59217
      vertex 20.6447 9.24225 -3.60119
      vertex 1.99721 -1.15309 -3.79367
    endloop
  endfacet
  facet normal -0.297846 0.515885 -0.803212
    outer loop
      vertex 2.66445 -1.53832 3.14664
      vertex 20.6593 9.21702 3.38172
      vertex 20.8178 8.94252 3.14664
    endloop
  endfacet
  facet normal -0.297976 0.516098 -0.803027
    outer loop
      vertex 20.6593 9.21702 3.38172
      vertex 2.66445 -1.53832 3.14664
      vertex 2.64296 -1.52591 3.16259
    endloop
  endfacet
  facet normal -0.335773 0.581576 -0.740963
    outer loop
      vertex 2.68459 -1.54995 3.12839
      vertex 20.8178 8.94252 3.14664
      vertex 20.964 8.68929 2.88163
    endloop
  endfacet
  facet normal -0.335724 0.58149 -0.741052
    outer loop
      vertex 20.8178 8.94252 3.14664
      vertex 2.68459 -1.54995 3.12839
      vertex 2.66445 -1.53832 3.14664
    endloop
  endfacet
  facet normal -0.213853 0.370403 -0.903918
    outer loop
      vertex 1.97987 -1.14308 3.60407
      vertex 20.4529 9.57459 3.62548
      vertex 20.4755 9.53539 3.60407
    endloop
  endfacet
  facet normal -0.213765 0.370252 -0.904001
    outer loop
      vertex 20.4529 9.57459 3.62548
      vertex 1.97987 -1.14308 3.60407
      vertex 20.2892 9.85806 3.78029
    endloop
  endfacet
  facet normal -0.21377 0.370261 -0.903996
    outer loop
      vertex 20.2892 9.85806 3.78029
      vertex 1.97987 -1.14308 3.60407
      vertex 1.60727 -0.927957 3.78029
    endloop
  endfacet
  facet normal 0.168429 -0.291728 0.941555
    outer loop
      vertex 0 1.85591 -3.98029
      vertex 18.7627 12.502 -4.03809
      vertex 18.6819 12.6419 -3.98029
    endloop
  endfacet
  facet normal 0.16849 -0.291836 0.941511
    outer loop
      vertex 0 1.85591 -3.98029
      vertex 18.876 12.3059 -4.11915
      vertex 18.7627 12.502 -4.03809
    endloop
  endfacet
  facet normal 0.16845 -0.291764 0.94154
    outer loop
      vertex 18.876 12.3059 -4.11915
      vertex 0 1.85591 -3.98029
      vertex 0 1.4078 -4.11915
    endloop
  endfacet
  facet normal 0.428861 -0.742808 0.514116
    outer loop
      vertex 0 4.03241 -2.43339
      vertex 17.6335 14.4578 -2.07987
      vertex 0 4.27709 -2.07987
    endloop
  endfacet
  facet normal 0.428851 -0.742793 0.514145
    outer loop
      vertex 17.6335 14.4578 -2.07987
      vertex 0 4.03241 -2.43339
      vertex 17.7395 14.2743 -2.43339
    endloop
  endfacet
  facet normal -0.470776 0.815407 0.33687
    outer loop
      vertex 21.4257 7.88957 -1.70727
      vertex 4.01915 -2.32046 -1.31919
      vertex 21.4951 7.76931 -1.31919
    endloop
  endfacet
  facet normal -0.470772 0.815399 0.336894
    outer loop
      vertex 4.01915 -2.32046 -1.31919
      vertex 21.4257 7.88957 -1.70727
      vertex 3.88029 -2.24029 -1.70727
    endloop
  endfacet
  facet normal -0.452001 0.782888 0.42753
    outer loop
      vertex 21.3376 8.04218 -2.07987
      vertex 3.88029 -2.24029 -1.70727
      vertex 21.4257 7.88957 -1.70727
    endloop
  endfacet
  facet normal -0.451998 0.782883 0.427541
    outer loop
      vertex 3.88029 -2.24029 -1.70727
      vertex 21.3376 8.04218 -2.07987
      vertex 3.70407 -2.13855 -2.07987
    endloop
  endfacet
  facet normal -0.499397 0.864983 -0.0490645
    outer loop
      vertex 4.2 -2.42487 -0.0999994
      vertex 21.5755 7.63021 0.311671
      vertex 21.5856 7.61269 -0.0999994
    endloop
  endfacet
  facet normal -0.499397 0.864983 -0.0490703
    outer loop
      vertex 21.5755 7.63021 0.311671
      vertex 4.2 -2.42487 -0.0999994
      vertex 4.17978 -2.41319 0.311671
    endloop
  endfacet
  facet normal -0.485012 0.840065 -0.243009
    outer loop
      vertex 4.1193 -2.37828 0.719378
      vertex 21.4951 7.76931 1.11919
      vertex 21.5452 7.68258 0.719378
    endloop
  endfacet
  facet normal -0.485016 0.840071 -0.242982
    outer loop
      vertex 21.4951 7.76931 1.11919
      vertex 4.1193 -2.37828 0.719378
      vertex 4.01915 -2.32046 1.11919
    endloop
  endfacet
  facet normal -0.4016 0.695593 0.595709
    outer loop
      vertex 21.1806 8.3142 -2.57119
      vertex 3.49217 -2.01621 -2.43339
      vertex 21.2317 8.22569 -2.43339
    endloop
  endfacet
  facet normal -0.401593 0.695582 0.595725
    outer loop
      vertex 21.1089 8.43832 -2.76445
      vertex 3.49217 -2.01621 -2.43339
      vertex 21.1806 8.3142 -2.57119
    endloop
  endfacet
  facet normal -0.401602 0.695596 0.595702
    outer loop
      vertex 3.49217 -2.01621 -2.43339
      vertex 21.1089 8.43832 -2.76445
      vertex 3.24664 -1.87445 -2.76445
    endloop
  endfacet
  facet normal -0.213776 0.37027 0.903991
    outer loop
      vertex 20.2892 9.85806 -3.98029
      vertex 1.97987 -1.14308 -3.80407
      vertex 20.4755 9.53539 -3.80407
    endloop
  endfacet
  facet normal -0.21377 0.370261 0.903996
    outer loop
      vertex 1.97987 -1.14308 -3.80407
      vertex 20.2892 9.85806 -3.98029
      vertex 1.60727 -0.927957 -3.98029
    endloop
  endfacet
  facet normal 0.335231 -0.580632 0.741948
    outer loop
      vertex 0 3.42928 -3.06985
      vertex 18.0071 13.8107 -3.08163
      vertex 18.0006 13.822 -3.06985
    endloop
  endfacet
  facet normal 0.335782 -0.581591 0.740947
    outer loop
      vertex 18.0071 13.8107 -3.08163
      vertex 0 3.42928 -3.06985
      vertex 0 3.0999 -3.32839
    endloop
  endfacet
  facet normal 0.297845 -0.515882 -0.803215
    outer loop
      vertex 0 3.05182 3.16259
      vertex 18.3189 13.2708 3.39217
      vertex 0 2.69437 3.39217
    endloop
  endfacet
  facet normal 0.297518 -0.515285 -0.803719
    outer loop
      vertex 18.3189 13.2708 3.39217
      vertex 0 3.05182 3.16259
      vertex 18.3118 13.283 3.38172
    endloop
  endfacet
  facet normal 0.401629 -0.695642 -0.595631
    outer loop
      vertex 17.7395 14.2743 2.23339
      vertex 0 4.00823 2.26163
      vertex 0 4.03241 2.23339
    endloop
  endfacet
  facet normal 0.401608 -0.695607 -0.595686
    outer loop
      vertex 0 4.00823 2.26163
      vertex 17.7395 14.2743 2.23339
      vertex 17.857 14.0707 2.55036
    endloop
  endfacet
  facet normal 0.257105 -0.445318 -0.857665
    outer loop
      vertex 0 2.30618 3.59367
      vertex 18.4956 12.9646 3.60407
      vertex 0 2.28615 3.60407
    endloop
  endfacet
  facet normal 0.257033 -0.445193 -0.857751
    outer loop
      vertex 18.4956 12.9646 3.60407
      vertex 0 2.30618 3.59367
      vertex 18.3264 13.2578 3.40119
    endloop
  endfacet
  facet normal 0.0245287 -0.0424852 -0.998796
    outer loop
      vertex 0 0.475357 4.07978
      vertex 19.2885 11.5913 4.08064
      vertex 0 0 4.1
    endloop
  endfacet
  facet normal 0.0244532 -0.0423541 -0.998803
    outer loop
      vertex 19.2885 11.5913 4.08064
      vertex 0 0.475357 4.07978
      vertex 19.2797 11.6065 4.07978
    endloop
  endfacet
  facet normal 0.121493 -0.210432 -0.97003
    outer loop
      vertex 0 1.4078 3.91915
      vertex 19.0759 11.9596 4.0193
      vertex 0 0.946137 4.0193
    endloop
  endfacet
  facet normal 0.121498 -0.210442 -0.970027
    outer loop
      vertex 19.0759 11.9596 4.0193
      vertex 0 1.4078 3.91915
      vertex 18.9213 12.2273 3.94186
    endloop
  endfacet
  facet normal 0.12142 -0.210304 -0.970067
    outer loop
      vertex 18.9213 12.2273 3.94186
      vertex 0 1.4078 3.91915
      vertex 18.876 12.3059 3.91915
    endloop
  endfacet
  facet normal 0.16845 -0.291764 -0.94154
    outer loop
      vertex 0 1.85591 3.78029
      vertex 18.876 12.3059 3.91915
      vertex 0 1.4078 3.91915
    endloop
  endfacet
  facet normal 0.168465 -0.291791 -0.941529
    outer loop
      vertex 18.876 12.3059 3.91915
      vertex 0 1.85591 3.78029
      vertex 18.6819 12.6419 3.78029
    endloop
  endfacet
  facet normal -0.168471 0.291801 -0.941525
    outer loop
      vertex 1.60727 -0.927957 3.78029
      vertex 20.0952 10.1941 3.91915
      vertex 20.2892 9.85806 3.78029
    endloop
  endfacet
  facet normal -0.16845 0.291766 -0.94154
    outer loop
      vertex 20.0952 10.1941 3.91915
      vertex 1.60727 -0.927957 3.78029
      vertex 1.2192 -0.703902 3.91915
    endloop
  endfacet
  facet normal -0.0733615 0.127066 -0.989178
    outer loop
      vertex 0.819379 -0.473069 4.0193
      vertex 19.6914 10.8935 4.07978
      vertex 19.8953 10.5404 4.0193
    endloop
  endfacet
  facet normal -0.0733679 0.127077 -0.989176
    outer loop
      vertex 19.6914 10.8935 4.07978
      vertex 0.819379 -0.473069 4.0193
      vertex 0.411672 -0.237678 4.07978
    endloop
  endfacet
  facet normal 0.451999 -0.782888 -0.427531
    outer loop
      vertex 17.5492 14.6039 1.52312
      vertex 0 4.27709 1.87987
      vertex 0 4.29569 1.84581
    endloop
  endfacet
  facet normal 0.452021 -0.782923 -0.427444
    outer loop
      vertex 0 4.27709 1.87987
      vertex 17.5492 14.6039 1.52312
      vertex 17.6335 14.4578 1.87987
    endloop
  endfacet
  facet normal 0.451993 -0.782876 -0.42756
    outer loop
      vertex 17.5454 14.6104 1.50727
      vertex 0 4.29569 1.84581
      vertex 0 4.48058 1.50727
    endloop
  endfacet
  facet normal 0.451607 -0.782269 -0.429076
    outer loop
      vertex 0 4.29569 1.84581
      vertex 17.5454 14.6104 1.50727
      vertex 17.5492 14.6039 1.52312
    endloop
  endfacet
  facet normal -0.470776 0.815407 -0.33687
    outer loop
      vertex 4.01915 -2.32046 1.11919
      vertex 21.4257 7.88957 1.50727
      vertex 21.4951 7.76931 1.11919
    endloop
  endfacet
  facet normal -0.470772 0.815399 -0.336894
    outer loop
      vertex 21.4257 7.88957 1.50727
      vertex 4.01915 -2.32046 1.11919
      vertex 3.88029 -2.24029 1.50727
    endloop
  endfacet
  facet normal -0.335773 0.581576 0.740963
    outer loop
      vertex 20.8178 8.94252 -3.34664
      vertex 2.68459 -1.54995 -3.32839
      vertex 20.964 8.68929 -3.08163
    endloop
  endfacet
  facet normal -0.335724 0.58149 0.741052
    outer loop
      vertex 2.68459 -1.54995 -3.32839
      vertex 20.8178 8.94252 -3.34664
      vertex 2.66445 -1.53832 -3.34664
    endloop
  endfacet
  facet normal -0.428874 0.742831 0.514072
    outer loop
      vertex 21.2317 8.22569 -2.43339
      vertex 3.70407 -2.13855 -2.07987
      vertex 21.3376 8.04218 -2.07987
    endloop
  endfacet
  facet normal -0.428859 0.742808 0.514116
    outer loop
      vertex 3.70407 -2.13855 -2.07987
      vertex 21.2317 8.22569 -2.43339
      vertex 3.49217 -2.01621 -2.43339
    endloop
  endfacet
  facet normal 0.257563 -0.446112 0.857115
    outer loop
      vertex 0 2.69437 -3.59217
      vertex 18.3264 13.2578 -3.60119
      vertex 18.3189 13.2708 -3.59217
    endloop
  endfacet
  facet normal 0.257053 -0.445226 0.857728
    outer loop
      vertex 18.3264 13.2578 -3.60119
      vertex 0 2.69437 -3.59217
      vertex 0 2.30618 -3.79367
    endloop
  endfacet
  facet normal 0.370477 -0.641681 -0.671559
    outer loop
      vertex 0 3.7489 2.56445
      vertex 18.0006 13.822 2.86985
      vertex 0 3.42928 2.86985
    endloop
  endfacet
  facet normal 0.370484 -0.641694 -0.671543
    outer loop
      vertex 18.0006 13.822 2.86985
      vertex 0 3.7489 2.56445
      vertex 17.8622 14.0617 2.56445
    endloop
  endfacet
  facet normal 0.335708 -0.58146 -0.741083
    outer loop
      vertex 0 3.0999 3.12839
      vertex 18.1533 13.5575 3.14664
      vertex 0 3.07664 3.14664
    endloop
  endfacet
  facet normal 0.33579 -0.581604 -0.740933
    outer loop
      vertex 18.1533 13.5575 3.14664
      vertex 0 3.0999 3.12839
      vertex 18.0071 13.8107 2.88163
    endloop
  endfacet
  facet normal 0.257053 -0.445226 -0.857728
    outer loop
      vertex 0 2.69437 3.39217
      vertex 18.3264 13.2578 3.40119
      vertex 0 2.30618 3.59367
    endloop
  endfacet
  facet normal 0.257563 -0.446112 -0.857115
    outer loop
      vertex 18.3264 13.2578 3.40119
      vertex 0 2.69437 3.39217
      vertex 18.3189 13.2708 3.39217
    endloop
  endfacet
  facet normal 0.073368 -0.127077 -0.989176
    outer loop
      vertex 0 0.946137 4.0193
      vertex 19.2797 11.6065 4.07978
      vertex 0 0.475357 4.07978
    endloop
  endfacet
  facet normal 0.0733704 -0.127081 -0.989175
    outer loop
      vertex 19.2797 11.6065 4.07978
      vertex 0 0.946137 4.0193
      vertex 19.0759 11.9596 4.0193
    endloop
  endfacet
  facet normal -0.335842 0.581696 -0.740837
    outer loop
      vertex 2.96985 -1.71464 2.86985
      vertex 20.964 8.68929 2.88163
      vertex 20.9705 8.67804 2.86985
    endloop
  endfacet
  facet normal -0.335779 0.581586 -0.740952
    outer loop
      vertex 20.964 8.68929 2.88163
      vertex 2.96985 -1.71464 2.86985
      vertex 2.68459 -1.54995 3.12839
    endloop
  endfacet
  facet normal -0.335842 0.581696 0.740837
    outer loop
      vertex 20.964 8.68929 -3.08163
      vertex 2.96985 -1.71464 -3.06985
      vertex 20.9705 8.67804 -3.06985
    endloop
  endfacet
  facet normal -0.335779 0.581586 0.740952
    outer loop
      vertex 2.96985 -1.71464 -3.06985
      vertex 20.964 8.68929 -3.08163
      vertex 2.68459 -1.54995 -3.32839
    endloop
  endfacet
  facet normal -0.370462 0.64166 0.671589
    outer loop
      vertex 20.9705 8.67804 -3.06985
      vertex 3.22471 -1.86179 -2.78865
      vertex 20.9764 8.66784 -3.05685
    endloop
  endfacet
  facet normal -0.370475 0.641682 0.67156
    outer loop
      vertex 3.22471 -1.86179 -2.78865
      vertex 20.9705 8.67804 -3.06985
      vertex 2.96985 -1.71464 -3.06985
    endloop
  endfacet
  facet normal 0.335782 -0.581591 -0.740947
    outer loop
      vertex 0 3.42928 2.86985
      vertex 18.0071 13.8107 2.88163
      vertex 0 3.0999 3.12839
    endloop
  endfacet
  facet normal 0.335231 -0.580632 -0.741948
    outer loop
      vertex 18.0071 13.8107 2.88163
      vertex 0 3.42928 2.86985
      vertex 18.0006 13.822 2.86985
    endloop
  endfacet
  facet normal 0.213678 -0.370092 -0.904087
    outer loop
      vertex 0 2.28615 3.60407
      vertex 18.674 12.6557 3.77279
      vertex 0 2.26541 3.61256
    endloop
  endfacet
  facet normal 0.213784 -0.370285 -0.903983
    outer loop
      vertex 18.674 12.6557 3.77279
      vertex 0 2.28615 3.60407
      vertex 18.4956 12.9646 3.60407
    endloop
  endfacet
  facet normal 0.213776 -0.370272 -0.90399
    outer loop
      vertex 0 2.26541 3.61256
      vertex 18.6819 12.6419 3.78029
      vertex 0 1.85591 3.78029
    endloop
  endfacet
  facet normal 0.213313 -0.369431 -0.904443
    outer loop
      vertex 18.6819 12.6419 3.78029
      vertex 0 2.26541 3.61256
      vertex 18.674 12.6557 3.77279
    endloop
  endfacet
  facet normal -0.402364 -0.696911 -0.593648
    outer loop
      vertex -17.857 14.0707 2.55036
      vertex 0 3.7489 2.56445
      vertex -17.8622 14.0617 2.56445
    endloop
  endfacet
  facet normal -0.401604 -0.695599 -0.595699
    outer loop
      vertex 0 3.7489 2.56445
      vertex -17.857 14.0707 2.55036
      vertex 0 4.00823 2.26163
    endloop
  endfacet
  facet normal 0.297976 0.516098 -0.803027
    outer loop
      vertex -2.66445 -1.53832 3.14664
      vertex -20.6593 9.21702 3.38172
      vertex -2.64296 -1.52591 3.16259
    endloop
  endfacet
  facet normal 0.297846 0.515885 -0.803212
    outer loop
      vertex -20.6593 9.21702 3.38172
      vertex -2.66445 -1.53832 3.14664
      vertex -20.8178 8.94252 3.14664
    endloop
  endfacet
  facet normal -0.16845 -0.291764 -0.94154
    outer loop
      vertex -18.876 12.3059 3.91915
      vertex 0 1.85591 3.78029
      vertex 0 1.4078 3.91915
    endloop
  endfacet
  facet normal -0.168465 -0.291791 -0.941529
    outer loop
      vertex 0 1.85591 3.78029
      vertex -18.876 12.3059 3.91915
      vertex -18.6819 12.6419 3.78029
    endloop
  endfacet
  facet normal 0.49459 0.856653 -0.146719
    outer loop
      vertex -4.17978 -2.41319 0.311671
      vertex -21.5452 7.68258 0.719378
      vertex -4.1193 -2.37828 0.719378
    endloop
  endfacet
  facet normal 0.494583 0.856645 -0.146793
    outer loop
      vertex -21.5452 7.68258 0.719378
      vertex -4.17978 -2.41319 0.311671
      vertex -21.5755 7.63021 0.311671
    endloop
  endfacet
  facet normal -0.48502 -0.840078 0.24295
    outer loop
      vertex 0 4.64091 -1.31919
      vertex -17.4259 14.8174 -0.919379
      vertex -17.476 14.7307 -1.31919
    endloop
  endfacet
  facet normal -0.485013 -0.840068 0.242999
    outer loop
      vertex -17.4259 14.8174 -0.919379
      vertex 0 4.64091 -1.31919
      vertex 0 4.75656 -0.919379
    endloop
  endfacet
  facet normal 0.499397 0.864983 -0.0490703
    outer loop
      vertex -4.2 -2.42487 -0.0999994
      vertex -21.5755 7.63021 0.311671
      vertex -4.17978 -2.41319 0.311671
    endloop
  endfacet
  facet normal 0.499397 0.864983 -0.0490645
    outer loop
      vertex -21.5755 7.63021 0.311671
      vertex -4.2 -2.42487 -0.0999994
      vertex -21.5856 7.61269 -0.0999994
    endloop
  endfacet
  facet normal 0.0733679 0.127077 -0.989176
    outer loop
      vertex -0.819379 -0.473069 4.0193
      vertex -19.6914 10.8935 4.07978
      vertex -0.411672 -0.237678 4.07978
    endloop
  endfacet
  facet normal 0.0733615 0.127066 -0.989178
    outer loop
      vertex -19.6914 10.8935 4.07978
      vertex -0.819379 -0.473069 4.0193
      vertex -19.8953 10.5404 4.0193
    endloop
  endfacet
  facet normal 0.25705 0.445223 -0.857731
    outer loop
      vertex -2.33339 -1.34719 3.39217
      vertex -20.6447 9.24225 3.40119
      vertex -1.99721 -1.15309 3.59367
    endloop
  endfacet
  facet normal 0.256607 0.444458 -0.85826
    outer loop
      vertex -20.6447 9.24225 3.40119
      vertex -2.33339 -1.34719 3.39217
      vertex -20.6523 9.22922 3.39217
    endloop
  endfacet
  facet normal -0.452021 -0.782923 -0.427444
    outer loop
      vertex -17.5492 14.6039 1.52312
      vertex 0 4.27709 1.87987
      vertex -17.6335 14.4578 1.87987
    endloop
  endfacet
  facet normal -0.451999 -0.782888 -0.427531
    outer loop
      vertex 0 4.27709 1.87987
      vertex -17.5492 14.6039 1.52312
      vertex 0 4.29569 1.84581
    endloop
  endfacet
  facet normal 0.21377 0.370261 -0.903996
    outer loop
      vertex -1.97987 -1.14308 3.60407
      vertex -20.2892 9.85806 3.78029
      vertex -1.60727 -0.927957 3.78029
    endloop
  endfacet
  facet normal 0.213765 0.370252 -0.904001
    outer loop
      vertex -1.97987 -1.14308 3.60407
      vertex -20.4529 9.57459 3.62548
      vertex -20.2892 9.85806 3.78029
    endloop
  endfacet
  facet normal 0.213853 0.370403 -0.903918
    outer loop
      vertex -20.4529 9.57459 3.62548
      vertex -1.97987 -1.14308 3.60407
      vertex -20.4755 9.53539 3.60407
    endloop
  endfacet
  facet normal -0.48502 -0.840078 -0.24295
    outer loop
      vertex -17.4259 14.8174 0.719378
      vertex 0 4.64091 1.11919
      vertex -17.476 14.7307 1.11919
    endloop
  endfacet
  facet normal -0.485013 -0.840068 -0.242999
    outer loop
      vertex 0 4.64091 1.11919
      vertex -17.4259 14.8174 0.719378
      vertex 0 4.75656 0.719378
    endloop
  endfacet
  facet normal -0.297845 -0.515882 -0.803215
    outer loop
      vertex -18.3189 13.2708 3.39217
      vertex 0 3.05182 3.16259
      vertex 0 2.69437 3.39217
    endloop
  endfacet
  facet normal -0.297518 -0.515285 -0.803719
    outer loop
      vertex 0 3.05182 3.16259
      vertex -18.3189 13.2708 3.39217
      vertex -18.3118 13.283 3.38172
    endloop
  endfacet
  facet normal 0.370513 0.641743 -0.67148
    outer loop
      vertex -3.24664 -1.87445 2.56445
      vertex -20.9764 8.66784 2.85685
      vertex -3.22471 -1.86179 2.58865
    endloop
  endfacet
  facet normal 0.370482 0.641694 -0.671544
    outer loop
      vertex -3.24664 -1.87445 2.56445
      vertex -21.0775 8.49269 2.63371
      vertex -20.9764 8.66784 2.85685
    endloop
  endfacet
  facet normal 0.370443 0.641626 -0.671631
    outer loop
      vertex -21.0775 8.49269 2.63371
      vertex -3.24664 -1.87445 2.56445
      vertex -21.1089 8.43832 2.56445
    endloop
  endfacet
  facet normal 0.49459 0.856653 0.146719
    outer loop
      vertex -21.5452 7.68258 -0.919379
      vertex -4.17978 -2.41319 -0.511671
      vertex -4.1193 -2.37828 -0.919379
    endloop
  endfacet
  facet normal 0.494583 0.856645 0.146792
    outer loop
      vertex -4.17978 -2.41319 -0.511671
      vertex -21.5452 7.68258 -0.919379
      vertex -21.5755 7.63021 -0.511671
    endloop
  endfacet
  facet normal 0.335724 0.58149 -0.741052
    outer loop
      vertex -2.68459 -1.54995 3.12839
      vertex -20.8178 8.94252 3.14664
      vertex -2.66445 -1.53832 3.14664
    endloop
  endfacet
  facet normal 0.335773 0.581576 -0.740963
    outer loop
      vertex -20.8178 8.94252 3.14664
      vertex -2.68459 -1.54995 3.12839
      vertex -20.964 8.68929 2.88163
    endloop
  endfacet
  facet normal 0.335779 0.581586 0.740952
    outer loop
      vertex -20.964 8.68929 -3.08163
      vertex -2.96985 -1.71464 -3.06985
      vertex -2.68459 -1.54995 -3.32839
    endloop
  endfacet
  facet normal 0.335842 0.581696 0.740837
    outer loop
      vertex -2.96985 -1.71464 -3.06985
      vertex -20.964 8.68929 -3.08163
      vertex -20.9705 8.67804 -3.06985
    endloop
  endfacet
  facet normal -0.121484 -0.210415 0.970035
    outer loop
      vertex -19.0247 12.0483 -4.19365
      vertex 0 1.4078 -4.11915
      vertex -18.876 12.3059 -4.11915
    endloop
  endfacet
  facet normal -0.121473 -0.210396 0.97004
    outer loop
      vertex -19.0759 11.9596 -4.2193
      vertex 0 1.4078 -4.11915
      vertex -19.0247 12.0483 -4.19365
    endloop
  endfacet
  facet normal -0.121493 -0.210432 0.97003
    outer loop
      vertex 0 1.4078 -4.11915
      vertex -19.0759 11.9596 -4.2193
      vertex 0 0.946137 -4.2193
    endloop
  endfacet
  facet normal -0.297518 -0.515285 0.803719
    outer loop
      vertex -18.3189 13.2708 -3.59217
      vertex 0 3.05182 -3.36259
      vertex -18.3118 13.283 -3.58172
    endloop
  endfacet
  facet normal -0.297845 -0.515882 0.803215
    outer loop
      vertex 0 3.05182 -3.36259
      vertex -18.3189 13.2708 -3.59217
      vertex 0 2.69437 -3.59217
    endloop
  endfacet
  facet normal -0.073368 -0.127077 -0.989176
    outer loop
      vertex -19.2797 11.6065 4.07978
      vertex 0 0.946137 4.0193
      vertex 0 0.475357 4.07978
    endloop
  endfacet
  facet normal -0.0733704 -0.127081 -0.989175
    outer loop
      vertex 0 0.946137 4.0193
      vertex -19.2797 11.6065 4.07978
      vertex -19.0759 11.9596 4.0193
    endloop
  endfacet
  facet normal -0.0244794 -0.0424031 -0.998801
    outer loop
      vertex 0 0 4.1
      vertex -19.3047 11.5632 4.08223
      vertex -19.2885 11.5913 4.08064
    endloop
  endfacet
  facet normal -0.0245357 -0.0424971 -0.998795
    outer loop
      vertex -19.3047 11.5632 4.08223
      vertex 0 0 4.1
      vertex -19.4856 11.25 4.1
    endloop
  endfacet
  facet normal 0.485016 0.840071 -0.242982
    outer loop
      vertex -4.1193 -2.37828 0.719378
      vertex -21.4951 7.76931 1.11919
      vertex -4.01915 -2.32046 1.11919
    endloop
  endfacet
  facet normal 0.485012 0.840065 -0.243009
    outer loop
      vertex -21.4951 7.76931 1.11919
      vertex -4.1193 -2.37828 0.719378
      vertex -21.5452 7.68258 0.719378
    endloop
  endfacet
  facet normal 0.370513 0.641743 0.67148
    outer loop
      vertex -20.9764 8.66784 -3.05685
      vertex -3.24664 -1.87445 -2.76445
      vertex -3.22471 -1.86179 -2.78865
    endloop
  endfacet
  facet normal 0.370473 0.641678 0.671565
    outer loop
      vertex -3.24664 -1.87445 -2.76445
      vertex -20.9764 8.66784 -3.05685
      vertex -21.1089 8.43832 -2.76445
    endloop
  endfacet
  facet normal 0.370475 0.641682 0.67156
    outer loop
      vertex -20.9705 8.67804 -3.06985
      vertex -3.22471 -1.86179 -2.78865
      vertex -2.96985 -1.71464 -3.06985
    endloop
  endfacet
  facet normal 0.370462 0.64166 0.671589
    outer loop
      vertex -3.22471 -1.86179 -2.78865
      vertex -20.9705 8.67804 -3.06985
      vertex -20.9764 8.66784 -3.05685
    endloop
  endfacet
  facet normal 0.499397 0.864983 0.0490702
    outer loop
      vertex -21.5755 7.63021 -0.511671
      vertex -4.2 -2.42487 -0.0999994
      vertex -4.17978 -2.41319 -0.511671
    endloop
  endfacet
  facet normal 0.499397 0.864983 0.0490644
    outer loop
      vertex -4.2 -2.42487 -0.0999994
      vertex -21.5755 7.63021 -0.511671
      vertex -21.5856 7.61269 -0.0999994
    endloop
  endfacet
  facet normal -0.428851 -0.742793 0.514145
    outer loop
      vertex 0 4.03241 -2.43339
      vertex -17.6335 14.4578 -2.07987
      vertex -17.7395 14.2743 -2.43339
    endloop
  endfacet
  facet normal -0.428861 -0.742808 0.514116
    outer loop
      vertex -17.6335 14.4578 -2.07987
      vertex 0 4.03241 -2.43339
      vertex 0 4.27709 -2.07987
    endloop
  endfacet
  facet normal -0.452021 -0.782923 0.427444
    outer loop
      vertex 0 4.27709 -2.07987
      vertex -17.5492 14.6039 -1.72312
      vertex -17.6335 14.4578 -2.07987
    endloop
  endfacet
  facet normal -0.451999 -0.782888 0.427531
    outer loop
      vertex -17.5492 14.6039 -1.72312
      vertex 0 4.27709 -2.07987
      vertex 0 4.29569 -2.04581
    endloop
  endfacet
  facet normal -0.494588 -0.856652 0.146735
    outer loop
      vertex 0 4.75656 -0.919379
      vertex -17.3957 14.8698 -0.511671
      vertex -17.4259 14.8174 -0.919379
    endloop
  endfacet
  facet normal -0.494589 -0.856653 0.146723
    outer loop
      vertex -17.3957 14.8698 -0.511671
      vertex 0 4.75656 -0.919379
      vertex 0 4.82639 -0.511671
    endloop
  endfacet
  facet normal -0.428851 -0.742793 -0.514145
    outer loop
      vertex -17.6335 14.4578 1.87987
      vertex 0 4.03241 2.23339
      vertex -17.7395 14.2743 2.23339
    endloop
  endfacet
  facet normal -0.428861 -0.742808 -0.514116
    outer loop
      vertex 0 4.03241 2.23339
      vertex -17.6335 14.4578 1.87987
      vertex 0 4.27709 1.87987
    endloop
  endfacet
  facet normal 0.297844 0.515882 0.803215
    outer loop
      vertex -20.6523 9.22922 -3.59217
      vertex -2.64296 -1.52591 -3.36259
      vertex -2.33339 -1.34719 -3.59217
    endloop
  endfacet
  facet normal 0.2982 0.516467 0.802707
    outer loop
      vertex -2.64296 -1.52591 -3.36259
      vertex -20.6523 9.22922 -3.59217
      vertex -20.6593 9.21702 -3.58172
    endloop
  endfacet
  facet normal -0.0733704 -0.127081 0.989175
    outer loop
      vertex -19.2797 11.6065 -4.27978
      vertex 0 0.946137 -4.2193
      vertex -19.0759 11.9596 -4.2193
    endloop
  endfacet
  facet normal -0.073368 -0.127077 0.989176
    outer loop
      vertex 0 0.946137 -4.2193
      vertex -19.2797 11.6065 -4.27978
      vertex 0 0.475357 -4.27978
    endloop
  endfacet
  facet normal 0.0245343 0.0424947 0.998795
    outer loop
      vertex 0 0 -4.3
      vertex -19.4856 11.25 -4.3
      vertex -19.6826 10.9087 -4.28064
    endloop
  endfacet
  facet normal -0.335708 -0.58146 -0.741083
    outer loop
      vertex -18.1533 13.5575 3.14664
      vertex 0 3.0999 3.12839
      vertex 0 3.07664 3.14664
    endloop
  endfacet
  facet normal -0.33579 -0.581604 -0.740933
    outer loop
      vertex 0 3.0999 3.12839
      vertex -18.1533 13.5575 3.14664
      vertex -18.0071 13.8107 2.88163
    endloop
  endfacet
  facet normal -0.401608 -0.695607 -0.595686
    outer loop
      vertex -17.7395 14.2743 2.23339
      vertex 0 4.00823 2.26163
      vertex -17.857 14.0707 2.55036
    endloop
  endfacet
  facet normal -0.401629 -0.695642 -0.595631
    outer loop
      vertex 0 4.00823 2.26163
      vertex -17.7395 14.2743 2.23339
      vertex 0 4.03241 2.23339
    endloop
  endfacet
  facet normal -0.0245287 -0.0424852 -0.998796
    outer loop
      vertex -19.2885 11.5913 4.08064
      vertex 0 0.475357 4.07978
      vertex 0 0 4.1
    endloop
  endfacet
  facet normal -0.0244532 -0.0423541 -0.998803
    outer loop
      vertex 0 0.475357 4.07978
      vertex -19.2885 11.5913 4.08064
      vertex -19.2797 11.6065 4.07978
    endloop
  endfacet
  facet normal 0.428859 0.742808 -0.514116
    outer loop
      vertex -3.70407 -2.13855 1.87987
      vertex -21.2317 8.22569 2.23339
      vertex -3.49217 -2.01621 2.23339
    endloop
  endfacet
  facet normal 0.428874 0.742831 -0.514072
    outer loop
      vertex -21.2317 8.22569 2.23339
      vertex -3.70407 -2.13855 1.87987
      vertex -21.3376 8.04218 1.87987
    endloop
  endfacet
  facet normal 0.451998 0.782883 -0.427541
    outer loop
      vertex -3.88029 -2.24029 1.50727
      vertex -21.3376 8.04218 1.87987
      vertex -3.70407 -2.13855 1.87987
    endloop
  endfacet
  facet normal 0.452001 0.782888 -0.42753
    outer loop
      vertex -21.3376 8.04218 1.87987
      vertex -3.88029 -2.24029 1.50727
      vertex -21.4257 7.88957 1.50727
    endloop
  endfacet
  facet normal 0.470772 0.815399 0.336894
    outer loop
      vertex -21.4257 7.88957 -1.70727
      vertex -4.01915 -2.32046 -1.31919
      vertex -3.88029 -2.24029 -1.70727
    endloop
  endfacet
  facet normal 0.470776 0.815407 0.33687
    outer loop
      vertex -4.01915 -2.32046 -1.31919
      vertex -21.4257 7.88957 -1.70727
      vertex -21.4951 7.76931 -1.31919
    endloop
  endfacet
  facet normal 0.485016 0.840071 0.242983
    outer loop
      vertex -21.4951 7.76931 -1.31919
      vertex -4.1193 -2.37828 -0.919379
      vertex -4.01915 -2.32046 -1.31919
    endloop
  endfacet
  facet normal 0.485012 0.840065 0.24301
    outer loop
      vertex -4.1193 -2.37828 -0.919379
      vertex -21.4951 7.76931 -1.31919
      vertex -21.5452 7.68258 -0.919379
    endloop
  endfacet
  facet normal -0.451607 -0.782269 0.429076
    outer loop
      vertex 0 4.29569 -2.04581
      vertex -17.5454 14.6104 -1.70727
      vertex -17.5492 14.6039 -1.72312
    endloop
  endfacet
  facet normal -0.451993 -0.782876 0.42756
    outer loop
      vertex -17.5454 14.6104 -1.70727
      vertex 0 4.29569 -2.04581
      vertex 0 4.48058 -1.70727
    endloop
  endfacet
  facet normal -0.33579 -0.581604 0.740933
    outer loop
      vertex -18.1533 13.5575 -3.34664
      vertex 0 3.0999 -3.32839
      vertex -18.0071 13.8107 -3.08163
    endloop
  endfacet
  facet normal -0.335708 -0.58146 0.741083
    outer loop
      vertex 0 3.0999 -3.32839
      vertex -18.1533 13.5575 -3.34664
      vertex 0 3.07664 -3.34664
    endloop
  endfacet
  facet normal -0.494588 -0.856652 -0.146735
    outer loop
      vertex -17.3957 14.8698 0.311671
      vertex 0 4.75656 0.719378
      vertex -17.4259 14.8174 0.719378
    endloop
  endfacet
  facet normal -0.494589 -0.856653 -0.146723
    outer loop
      vertex 0 4.75656 0.719378
      vertex -17.3957 14.8698 0.311671
      vertex 0 4.82639 0.311671
    endloop
  endfacet
  facet normal 0.4016 0.695593 0.595709
    outer loop
      vertex -3.49217 -2.01621 -2.43339
      vertex -21.1806 8.3142 -2.57119
      vertex -21.2317 8.22569 -2.43339
    endloop
  endfacet
  facet normal 0.401602 0.695596 0.595702
    outer loop
      vertex -21.1089 8.43832 -2.76445
      vertex -3.49217 -2.01621 -2.43339
      vertex -3.24664 -1.87445 -2.76445
    endloop
  endfacet
  facet normal 0.401593 0.695582 0.595725
    outer loop
      vertex -3.49217 -2.01621 -2.43339
      vertex -21.1089 8.43832 -2.76445
      vertex -21.1806 8.3142 -2.57119
    endloop
  endfacet
  facet normal 0.25705 0.445223 0.857731
    outer loop
      vertex -20.6447 9.24225 -3.60119
      vertex -2.33339 -1.34719 -3.59217
      vertex -1.99721 -1.15309 -3.79367
    endloop
  endfacet
  facet normal 0.256607 0.444458 0.85826
    outer loop
      vertex -2.33339 -1.34719 -3.59217
      vertex -20.6447 9.24225 -3.60119
      vertex -20.6523 9.22922 -3.59217
    endloop
  endfacet
  facet normal 0.335724 0.58149 0.741052
    outer loop
      vertex -20.8178 8.94252 -3.34664
      vertex -2.68459 -1.54995 -3.32839
      vertex -2.66445 -1.53832 -3.34664
    endloop
  endfacet
  facet normal 0.335773 0.581576 0.740963
    outer loop
      vertex -2.68459 -1.54995 -3.32839
      vertex -20.8178 8.94252 -3.34664
      vertex -20.964 8.68929 -3.08163
    endloop
  endfacet
  facet normal -0.401629 -0.695642 0.595631
    outer loop
      vertex -17.7395 14.2743 -2.43339
      vertex 0 4.00823 -2.46163
      vertex 0 4.03241 -2.43339
    endloop
  endfacet
  facet normal -0.401608 -0.695607 0.595686
    outer loop
      vertex 0 4.00823 -2.46163
      vertex -17.7395 14.2743 -2.43339
      vertex -17.857 14.0707 -2.75036
    endloop
  endfacet
  facet normal -0.257105 -0.445318 -0.857665
    outer loop
      vertex -18.4956 12.9646 3.60407
      vertex 0 2.30618 3.59367
      vertex 0 2.28615 3.60407
    endloop
  endfacet
  facet normal -0.257033 -0.445193 -0.857751
    outer loop
      vertex 0 2.30618 3.59367
      vertex -18.4956 12.9646 3.60407
      vertex -18.3264 13.2578 3.40119
    endloop
  endfacet
  facet normal 0.024529 0.0424851 -0.998796
    outer loop
      vertex -0.411672 -0.237678 4.07978
      vertex -19.6826 10.9087 4.08064
      vertex 0 0 4.1
    endloop
  endfacet
  facet normal 0.0244532 0.0423541 -0.998803
    outer loop
      vertex -19.6826 10.9087 4.08064
      vertex -0.411672 -0.237678 4.07978
      vertex -19.6914 10.8935 4.07978
    endloop
  endfacet
  facet normal 0.0245343 0.0424947 -0.998795
    outer loop
      vertex -19.4856 11.25 4.1
      vertex 0 0 4.1
      vertex -19.6826 10.9087 4.08064
    endloop
  endfacet
  facet normal 0.121491 0.210429 -0.970031
    outer loop
      vertex -1.2192 -0.703902 3.91915
      vertex -19.8953 10.5404 4.0193
      vertex -0.819379 -0.473069 4.0193
    endloop
  endfacet
  facet normal 0.12148 0.210411 -0.970036
    outer loop
      vertex -19.8953 10.5404 4.0193
      vertex -1.2192 -0.703902 3.91915
      vertex -20.0952 10.1941 3.91915
    endloop
  endfacet
  facet normal 0.470772 0.815399 -0.336894
    outer loop
      vertex -4.01915 -2.32046 1.11919
      vertex -21.4257 7.88957 1.50727
      vertex -3.88029 -2.24029 1.50727
    endloop
  endfacet
  facet normal 0.470776 0.815407 -0.33687
    outer loop
      vertex -21.4257 7.88957 1.50727
      vertex -4.01915 -2.32046 1.11919
      vertex -21.4951 7.76931 1.11919
    endloop
  endfacet
  facet normal -0.470759 -0.815381 0.336958
    outer loop
      vertex 0 4.48058 -1.70727
      vertex -17.476 14.7307 -1.31919
      vertex -17.519 14.6563 -1.5593
    endloop
  endfacet
  facet normal -0.470765 -0.815391 0.336924
    outer loop
      vertex 0 4.48058 -1.70727
      vertex -17.519 14.6563 -1.5593
      vertex -17.5454 14.6104 -1.70727
    endloop
  endfacet
  facet normal -0.470775 -0.815406 0.336874
    outer loop
      vertex -17.476 14.7307 -1.31919
      vertex 0 4.48058 -1.70727
      vertex 0 4.64091 -1.31919
    endloop
  endfacet
  facet normal -0.451607 -0.782269 -0.429076
    outer loop
      vertex -17.5454 14.6104 1.50727
      vertex 0 4.29569 1.84581
      vertex -17.5492 14.6039 1.52312
    endloop
  endfacet
  facet normal -0.451993 -0.782876 -0.42756
    outer loop
      vertex 0 4.29569 1.84581
      vertex -17.5454 14.6104 1.50727
      vertex 0 4.48058 1.50727
    endloop
  endfacet
  facet normal -0.470765 -0.815391 -0.336924
    outer loop
      vertex -17.519 14.6563 1.3593
      vertex 0 4.48058 1.50727
      vertex -17.5454 14.6104 1.50727
    endloop
  endfacet
  facet normal -0.470759 -0.815381 -0.336958
    outer loop
      vertex -17.476 14.7307 1.11919
      vertex 0 4.48058 1.50727
      vertex -17.519 14.6563 1.3593
    endloop
  endfacet
  facet normal -0.470775 -0.815406 -0.336874
    outer loop
      vertex 0 4.48058 1.50727
      vertex -17.476 14.7307 1.11919
      vertex 0 4.64091 1.11919
    endloop
  endfacet
  facet normal 0.451998 0.782883 0.427541
    outer loop
      vertex -21.3376 8.04218 -2.07987
      vertex -3.88029 -2.24029 -1.70727
      vertex -3.70407 -2.13855 -2.07987
    endloop
  endfacet
  facet normal 0.452001 0.782888 0.42753
    outer loop
      vertex -3.88029 -2.24029 -1.70727
      vertex -21.3376 8.04218 -2.07987
      vertex -21.4257 7.88957 -1.70727
    endloop
  endfacet
  facet normal 0.257187 0.445461 0.857566
    outer loop
      vertex -20.4755 9.53539 -3.80407
      vertex -1.99721 -1.15309 -3.79367
      vertex -1.97987 -1.14308 -3.80407
    endloop
  endfacet
  facet normal 0.257062 0.445244 0.857716
    outer loop
      vertex -1.99721 -1.15309 -3.79367
      vertex -20.4755 9.53539 -3.80407
      vertex -20.6447 9.24225 -3.60119
    endloop
  endfacet
  facet normal 0.121491 0.210429 0.970031
    outer loop
      vertex -19.8953 10.5404 -4.2193
      vertex -1.2192 -0.703902 -4.11915
      vertex -0.819379 -0.473069 -4.2193
    endloop
  endfacet
  facet normal 0.12148 0.210411 0.970036
    outer loop
      vertex -1.2192 -0.703902 -4.11915
      vertex -19.8953 10.5404 -4.2193
      vertex -20.0952 10.1941 -4.11915
    endloop
  endfacet
  facet normal -0.257563 -0.446112 0.857115
    outer loop
      vertex -18.3264 13.2578 -3.60119
      vertex 0 2.69437 -3.59217
      vertex -18.3189 13.2708 -3.59217
    endloop
  endfacet
  facet normal -0.257053 -0.445226 0.857728
    outer loop
      vertex 0 2.69437 -3.59217
      vertex -18.3264 13.2578 -3.60119
      vertex 0 2.30618 -3.79367
    endloop
  endfacet
  facet normal -0.257053 -0.445226 -0.857728
    outer loop
      vertex -18.3264 13.2578 3.40119
      vertex 0 2.69437 3.39217
      vertex 0 2.30618 3.59367
    endloop
  endfacet
  facet normal -0.257563 -0.446112 -0.857115
    outer loop
      vertex 0 2.69437 3.39217
      vertex -18.3264 13.2578 3.40119
      vertex -18.3189 13.2708 3.39217
    endloop
  endfacet
  facet normal -0.121493 -0.210432 -0.97003
    outer loop
      vertex -19.0759 11.9596 4.0193
      vertex 0 1.4078 3.91915
      vertex 0 0.946137 4.0193
    endloop
  endfacet
  facet normal -0.12142 -0.210304 -0.970067
    outer loop
      vertex 0 1.4078 3.91915
      vertex -18.9213 12.2273 3.94186
      vertex -18.876 12.3059 3.91915
    endloop
  endfacet
  facet normal -0.121498 -0.210442 -0.970027
    outer loop
      vertex 0 1.4078 3.91915
      vertex -19.0759 11.9596 4.0193
      vertex -18.9213 12.2273 3.94186
    endloop
  endfacet
  facet normal 0.257187 0.445461 -0.857566
    outer loop
      vertex -1.99721 -1.15309 3.59367
      vertex -20.4755 9.53539 3.60407
      vertex -1.97987 -1.14308 3.60407
    endloop
  endfacet
  facet normal 0.257062 0.445244 -0.857716
    outer loop
      vertex -20.4755 9.53539 3.60407
      vertex -1.99721 -1.15309 3.59367
      vertex -20.6447 9.24225 3.40119
    endloop
  endfacet
  facet normal 0.370475 0.641682 -0.67156
    outer loop
      vertex -3.22471 -1.86179 2.58865
      vertex -20.9705 8.67804 2.86985
      vertex -2.96985 -1.71464 2.86985
    endloop
  endfacet
  facet normal 0.370462 0.64166 -0.671589
    outer loop
      vertex -20.9705 8.67804 2.86985
      vertex -3.22471 -1.86179 2.58865
      vertex -20.9764 8.66784 2.85685
    endloop
  endfacet
  facet normal -0.297947 -0.516067 -0.803058
    outer loop
      vertex -18.3118 13.283 3.38172
      vertex 0 3.07664 3.14664
      vertex 0 3.05182 3.16259
    endloop
  endfacet
  facet normal -0.297847 -0.515885 -0.803212
    outer loop
      vertex 0 3.07664 3.14664
      vertex -18.3118 13.283 3.38172
      vertex -18.1533 13.5575 3.14664
    endloop
  endfacet
  facet normal 0.401602 0.695596 -0.595702
    outer loop
      vertex -3.49217 -2.01621 2.23339
      vertex -21.1089 8.43832 2.56445
      vertex -3.24664 -1.87445 2.56445
    endloop
  endfacet
  facet normal 0.401596 0.695586 -0.595718
    outer loop
      vertex -21.1089 8.43832 2.56445
      vertex -3.49217 -2.01621 2.23339
      vertex -21.2317 8.22569 2.23339
    endloop
  endfacet
  facet normal 0.16845 0.291766 -0.94154
    outer loop
      vertex -1.60727 -0.927957 3.78029
      vertex -20.0952 10.1941 3.91915
      vertex -1.2192 -0.703902 3.91915
    endloop
  endfacet
  facet normal 0.168471 0.291801 -0.941525
    outer loop
      vertex -20.0952 10.1941 3.91915
      vertex -1.60727 -0.927957 3.78029
      vertex -20.2892 9.85806 3.78029
    endloop
  endfacet
  facet normal -0.335231 -0.580632 0.741948
    outer loop
      vertex -18.0071 13.8107 -3.08163
      vertex 0 3.42928 -3.06985
      vertex -18.0006 13.822 -3.06985
    endloop
  endfacet
  facet normal -0.335782 -0.581591 0.740947
    outer loop
      vertex 0 3.42928 -3.06985
      vertex -18.0071 13.8107 -3.08163
      vertex 0 3.0999 -3.32839
    endloop
  endfacet
  facet normal -0.0245312 -0.0424893 0.998796
    outer loop
      vertex 0 0 -4.3
      vertex -19.2885 11.5913 -4.28064
      vertex -19.4856 11.25 -4.3
    endloop
  endfacet
  facet normal 0.428859 0.742808 0.514116
    outer loop
      vertex -21.2317 8.22569 -2.43339
      vertex -3.70407 -2.13855 -2.07987
      vertex -3.49217 -2.01621 -2.43339
    endloop
  endfacet
  facet normal 0.428874 0.742831 0.514072
    outer loop
      vertex -3.70407 -2.13855 -2.07987
      vertex -21.2317 8.22569 -2.43339
      vertex -21.3376 8.04218 -2.07987
    endloop
  endfacet
  facet normal 0.297976 0.516098 0.803027
    outer loop
      vertex -20.6593 9.21702 -3.58172
      vertex -2.66445 -1.53832 -3.34664
      vertex -2.64296 -1.52591 -3.36259
    endloop
  endfacet
  facet normal 0.297756 0.515737 0.803341
    outer loop
      vertex -20.6947 9.15579 -3.52929
      vertex -2.66445 -1.53832 -3.34664
      vertex -20.6593 9.21702 -3.58172
    endloop
  endfacet
  facet normal 0.297871 0.515928 0.803175
    outer loop
      vertex -2.66445 -1.53832 -3.34664
      vertex -20.6947 9.15579 -3.52929
      vertex -20.8178 8.94252 -3.34664
    endloop
  endfacet
  facet normal -0.168429 -0.291728 0.941555
    outer loop
      vertex -18.7627 12.502 -4.03809
      vertex 0 1.85591 -3.98029
      vertex -18.6819 12.6419 -3.98029
    endloop
  endfacet
  facet normal -0.16849 -0.291836 0.941511
    outer loop
      vertex -18.876 12.3059 -4.11915
      vertex 0 1.85591 -3.98029
      vertex -18.7627 12.502 -4.03809
    endloop
  endfacet
  facet normal -0.16845 -0.291764 0.94154
    outer loop
      vertex 0 1.85591 -3.98029
      vertex -18.876 12.3059 -4.11915
      vertex 0 1.4078 -4.11915
    endloop
  endfacet
  facet normal -0.297847 -0.515885 0.803212
    outer loop
      vertex -18.3118 13.283 -3.58172
      vertex 0 3.07664 -3.34664
      vertex -18.1533 13.5575 -3.34664
    endloop
  endfacet
  facet normal -0.297947 -0.516067 0.803058
    outer loop
      vertex 0 3.07664 -3.34664
      vertex -18.3118 13.283 -3.58172
      vertex 0 3.05182 -3.36259
    endloop
  endfacet
  facet normal -0.213784 -0.370285 0.903983
    outer loop
      vertex -18.674 12.6557 -3.97279
      vertex 0 2.28615 -3.80407
      vertex -18.4956 12.9646 -3.80407
    endloop
  endfacet
  facet normal -0.213678 -0.370092 0.904087
    outer loop
      vertex 0 2.28615 -3.80407
      vertex -18.674 12.6557 -3.97279
      vertex 0 2.26541 -3.81256
    endloop
  endfacet
  facet normal 0.297844 0.515882 -0.803215
    outer loop
      vertex -2.64296 -1.52591 3.16259
      vertex -20.6523 9.22922 3.39217
      vertex -2.33339 -1.34719 3.39217
    endloop
  endfacet
  facet normal 0.2982 0.516467 -0.802707
    outer loop
      vertex -20.6523 9.22922 3.39217
      vertex -2.64296 -1.52591 3.16259
      vertex -20.6593 9.21702 3.38172
    endloop
  endfacet
  facet normal -0.402364 -0.696911 0.593648
    outer loop
      vertex 0 3.7489 -2.76445
      vertex -17.857 14.0707 -2.75036
      vertex -17.8622 14.0617 -2.76445
    endloop
  endfacet
  facet normal -0.401604 -0.695599 0.595699
    outer loop
      vertex -17.857 14.0707 -2.75036
      vertex 0 3.7489 -2.76445
      vertex 0 4.00823 -2.46163
    endloop
  endfacet
  facet normal -0.370484 -0.641694 0.671543
    outer loop
      vertex -18.0006 13.822 -3.06985
      vertex 0 3.7489 -2.76445
      vertex -17.8622 14.0617 -2.76445
    endloop
  endfacet
  facet normal -0.370477 -0.641681 0.671559
    outer loop
      vertex 0 3.7489 -2.76445
      vertex -18.0006 13.822 -3.06985
      vertex 0 3.42928 -3.06985
    endloop
  endfacet
  facet normal 0.21377 0.370261 0.903996
    outer loop
      vertex -20.2892 9.85806 -3.98029
      vertex -1.97987 -1.14308 -3.80407
      vertex -1.60727 -0.927957 -3.98029
    endloop
  endfacet
  facet normal 0.213776 0.37027 0.903991
    outer loop
      vertex -1.97987 -1.14308 -3.80407
      vertex -20.2892 9.85806 -3.98029
      vertex -20.4755 9.53539 -3.80407
    endloop
  endfacet
  facet normal -0.499399 -0.864984 0.0490225
    outer loop
      vertex 0 4.82639 -0.511671
      vertex -17.3856 14.8873 -0.0999994
      vertex -17.3957 14.8698 -0.511671
    endloop
  endfacet
  facet normal -0.499397 -0.864983 0.0490618
    outer loop
      vertex -17.3856 14.8873 -0.0999994
      vertex 0 4.82639 -0.511671
      vertex 0 4.84974 -0.0999994
    endloop
  endfacet
  facet normal -0.335782 -0.581591 -0.740947
    outer loop
      vertex -18.0071 13.8107 2.88163
      vertex 0 3.42928 2.86985
      vertex 0 3.0999 3.12839
    endloop
  endfacet
  facet normal -0.335231 -0.580632 -0.741948
    outer loop
      vertex 0 3.42928 2.86985
      vertex -18.0071 13.8107 2.88163
      vertex -18.0006 13.822 2.86985
    endloop
  endfacet
  facet normal -0.0244532 -0.0423541 0.998803
    outer loop
      vertex -19.2885 11.5913 -4.28064
      vertex 0 0.475357 -4.27978
      vertex -19.2797 11.6065 -4.27978
    endloop
  endfacet
  facet normal -0.0245287 -0.0424852 0.998796
    outer loop
      vertex 0 0.475357 -4.27978
      vertex -19.2885 11.5913 -4.28064
      vertex 0 0 -4.3
    endloop
  endfacet
  facet normal -0.257033 -0.445193 0.857751
    outer loop
      vertex -18.4956 12.9646 -3.80407
      vertex 0 2.30618 -3.79367
      vertex -18.3264 13.2578 -3.60119
    endloop
  endfacet
  facet normal -0.257105 -0.445318 0.857665
    outer loop
      vertex 0 2.30618 -3.79367
      vertex -18.4956 12.9646 -3.80407
      vertex 0 2.28615 -3.80407
    endloop
  endfacet
  facet normal -0.499399 -0.864984 -0.0490226
    outer loop
      vertex -17.3856 14.8873 -0.0999994
      vertex 0 4.82639 0.311671
      vertex -17.3957 14.8698 0.311671
    endloop
  endfacet
  facet normal -0.499397 -0.864983 -0.0490619
    outer loop
      vertex 0 4.82639 0.311671
      vertex -17.3856 14.8873 -0.0999994
      vertex 0 4.84974 -0.0999994
    endloop
  endfacet
  facet normal -0.213678 -0.370092 -0.904087
    outer loop
      vertex -18.674 12.6557 3.77279
      vertex 0 2.28615 3.60407
      vertex 0 2.26541 3.61256
    endloop
  endfacet
  facet normal -0.213784 -0.370285 -0.903983
    outer loop
      vertex 0 2.28615 3.60407
      vertex -18.674 12.6557 3.77279
      vertex -18.4956 12.9646 3.60407
    endloop
  endfacet
  facet normal -0.213776 -0.370272 -0.90399
    outer loop
      vertex -18.6819 12.6419 3.78029
      vertex 0 2.26541 3.61256
      vertex 0 1.85591 3.78029
    endloop
  endfacet
  facet normal -0.213313 -0.369431 -0.904443
    outer loop
      vertex 0 2.26541 3.61256
      vertex -18.6819 12.6419 3.78029
      vertex -18.674 12.6557 3.77279
    endloop
  endfacet
  facet normal -0.370477 -0.641681 -0.671559
    outer loop
      vertex -18.0006 13.822 2.86985
      vertex 0 3.7489 2.56445
      vertex 0 3.42928 2.86985
    endloop
  endfacet
  facet normal -0.370484 -0.641694 -0.671543
    outer loop
      vertex 0 3.7489 2.56445
      vertex -18.0006 13.822 2.86985
      vertex -17.8622 14.0617 2.56445
    endloop
  endfacet
  facet normal 0.0733679 0.127077 0.989176
    outer loop
      vertex -19.6914 10.8935 -4.27978
      vertex -0.819379 -0.473069 -4.2193
      vertex -0.411672 -0.237678 -4.27978
    endloop
  endfacet
  facet normal 0.0733615 0.127066 0.989178
    outer loop
      vertex -0.819379 -0.473069 -4.2193
      vertex -19.6914 10.8935 -4.27978
      vertex -19.8953 10.5404 -4.2193
    endloop
  endfacet
  facet normal 0.024529 0.0424851 0.998796
    outer loop
      vertex -19.6826 10.9087 -4.28064
      vertex -0.411672 -0.237678 -4.27978
      vertex 0 0 -4.3
    endloop
  endfacet
  facet normal 0.0244532 0.0423541 0.998803
    outer loop
      vertex -0.411672 -0.237678 -4.27978
      vertex -19.6826 10.9087 -4.28064
      vertex -19.6914 10.8935 -4.27978
    endloop
  endfacet
  facet normal -0.213313 -0.369431 0.904443
    outer loop
      vertex -18.6819 12.6419 -3.98029
      vertex 0 2.26541 -3.81256
      vertex -18.674 12.6557 -3.97279
    endloop
  endfacet
  facet normal -0.213776 -0.370272 0.90399
    outer loop
      vertex 0 2.26541 -3.81256
      vertex -18.6819 12.6419 -3.98029
      vertex 0 1.85591 -3.98029
    endloop
  endfacet
  facet normal 0.335779 0.581586 -0.740952
    outer loop
      vertex -2.96985 -1.71464 2.86985
      vertex -20.964 8.68929 2.88163
      vertex -2.68459 -1.54995 3.12839
    endloop
  endfacet
  facet normal 0.335842 0.581696 -0.740837
    outer loop
      vertex -20.964 8.68929 2.88163
      vertex -2.96985 -1.71464 2.86985
      vertex -20.9705 8.67804 2.86985
    endloop
  endfacet
  facet normal 0.16845 0.291766 0.94154
    outer loop
      vertex -20.0952 10.1941 -4.11915
      vertex -1.60727 -0.927957 -3.98029
      vertex -1.2192 -0.703902 -4.11915
    endloop
  endfacet
  facet normal 0.168471 0.291801 0.941525
    outer loop
      vertex -1.60727 -0.927957 -3.98029
      vertex -20.0952 10.1941 -4.11915
      vertex -20.2892 9.85806 -3.98029
    endloop
  endfacet
endsolid OpenSCAD_Model
